frame_id,session,dose_index,frame_success_minus_zero,tp_minus_zero,fp_minus_zero,fn_minus_zero,best_iou_minus_zero,best_confidence_minus_zero
land_pad2__2050.jpg,land_pad2,1,0,0,29,0,0.0170086723047006,-0.050934016704559326
land_pad2__2075.jpg,land_pad2,1,0,0,0,0,0.003625722804887377,-0.09882587194442749
land_pad2__2100.jpg,land_pad2,1,0,0,22,0,0.04203131333317445,-0.06810778379440308
land_pad2__2125.jpg,land_pad2,1,0,0,13,0,0.020316855491898322,-0.10254430770874023
land_pad2__2150.jpg,land_pad2,1,0,0,12,0,-0.030491272217251675,-0.04858660697937012
land_pad2__2175.jpg,land_pad2,1,0,0,9,0,-0.06509023625259025,-0.07142573595046997
land_pad2__2200.jpg,land_pad2,1,0,0,34,0,0.0011184287648944302,-0.062369704246520996
land_pad2__2225.jpg,land_pad2,1,0,0,29,0,0.006567645042866221,-0.09731340408325195
land_pad2__2250.jpg,land_pad2,1,0,0,17,0,0.012222604771670142,-0.10461527109146118
land_pad2__2275.jpg,land_pad2,1,0,0,31,0,0.009643745902397582,-0.09716826677322388
land_pad2__2300.jpg,land_pad2,1,0,0,25,0,0.009651787711866588,-0.11154294013977051
land_pad2__2325.jpg,land_pad2,1,0,0,43,0,-0.002147349725336145,-0.179756760597229
land_pad2__2350.jpg,land_pad2,1,0,0,37,0,0.020219077156309107,-0.22007513046264648
land_pad2__2375.jpg,land_pad2,1,0,0,17,0,-0.026832796740959508,-0.27911674976348877
land_pad2__2400.jpg,land_pad2,1,0,0,26,0,0.02096758785510411,-0.13123124837875366
land_pad2__2425.jpg,land_pad2,1,0,0,19,0,0.004733585276124663,-0.14776724576950073
land_pad2__2450.jpg,land_pad2,1,0,0,21,0,0.021358887899039836,-0.3521920442581177
land_pad2__2475.jpg,land_pad2,1,0,0,0,0,-0.08154771743900491,-0.8850495740771294
land_pad2__2500.jpg,land_pad2,1,0,0,-17,0,-0.026702410024494583,-0.8612423092126846
land_pad2__2525.jpg,land_pad2,1,0,0,-15,0,0.015053982265624932,-0.8605713397264481
land_pad__6500.jpg,land_pad,1,0,0,-1,0,0.02206421684491311,0.0012461189180612564
land_pad__6525.jpg,land_pad,1,0,0,-1,0,0.0017663784241496172,0.004314734600484371
land_pad__6550.jpg,land_pad,1,0,0,1,0,-0.047183470154238405,0.0010231172200292349
land_pad__6575.jpg,land_pad,1,0,0,-2,0,-0.1852270983434955,0.0011790499556809664
land_pad__6600.jpg,land_pad,1,-1,-1,1,1,-0.216486066134774,-0.00016468577086925507
land_pad__6625.jpg,land_pad,1,0,0,-1,0,0.025971355208763924,0.0012617396423593163
land_pad__6650.jpg,land_pad,1,0,0,-2,0,-0.02528255188448003,-0.0022689360193908215
land_pad__6675.jpg,land_pad,1,0,0,0,0,0.02058631503186925,-0.00497115682810545
land_pad__6700.jpg,land_pad,1,0,0,0,0,0.012719655230842397,-0.0023449044674634933
land_pad__6725.jpg,land_pad,1,0,0,0,0,0.0002999324376515844,-0.0023999172262847424
land_pad__6750.jpg,land_pad,1,0,0,0,0,0.04114015582734015,-0.0018523689359426498
land_pad__6775.jpg,land_pad,1,0,0,0,0,0.0012491264771077315,-0.0006030295044183731
land_pad__6800.jpg,land_pad,1,0,0,0,0,0.0465368616524634,0.007212460972368717
land_pad__6825.jpg,land_pad,1,0,0,2,0,0.09066508950360957,0.002478037029504776
land_pad__6850.jpg,land_pad,1,0,0,0,0,0.01010713605064284,-0.0006349873729050159
land_pad__7450.jpg,land_pad,1,0,0,0,0,-0.03271440357572042,0.004744723439216614
land_pad__7475.jpg,land_pad,1,0,0,-1,0,-0.0024915952046620227,-0.005275100469589233
land_pad__7500.jpg,land_pad,1,0,0,-1,0,-0.0052201096911551614,0.00017765304073691368
land_pad__7525.jpg,land_pad,1,0,0,0,0,-0.003162452468951915,-9.915581904351711e-05
land_pad__7550.jpg,land_pad,1,0,0,0,0,-0.0012121920371955808,-0.02409035712480545
land_pad__7575.jpg,land_pad,1,0,0,0,0,-0.01934760732725216,-0.000403035432100296
land_pad__7600.jpg,land_pad,1,0,0,0,0,-0.031639313227338095,-0.0011076759546995163
land_pad__7625.jpg,land_pad,1,0,0,0,0,0.007561855379916105,-0.00808771327137947
land_pad__7650.jpg,land_pad,1,0,0,0,0,0.006308220566135558,3.847992047667503e-06
land_pad__7675.jpg,land_pad,1,0,0,0,0,-0.008086066485417986,7.381150498986244e-05
land_pad__7700.jpg,land_pad,1,0,0,0,0,-0.005915318113896395,-0.003206949681043625
land_pad__7725.jpg,land_pad,1,0,0,0,0,0.009735566445485011,0.0286959707736969
land_pad__7750.jpg,land_pad,1,0,0,0,0,0.010051153721072625,0.0003197062760591507
land_pad__7775.jpg,land_pad,1,0,0,0,0,-0.023381517456779355,-0.007070022635161877
land_pad__7800.jpg,land_pad,1,0,0,0,0,-0.0012254918833899953,0.0002836529165506363
land_pad__7825.jpg,land_pad,1,0,0,0,0,0.02099317992914762,-0.00010690093040466309
land_pad__7850.jpg,land_pad,1,0,0,0,0,-0.005975656055113465,0.004627987742424011
land_pad__7875.jpg,land_pad,1,0,0,0,0,-0.008287965741705872,-0.015218712389469147
land_pad__7900.jpg,land_pad,1,0,0,0,0,-0.002348273429798653,0.008865535259246826
land_pad__7925.jpg,land_pad,1,0,0,0,0,0.0012765913176479016,-0.009117737412452698
land_pad__7950.jpg,land_pad,1,0,0,0,0,0.004673992495241808,0.0012622885406017303
land_pad__7975.jpg,land_pad,1,0,0,0,0,-0.009451620208436373,-0.0033655986189842224
land_pad__8000.jpg,land_pad,1,0,0,0,0,0.007560720500817852,0.008269686251878738
land_pad__8025.jpg,land_pad,1,0,0,0,0,-0.011899303116669757,0.012829452753067017
land_pad__8050.jpg,land_pad,1,0,0,-4,0,0.00019566254288283513,0.001666240394115448
land_pad__8075.jpg,land_pad,1,0,0,0,0,0.0069296764728122295,-0.006398707628250122
land_pad__8100.jpg,land_pad,1,0,0,1,0,-0.0016347551466852073,0.006867393851280212
land_pad__8125.jpg,land_pad,1,0,0,1,0,-0.0024421309926540014,-0.0003821328282356262
land_pad__8150.jpg,land_pad,1,0,0,0,0,0.0028978749878693644,0.001270577311515808
land_pad__8175.jpg,land_pad,1,0,0,0,0,0.0016157270389658973,0.0020850282162427902
land_pad__8200.jpg,land_pad,1,0,0,-1,0,0.00020175544794248657,0.00020725373178720474
land_pad__8225.jpg,land_pad,1,1,1,-1,-1,0.0039918880354037345,-0.003424324095249176
land_pad__8250.jpg,land_pad,1,0,0,0,0,-0.008340431525845293,0.0025504454970359802
land_pad__8275.jpg,land_pad,1,0,0,-1,0,-0.00034115589181410444,0.004811204969882965
land_pad__8300.jpg,land_pad,1,0,0,0,0,-0.010782841350766348,0.025712937116622925
land_pad__8325.jpg,land_pad,1,0,0,0,0,-0.006222270901279747,-0.005437515676021576
land_pad__8350.jpg,land_pad,1,-1,-1,1,1,-0.013978220481294323,-0.5212524998933077
land_pad__8375.jpg,land_pad,1,0,0,-2,0,-0.0027910506051239126,-0.02006259560585022
land_pad__8400.jpg,land_pad,1,0,0,0,0,0.10692434617280999,0.007056035101413727
land_pad__8425.jpg,land_pad,1,0,0,0,0,0.01880919316856322,-0.0474025160074234
land_pad__8450.jpg,land_pad,1,0,0,0,0,-0.0805591038691803,0.03310614824295044
land_pad__8475.jpg,land_pad,1,0,0,1,0,-0.022906875554406403,-0.04398375749588013
land_pad__8500.jpg,land_pad,1,0,0,-2,0,-0.01445900327623173,0.07781442999839783
land_pad__8525.jpg,land_pad,1,0,0,-2,0,0.0041918103364377846,0.054920196533203125
land_pad__8550.jpg,land_pad,1,0,0,0,0,0.05976583879261255,-0.09025442600250244
land_pad__8575.jpg,land_pad,1,0,0,1,0,-0.11142889685417989,0.062079817056655884
land_pad__8600.jpg,land_pad,1,0,0,-4,0,-0.016536392713239367,-0.08791875839233398
land_pad__8625.jpg,land_pad,1,0,0,0,0,0.009273862033248648,-0.018391117453575134
land_pad__8650.jpg,land_pad,1,0,0,1,0,-0.054902131976222734,0.03034389019012451
land_pad__8675.jpg,land_pad,1,0,0,-1,0,0.017243423400714275,-0.011856868863105774
land_pad__8700.jpg,land_pad,1,0,0,-2,0,0.007219201687535204,-0.0019361618906259537
land_pad2__2050.jpg,land_pad2,2,0,0,32,0,0.02285443613047633,-0.18755394220352173
land_pad2__2075.jpg,land_pad2,2,0,0,13,0,-0.012216428473607821,-0.23851114511489868
land_pad2__2100.jpg,land_pad2,2,0,0,30,0,0.031338826802644104,-0.21425020694732666
land_pad2__2125.jpg,land_pad2,2,0,0,35,0,0.014113373567297582,-0.24155229330062866
land_pad2__2150.jpg,land_pad2,2,0,0,31,0,-0.0739465961158926,-0.37788301706314087
land_pad2__2175.jpg,land_pad2,2,0,0,13,0,-0.09031939830380564,-0.23398751020431519
land_pad2__2200.jpg,land_pad2,2,0,0,43,0,0.0012674899458825495,-0.22972536087036133
land_pad2__2225.jpg,land_pad2,2,0,0,44,0,0.04045527322958353,-0.29288268089294434
land_pad2__2250.jpg,land_pad2,2,0,0,33,0,0.02674440626665764,-0.3035156726837158
land_pad2__2275.jpg,land_pad2,2,0,0,36,0,0.005707465263448008,-0.23686760663986206
land_pad2__2300.jpg,land_pad2,2,0,0,52,0,0.01543300466122921,-0.4016845226287842
land_pad2__2325.jpg,land_pad2,2,0,0,60,0,0.01254099632793837,-0.5210191607475281
land_pad2__2350.jpg,land_pad2,2,0,0,47,0,0.017292851154857458,-0.3318992853164673
land_pad2__2375.jpg,land_pad2,2,0,0,32,0,-0.018169376871863818,-0.6659983545541763
land_pad2__2400.jpg,land_pad2,2,0,0,35,0,0.014194719962848934,-0.6612230241298676
land_pad2__2425.jpg,land_pad2,2,0,0,19,0,0.01654138744550593,-0.5130901336669922
land_pad2__2450.jpg,land_pad2,2,0,0,21,0,-0.06442740046317241,-0.9229348488152027
land_pad2__2475.jpg,land_pad2,2,0,0,0,0,-0.0004093859981143533,-0.9498497936874628
land_pad2__2500.jpg,land_pad2,2,0,0,-3,0,-0.15540978281286433,-0.9509648773819208
land_pad2__2525.jpg,land_pad2,2,0,0,14,0,-0.02921525747606324,-0.9189426968805492
land_pad__6500.jpg,land_pad,2,0,0,1,0,0.018325649801312016,0.0007768215145915747
land_pad__6525.jpg,land_pad,2,0,0,2,0,0.0020982684342841784,0.0012203836813569069
land_pad__6550.jpg,land_pad,2,0,0,0,0,-0.07539509904104102,-0.00038020755164325237
land_pad__6575.jpg,land_pad,2,0,0,-4,0,-0.2575036851055813,0.0013476766180247068
land_pad__6600.jpg,land_pad,2,-1,-1,4,1,-0.21214772534305937,-0.0003084009513258934
land_pad__6625.jpg,land_pad,2,0,0,-3,0,0.05791073835482308,0.00046422320883721113
land_pad__6650.jpg,land_pad,2,-1,-1,0,1,-0.14274583653531153,-0.004252862185239792
land_pad__6675.jpg,land_pad,2,0,0,-1,0,0.026387774116853446,-0.01097165746614337
land_pad__6700.jpg,land_pad,2,-1,-1,1,1,-0.09796488105672019,-0.00807134248316288
land_pad__6725.jpg,land_pad,2,-1,-1,1,1,-0.049786766230012935,-0.004694011528044939
land_pad__6750.jpg,land_pad,2,1,1,-2,-1,0.11668843527153888,-0.003130330704152584
land_pad__6775.jpg,land_pad,2,0,0,0,0,0.05089707946278843,-0.0054525225423276424
land_pad__6800.jpg,land_pad,2,0,0,1,0,0.09933919056784946,0.00839995313435793
land_pad__6825.jpg,land_pad,2,0,0,1,0,0.031932955078538106,-0.0016730045899748802
land_pad__6850.jpg,land_pad,2,0,0,0,0,-0.0035249436648607524,-0.0015009131748229265
land_pad__7450.jpg,land_pad,2,0,0,1,0,-0.019159527612919725,0.009402858093380928
land_pad__7475.jpg,land_pad,2,0,0,-1,0,-0.01065640369346299,-0.012470059096813202
land_pad__7500.jpg,land_pad,2,0,0,-2,0,-0.014959551021637596,0.0003349140752106905
land_pad__7525.jpg,land_pad,2,0,0,0,0,0.0028857456112260094,5.5081211030483246e-05
land_pad__7550.jpg,land_pad,2,0,0,-1,0,0.0009792060005298087,-0.007627949118614197
land_pad__7575.jpg,land_pad,2,0,0,0,0,-0.029327585192207573,-0.0003536059521138668
land_pad__7600.jpg,land_pad,2,0,0,0,0,-0.03075275348028228,-0.0009520985186100006
land_pad__7625.jpg,land_pad,2,0,0,0,0,-9.421618212884786e-05,-0.0077422745525836945
land_pad__7650.jpg,land_pad,2,0,0,0,0,0.0022597731353742323,3.0205585062503815e-05
land_pad__7675.jpg,land_pad,2,0,0,0,0,-0.022250115578457852,-2.4422537535429e-05
land_pad__7700.jpg,land_pad,2,0,0,0,0,0.00998878187347585,-0.010245997458696365
land_pad__7725.jpg,land_pad,2,0,0,0,0,0.00993160334774107,0.05014827847480774
land_pad__7750.jpg,land_pad,2,0,0,0,0,0.009107236523965667,0.00028449157252907753
land_pad__7775.jpg,land_pad,2,0,0,0,0,-0.02769984256549135,-0.008534962311387062
land_pad__7800.jpg,land_pad,2,0,0,0,0,-0.0028077629569453477,0.0025908146053552628
land_pad__7825.jpg,land_pad,2,0,0,0,0,0.017894840042668447,0.024726539850234985
land_pad__7850.jpg,land_pad,2,0,0,0,0,-0.0028401437639970772,0.010892048478126526
land_pad__7875.jpg,land_pad,2,0,0,0,0,-0.008796963923175471,-0.015720762312412262
land_pad__7900.jpg,land_pad,2,0,0,0,0,-0.028036883431868997,0.04074482619762421
land_pad__7925.jpg,land_pad,2,0,0,0,0,-0.03344802126424262,0.09382116794586182
land_pad__7950.jpg,land_pad,2,0,0,0,0,-0.00364664086921368,-9.967759251594543e-05
land_pad__7975.jpg,land_pad,2,0,0,0,0,-0.0019008798453699072,-0.005053915083408356
land_pad__8000.jpg,land_pad,2,0,0,0,0,0.015897414266404786,0.01001906767487526
land_pad__8025.jpg,land_pad,2,0,0,0,0,-0.022925976399905013,0.02146974205970764
land_pad__8050.jpg,land_pad,2,0,0,-2,0,0.006859503986795801,0.00033230334520339966
land_pad__8075.jpg,land_pad,2,0,0,0,0,0.002493287438122105,-0.19156545540317893
land_pad__8100.jpg,land_pad,2,0,0,0,0,0.0010034975719027672,0.005897305905818939
land_pad__8125.jpg,land_pad,2,0,0,2,0,0.0018171883857630577,-0.008315682411193848
land_pad__8150.jpg,land_pad,2,0,0,0,0,0.011227844984688873,0.0035682544112205505
land_pad__8175.jpg,land_pad,2,0,0,0,0,0.0015710927409740005,-0.00015139766037464142
land_pad__8200.jpg,land_pad,2,0,0,1,0,0.007137158007810174,0.0007413551211357117
land_pad__8225.jpg,land_pad,2,0,0,2,0,-0.006968213593839256,-0.0011468157172203064
land_pad__8250.jpg,land_pad,2,0,0,2,0,-0.009504790851410871,0.0020416267216205597
land_pad__8275.jpg,land_pad,2,0,0,0,0,0.00205070000464469,0.002125263214111328
land_pad__8300.jpg,land_pad,2,0,0,-1,0,0.014547467472938558,-0.00615614652633667
land_pad__8325.jpg,land_pad,2,0,0,-1,0,-0.0055339369736471244,-0.004383862018585205
land_pad__8350.jpg,land_pad,2,-1,-1,1,1,-0.02748571832658181,-0.5246276361867785
land_pad__8375.jpg,land_pad,2,1,1,-3,-1,0.021901393909656064,-0.0449959859251976
land_pad__8400.jpg,land_pad,2,0,0,0,0,0.09069142861752011,-0.0012233108282089233
land_pad__8425.jpg,land_pad,2,0,0,0,0,0.005747473359081434,-0.0594729483127594
land_pad__8450.jpg,land_pad,2,0,0,0,0,-0.08024413869125357,-0.020910322666168213
land_pad__8475.jpg,land_pad,2,0,0,6,0,-0.11295295914384662,-0.15649816393852234
land_pad__8500.jpg,land_pad,2,0,0,3,0,0.027816918599760432,0.09717217087745667
land_pad__8525.jpg,land_pad,2,0,0,-1,0,0.027614450308992677,-0.44799838960170746
land_pad__8550.jpg,land_pad,2,0,0,0,0,0.0009614422671896383,-0.1544453203678131
land_pad__8575.jpg,land_pad,2,0,0,0,0,-0.08515371008576378,0.020112574100494385
land_pad__8600.jpg,land_pad,2,0,0,-3,0,-0.01783677912120052,-0.11863046884536743
land_pad__8625.jpg,land_pad,2,0,0,1,0,-0.016643868016748553,-0.039836883544921875
land_pad__8650.jpg,land_pad,2,0,0,0,0,-0.025807464510303357,-0.5783878266811371
land_pad__8675.jpg,land_pad,2,0,0,-4,0,-0.010341699517869563,-0.024682044982910156
land_pad__8700.jpg,land_pad,2,0,0,-4,0,0.005241300249451242,-0.0012965481728315353
land_pad2__2050.jpg,land_pad2,3,0,0,52,0,0.08174728550927324,-0.6732781827449799
land_pad2__2075.jpg,land_pad2,3,0,0,22,0,-0.13383182552629325,-0.8822345668449998
land_pad2__2100.jpg,land_pad2,3,0,0,30,0,-0.09619536870318468,-0.8456138223409653
land_pad2__2125.jpg,land_pad2,3,0,0,43,0,-0.24688091094339604,-0.877120902761817
land_pad2__2150.jpg,land_pad2,3,0,0,31,0,-0.06327525634678177,-0.5878068506717682
land_pad2__2175.jpg,land_pad2,3,0,0,28,0,-0.13227189922641636,-0.8907474335283041
land_pad2__2200.jpg,land_pad2,3,0,0,52,0,-0.09994437773760934,-0.8112764805555344
land_pad2__2225.jpg,land_pad2,3,0,0,45,0,-0.02840103712719766,-0.8406532481312752
land_pad2__2250.jpg,land_pad2,3,0,0,45,0,-0.053897964564355916,-0.6591969430446625
land_pad2__2275.jpg,land_pad2,3,0,0,36,0,-0.08160067413573713,-0.5816667675971985
land_pad2__2300.jpg,land_pad2,3,0,0,52,0,0.008299699105833502,-0.7068073153495789
land_pad2__2325.jpg,land_pad2,3,0,0,60,0,-0.021602829802135792,-0.6029317378997803
land_pad2__2350.jpg,land_pad2,3,0,0,59,0,0.0008150029794108393,-0.6454768478870392
land_pad2__2375.jpg,land_pad2,3,0,0,38,0,-0.12294054775996777,-0.7236188054084778
land_pad2__2400.jpg,land_pad2,3,0,0,50,0,-0.09832203923431204,-0.9185182303190231
land_pad2__2425.jpg,land_pad2,3,0,0,19,0,-0.017072461579538456,-0.7935500144958496
land_pad2__2450.jpg,land_pad2,3,0,0,21,0,-0.11696602170200132,-0.9536298662424088
land_pad2__2475.jpg,land_pad2,3,0,0,0,0,-0.12272805835590439,-0.9561157366260886
land_pad2__2500.jpg,land_pad2,3,0,0,24,0,-0.11045925160239622,-0.9628559984266758
land_pad2__2525.jpg,land_pad2,3,0,0,9,0,-0.1353318459777474,-0.9146499680355191
land_pad__6500.jpg,land_pad,3,0,0,-1,0,-0.048432276548581066,0.0009066346101462841
land_pad__6525.jpg,land_pad,3,0,0,1,0,-0.022512439582800803,0.0012994799762964249
land_pad__6550.jpg,land_pad,3,0,0,-1,0,-0.10341984213087974,-0.0005169166252017021
land_pad__6575.jpg,land_pad,3,0,0,-3,0,-0.24850924684582265,0.0008651786483824253
land_pad__6600.jpg,land_pad,3,-1,-1,5,1,-0.22263068213224724,-0.0009185518138110638
land_pad__6625.jpg,land_pad,3,0,0,-1,0,0.05094773809038766,0.000613909331150353
land_pad__6650.jpg,land_pad,3,-1,-1,-3,1,-0.31776575555833264,-0.005804057931527495
land_pad__6675.jpg,land_pad,3,0,0,-1,0,-0.021935644900000106,-0.011880802921950817
land_pad__6700.jpg,land_pad,3,0,0,0,0,-0.0764656103898953,-0.009984242729842663
land_pad__6725.jpg,land_pad,3,-1,-1,3,1,-0.08005565713577906,-0.004917762242257595
land_pad__6750.jpg,land_pad,3,1,1,-2,-1,0.10589821624375323,-0.003923994023352861
land_pad__6775.jpg,land_pad,3,0,0,-1,0,0.039785517061484255,-0.006150850094854832
land_pad__6800.jpg,land_pad,3,0,0,0,0,0.07504046715342044,0.006946336477994919
land_pad__6825.jpg,land_pad,3,0,0,0,0,-0.018107154079839594,-0.00770972017198801
land_pad__6850.jpg,land_pad,3,0,0,0,0,-0.020616203543823902,-0.0018227521795779467
land_pad__7450.jpg,land_pad,3,0,0,1,0,-0.015375036958186317,0.006684107705950737
land_pad__7475.jpg,land_pad,3,0,0,-1,0,-0.016429802715467234,-0.012661997228860855
land_pad__7500.jpg,land_pad,3,0,0,-2,0,-0.011863980481310987,0.00016157422214746475
land_pad__7525.jpg,land_pad,3,0,0,0,0,-0.0040134593664302165,0.00023854384198784828
land_pad__7550.jpg,land_pad,3,0,0,0,0,0.0034926157460966056,-0.0033397451043128967
land_pad__7575.jpg,land_pad,3,0,0,0,0,-0.03031048896173738,-0.00030492665246129036
land_pad__7600.jpg,land_pad,3,0,0,0,0,-0.0362147168829261,-0.00015179626643657684
land_pad__7625.jpg,land_pad,3,0,0,0,0,0.0031895336941947794,-0.008328687399625778
land_pad__7650.jpg,land_pad,3,0,0,0,0,-0.00020219241957519785,2.734595909714699e-06
land_pad__7675.jpg,land_pad,3,0,0,0,0,-0.025013304940775416,0.0003067848738282919
land_pad__7700.jpg,land_pad,3,0,0,0,0,0.021032625690195483,-0.011695776134729385
land_pad__7725.jpg,land_pad,3,0,0,0,0,0.013008730635925725,0.019128471612930298
land_pad__7750.jpg,land_pad,3,0,0,0,0,-0.012261177643888566,-0.0010688486509025097
land_pad__7775.jpg,land_pad,3,0,0,0,0,-0.05205259747908181,-0.010755361523479223
land_pad__7800.jpg,land_pad,3,0,0,0,0,-0.005816178513187831,0.002945536747574806
land_pad__7825.jpg,land_pad,3,0,0,0,0,0.020290631094751155,-0.013876795768737793
land_pad__7850.jpg,land_pad,3,0,0,0,0,-0.022636395641529833,-0.2007013955153525
land_pad__7875.jpg,land_pad,3,0,0,0,0,-0.01575916120086346,-0.023363396525382996
land_pad__7900.jpg,land_pad,3,0,0,0,0,-0.033223852383268415,0.04032951593399048
land_pad__7925.jpg,land_pad,3,0,0,0,0,-0.034782082123003266,0.09822216629981995
land_pad__7950.jpg,land_pad,3,0,0,0,0,-0.011116296764984712,-0.004384081810712814
land_pad__7975.jpg,land_pad,3,0,0,0,0,-0.004152427061989539,0.00369996577501297
land_pad__8000.jpg,land_pad,3,0,0,0,0,0.01457766617308609,0.012209177017211914
land_pad__8025.jpg,land_pad,3,0,0,0,0,-0.023893691251423488,0.016669154167175293
land_pad__8050.jpg,land_pad,3,0,0,-2,0,0.006642974176657601,0.0006821155548095703
land_pad__8075.jpg,land_pad,3,0,0,0,0,0.0030189265965464562,0.017798811197280884
land_pad__8100.jpg,land_pad,3,0,0,-1,0,-0.002788203279343038,-0.005306042730808258
land_pad__8125.jpg,land_pad,3,0,0,3,0,-0.00014648774907832784,-0.008980430662631989
land_pad__8150.jpg,land_pad,3,0,0,-1,0,0.00689301405570053,-0.0030332133173942566
land_pad__8175.jpg,land_pad,3,0,0,0,0,0.00884358047507322,-0.0007348358631134033
land_pad__8200.jpg,land_pad,3,0,0,0,0,0.00304213042419077,0.00020119454711675644
land_pad__8225.jpg,land_pad,3,0,0,2,0,-0.004630515859359197,0.006777964532375336
land_pad__8250.jpg,land_pad,3,0,0,2,0,-0.01578639444089469,0.0013505183160305023
land_pad__8275.jpg,land_pad,3,0,0,0,0,0.0015945246490232656,0.003845576196908951
land_pad__8300.jpg,land_pad,3,0,0,0,0,0.01107255109775196,-0.0066950321197509766
land_pad__8325.jpg,land_pad,3,0,0,0,0,-0.007960164234988076,0.0007104240357875824
land_pad__8350.jpg,land_pad,3,-1,-1,1,1,-0.03769850959872312,-0.5245110420510173
land_pad__8375.jpg,land_pad,3,1,1,0,-1,0.021334900123983425,-0.0654984563589096
land_pad__8400.jpg,land_pad,3,0,0,0,0,0.08149527616432961,-0.00849159061908722
land_pad__8425.jpg,land_pad,3,0,0,0,0,0.009377561327704065,-0.11657674610614777
land_pad__8450.jpg,land_pad,3,0,0,0,0,-0.07886638795122347,-0.153445303440094
land_pad__8475.jpg,land_pad,3,0,0,6,0,-0.23190854847429643,-0.2380591332912445
land_pad__8500.jpg,land_pad,3,0,0,4,0,0.02233064937581508,0.07284316420555115
land_pad__8525.jpg,land_pad,3,0,0,-4,0,0.046709583833155044,-0.4474385231733322
land_pad__8550.jpg,land_pad,3,0,0,0,0,-0.028066450735097503,-0.2180168330669403
land_pad__8575.jpg,land_pad,3,0,0,1,0,-0.1200711530587143,-0.054625511169433594
land_pad__8600.jpg,land_pad,3,0,0,-4,0,-0.05202350080157225,0.0443558394908905
land_pad__8625.jpg,land_pad,3,0,0,0,0,-0.045662969612150994,-0.0462326779961586
land_pad__8650.jpg,land_pad,3,0,0,0,0,-0.023165233079384895,-0.5854859501123428
land_pad__8675.jpg,land_pad,3,0,0,-2,0,-0.03776660268791909,-0.03584513068199158
land_pad__8700.jpg,land_pad,3,0,0,-4,0,-0.09596168330476584,0.22969821654260159
land_pad2__2050.jpg,land_pad2,4,0,0,52,0,-0.02770146480967073,-0.8041801825165749
land_pad2__2075.jpg,land_pad2,4,0,0,24,0,-0.05534146176292187,-0.8089111223816872
land_pad2__2100.jpg,land_pad2,4,0,0,30,0,-0.0644635755505486,-0.9052991233766079
land_pad2__2125.jpg,land_pad2,4,0,0,43,0,-0.14349736012540903,-0.8731222823262215
land_pad2__2150.jpg,land_pad2,4,0,0,31,0,-0.17723186511045264,-0.9148743785917759
land_pad2__2175.jpg,land_pad2,4,0,0,30,0,-0.12319016705237384,-0.8996123615652323
land_pad2__2200.jpg,land_pad2,4,0,0,44,0,-0.18135683338554542,-0.8912471234798431
land_pad2__2225.jpg,land_pad2,4,0,0,44,0,-0.2508251291595599,-0.9182499921880662
land_pad2__2250.jpg,land_pad2,4,0,0,49,0,-0.29721524648435504,-0.8653822299093008
land_pad2__2275.jpg,land_pad2,4,0,0,36,0,-0.086933596414557,-0.817206360399723
land_pad2__2300.jpg,land_pad2,4,0,0,41,0,-0.017797757856716112,-0.8852688809856772
land_pad2__2325.jpg,land_pad2,4,0,0,60,0,-0.026189027929251152,-0.9197017457336187
land_pad2__2350.jpg,land_pad2,4,0,0,59,0,-0.13993409717561778,-0.862992299720645
land_pad2__2375.jpg,land_pad2,4,0,0,38,0,-0.06925221019511929,-0.8297605253756046
land_pad2__2400.jpg,land_pad2,4,0,0,50,0,-0.24601893401912855,-0.9495273875072598
land_pad2__2425.jpg,land_pad2,4,0,0,19,0,-0.0769986525380405,-0.8664902448654175
land_pad2__2450.jpg,land_pad2,4,0,0,21,0,0.011440987846053297,-0.9358167313039303
land_pad2__2475.jpg,land_pad2,4,0,0,0,0,-0.11034881663117035,-0.9563618758693337
land_pad2__2500.jpg,land_pad2,4,0,0,21,0,-0.022995303168637626,-0.9552788436412811
land_pad2__2525.jpg,land_pad2,4,0,0,-5,0,-0.03251686352842276,-0.9141566604375839
land_pad__6500.jpg,land_pad,4,0,0,-1,0,-0.09965029379685164,-0.0007074796594679356
land_pad__6525.jpg,land_pad,4,0,0,-1,0,-0.016107793585098173,-0.0007056761533021927
land_pad__6550.jpg,land_pad,4,0,0,-5,0,0.001409738126741944,-0.0015626312233507633
land_pad__6575.jpg,land_pad,4,0,0,-4,0,-0.247751251691413,0.0005353239830583334
land_pad__6600.jpg,land_pad,4,-1,-1,6,1,-0.21963544047459477,-0.0017059629317373037
land_pad__6625.jpg,land_pad,4,0,0,1,0,-0.022050486586879026,-0.00020087859593331814
land_pad__6650.jpg,land_pad,4,-1,-1,-3,1,-0.43118929701459624,-0.006582261295989156
land_pad__6675.jpg,land_pad,4,0,0,-2,0,0.021440143182651195,-0.013729251455515623
land_pad__6700.jpg,land_pad,4,-1,-1,-1,1,-0.13294869171701545,-0.013725107070058584
land_pad__6725.jpg,land_pad,4,-1,-1,2,1,-0.10235392824871303,-0.005344166420400143
land_pad__6750.jpg,land_pad,4,1,1,-3,-1,0.13030607195787586,-0.004766094032675028
land_pad__6775.jpg,land_pad,4,0,0,-2,0,0.07321313989729028,-0.007526131346821785
land_pad__6800.jpg,land_pad,4,0,0,-1,0,0.041744391640427536,0.004914714954793453
land_pad__6825.jpg,land_pad,4,0,0,1,0,-0.031185953032198066,-0.007968571037054062
land_pad__6850.jpg,land_pad,4,0,0,0,0,-0.06884018034416277,-0.002490427577868104
land_pad__7450.jpg,land_pad,4,0,0,1,0,-0.019914317245832813,0.007365671917796135
land_pad__7475.jpg,land_pad,4,0,0,-1,0,-0.01663216699163106,-0.0135725736618042
land_pad__7500.jpg,land_pad,4,0,0,-2,0,-0.002360168186532452,-0.0002109333872795105
land_pad__7525.jpg,land_pad,4,0,0,0,0,-0.007183960375682363,0.0002884024288505316
land_pad__7550.jpg,land_pad,4,0,0,0,0,0.004791033481983953,0.0005481690168380737
land_pad__7575.jpg,land_pad,4,0,0,0,0,-0.05368710313261993,-0.000716592650860548
land_pad__7600.jpg,land_pad,4,0,0,0,0,-0.02762413637825384,-0.004469284787774086
land_pad__7625.jpg,land_pad,4,0,0,0,0,0.0023660931856323564,-0.006422560662031174
land_pad__7650.jpg,land_pad,4,0,0,0,0,0.0038310150509953678,3.51807102560997e-07
land_pad__7675.jpg,land_pad,4,0,0,0,0,-0.01969187455965632,0.00017908471636474133
land_pad__7700.jpg,land_pad,4,0,0,0,0,0.021032625690195483,-0.011695776134729385
land_pad__7725.jpg,land_pad,4,0,0,0,0,0.013982569236328346,0.021964699029922485
land_pad__7750.jpg,land_pad,4,0,0,0,0,-0.013924205483689278,-0.0010743141174316406
land_pad__7775.jpg,land_pad,4,0,0,0,0,-0.05459358757909649,-0.010771417524665594
land_pad__7800.jpg,land_pad,4,0,0,1,0,-0.012757368213882514,0.0023578014224767685
land_pad__7825.jpg,land_pad,4,0,0,0,0,0.012069158967824511,-0.015750348567962646
land_pad__7850.jpg,land_pad,4,0,0,0,0,-0.01549055415312503,0.004053160548210144
land_pad__7875.jpg,land_pad,4,0,0,0,0,-0.020480142909434396,-0.02528170496225357
land_pad__7900.jpg,land_pad,4,0,0,0,0,-0.017098569673241137,0.026463061571121216
land_pad__7925.jpg,land_pad,4,0,0,0,0,-0.0311400586738666,0.05746230483055115
land_pad__7950.jpg,land_pad,4,0,0,0,0,-0.011116296764984712,-0.004384081810712814
land_pad__7975.jpg,land_pad,4,0,0,0,0,0.017464989418150167,-0.033929243683815
land_pad__8000.jpg,land_pad,4,0,0,0,0,0.012014566580534625,0.016905635595321655
land_pad__8025.jpg,land_pad,4,0,0,0,0,-0.031505311800684055,0.022390902042388916
land_pad__8050.jpg,land_pad,4,0,0,-2,0,0.012885624798596673,-0.0009971968829631805
land_pad__8075.jpg,land_pad,4,0,0,0,0,0.0015324948165773011,-0.19165191939100623
land_pad__8100.jpg,land_pad,4,0,0,0,0,0.01987224967740786,-0.010456778109073639
land_pad__8125.jpg,land_pad,4,0,0,3,0,0.003285958042740844,-0.0037136822938919067
land_pad__8150.jpg,land_pad,4,0,0,-1,0,0.023251971244850345,-0.019934020936489105
land_pad__8175.jpg,land_pad,4,0,0,0,0,0.017026172087908187,0.00041914917528629303
land_pad__8200.jpg,land_pad,4,0,0,0,0,0.0038072642154513003,8.370168507099152e-05
land_pad__8225.jpg,land_pad,4,0,0,2,0,-0.004621415830192932,0.006786830723285675
land_pad__8250.jpg,land_pad,4,0,0,2,0,-0.02011007743443316,0.0010208450257778168
land_pad__8275.jpg,land_pad,4,0,0,0,0,0.023440255246500785,-0.008437350392341614
land_pad__8300.jpg,land_pad,4,0,0,0,0,-0.02723694836277646,-0.013353273272514343
land_pad__8325.jpg,land_pad,4,0,0,0,0,-0.011947002284308339,-0.004209510982036591
land_pad__8350.jpg,land_pad,4,-1,-1,1,1,-0.03563537663917854,-0.5247275019064546
land_pad__8375.jpg,land_pad,4,1,1,0,-1,0.025286347285955135,-0.06407283991575241
land_pad__8400.jpg,land_pad,4,0,0,0,0,-0.015860054257412437,-0.0012695938348770142
land_pad__8425.jpg,land_pad,4,0,0,0,0,0.04424416298444056,-0.1259724423289299
land_pad__8450.jpg,land_pad,4,0,0,0,0,-0.048939937121787236,-0.22001022100448608
land_pad__8475.jpg,land_pad,4,0,0,3,0,-0.2585996243785327,-0.5155658684670925
land_pad__8500.jpg,land_pad,4,0,0,3,0,0.02317819026687884,0.11376360058784485
land_pad__8525.jpg,land_pad,4,0,0,-6,0,0.057121401286156614,-0.4527221769094467
land_pad__8550.jpg,land_pad,4,0,0,0,0,-0.0985014824055701,-0.2960495948791504
land_pad__8575.jpg,land_pad,4,0,0,3,0,-0.17424073610968294,-0.12748420238494873
land_pad__8600.jpg,land_pad,4,0,0,-7,0,-0.03953949406374402,-0.007953077554702759
land_pad__8625.jpg,land_pad,4,0,0,0,0,-0.06427275711489155,-0.0599566325545311
land_pad__8650.jpg,land_pad,4,0,0,1,0,-0.026100066566031366,-0.6055151149630547
land_pad__8675.jpg,land_pad,4,0,0,3,0,-0.05203688373789317,-0.03863253444433212
land_pad__8700.jpg,land_pad,4,0,0,-4,0,-0.01138555466104707,-0.0034697437658905983
land_pad2__2050.jpg,land_pad2,5,0,0,37,0,0.035634311862027035,-0.8125399388372898
land_pad2__2075.jpg,land_pad2,5,0,0,31,0,-0.0740437868484507,-0.8687947578728199
land_pad2__2100.jpg,land_pad2,5,0,0,30,0,-0.038462699739044925,-0.8777355663478374
land_pad2__2125.jpg,land_pad2,5,0,0,13,0,-0.14859769477055118,-0.8897354565560818
land_pad2__2150.jpg,land_pad2,5,0,0,26,0,-0.07519218472857359,-0.9139690389856696
land_pad2__2175.jpg,land_pad2,5,0,0,12,0,-0.2638287041877897,-0.9038863540627062
land_pad2__2200.jpg,land_pad2,5,0,0,21,0,-0.2344842953953955,-0.906178280711174
land_pad2__2225.jpg,land_pad2,5,0,0,52,0,-0.2544635966070783,-0.9240199361229315
land_pad2__2250.jpg,land_pad2,5,0,0,41,0,-0.3147981047135904,-0.8838760233484209
land_pad2__2275.jpg,land_pad2,5,0,0,36,0,-0.15221030695860183,-0.8722226833924651
land_pad2__2300.jpg,land_pad2,5,0,0,35,0,-0.06303384099285991,-0.8345286250114441
land_pad2__2325.jpg,land_pad2,5,0,0,60,0,-0.10535555476366898,-0.9297380400821567
land_pad2__2350.jpg,land_pad2,5,0,0,32,0,-0.10714465140875318,-0.8364456929266453
land_pad2__2375.jpg,land_pad2,5,0,0,38,0,-0.15057092887890078,-0.7258546501398087
land_pad2__2400.jpg,land_pad2,5,0,0,50,0,-0.05119214944450767,-0.947162751108408
land_pad2__2425.jpg,land_pad2,5,0,0,19,0,-0.13434263208570774,-0.9131512772291899
land_pad2__2450.jpg,land_pad2,5,0,0,11,0,-0.010605179697475764,-0.9338856097310781
land_pad2__2475.jpg,land_pad2,5,0,0,-10,0,-0.13496936173122764,-0.9355456605553627
land_pad2__2500.jpg,land_pad2,5,0,0,-10,0,-0.11400633939097427,-0.9661617483943701
land_pad2__2525.jpg,land_pad2,5,0,0,-10,0,-0.14725609757646763,-0.9141864040866494
land_pad__6500.jpg,land_pad,5,0,0,-1,0,-0.06491355032959145,-0.0004641192499548197
land_pad__6525.jpg,land_pad,5,0,0,0,0,-0.0038564364794461126,-0.0015471933875232935
land_pad__6550.jpg,land_pad,5,0,0,-6,0,0.04599237461915384,-0.001767355715855956
land_pad__6575.jpg,land_pad,5,-1,-1,-5,1,-0.2874936901812116,0.0003087946679443121
land_pad__6600.jpg,land_pad,5,-1,-1,6,1,-0.22380980697411945,-0.0019698424730449915
land_pad__6625.jpg,land_pad,5,0,0,-2,0,0.013939918781424088,-0.00011426047421991825
land_pad__6650.jpg,land_pad,5,-1,-1,-3,1,-0.3932526554188813,-0.006326065515168011
land_pad__6675.jpg,land_pad,5,-1,-1,-2,1,-0.09294739412701919,-0.01419798331335187
land_pad__6700.jpg,land_pad,5,0,0,-1,0,-0.08186346036564429,-0.013591800350695848
land_pad__6725.jpg,land_pad,5,-1,-1,0,1,-0.08955546199727366,-0.005924000404775143
land_pad__6750.jpg,land_pad,5,0,0,-2,0,0.06426975338799717,-0.0048994580283761024
land_pad__6775.jpg,land_pad,5,0,0,-2,0,0.06097413596677115,-0.008194103837013245
land_pad__6800.jpg,land_pad,5,0,0,-1,0,0.02795552563007625,0.00301259383559227
land_pad__6825.jpg,land_pad,5,0,0,0,0,-0.034999063255553575,-0.008024326292797923
land_pad__6850.jpg,land_pad,5,0,0,-1,0,-0.09167928731757147,-0.00314106117002666
land_pad__7450.jpg,land_pad,5,0,0,0,0,0.01036254468690223,-0.0064370278269052505
land_pad__7475.jpg,land_pad,5,0,0,-1,0,-0.016840834601393073,-0.019765671342611313
land_pad__7500.jpg,land_pad,5,0,0,0,0,-0.0007834419804770842,-0.000470584025606513
land_pad__7525.jpg,land_pad,5,0,0,0,0,-0.007326211878023792,0.00036181602627038956
land_pad__7550.jpg,land_pad,5,0,0,1,0,-0.00975630950780304,-0.023574035614728928
land_pad__7575.jpg,land_pad,5,0,0,0,0,-0.056960897817657785,-0.0007728966884315014
land_pad__7600.jpg,land_pad,5,0,0,0,0,-0.027760945868679998,-0.005978509783744812
land_pad__7625.jpg,land_pad,5,0,0,0,0,0.0023660931856323564,-0.006422560662031174
land_pad__7650.jpg,land_pad,5,0,0,0,0,-0.0025344815344309213,-1.1824537068605423e-05
land_pad__7675.jpg,land_pad,5,0,0,0,0,-0.025174763172813586,-1.8730061128735542e-05
land_pad__7700.jpg,land_pad,5,0,0,0,0,0.012281653846624663,-0.010689783841371536
land_pad__7725.jpg,land_pad,5,0,0,0,0,0.0156594182151083,0.020693928003311157
land_pad__7750.jpg,land_pad,5,0,0,0,0,-0.02312851830697965,-0.0013785026967525482
land_pad__7775.jpg,land_pad,5,0,0,0,0,-0.05741482463279646,-0.011486806441098452
land_pad__7800.jpg,land_pad,5,0,0,2,0,-0.013090869770191416,0.0022339429706335068
land_pad__7825.jpg,land_pad,5,0,0,0,0,0.008117103882854304,-0.008418440818786621
land_pad__7850.jpg,land_pad,5,0,0,0,0,-0.03298633534029449,-0.20083619584329426
land_pad__7875.jpg,land_pad,5,0,0,0,0,-0.02348233453835702,-0.02734176069498062
land_pad__7900.jpg,land_pad,5,0,0,0,0,0.01510586476459913,-0.018324971199035645
land_pad__7925.jpg,land_pad,5,0,0,0,0,-0.023339093238344655,0.04827001690864563
land_pad__7950.jpg,land_pad,5,0,0,0,0,-0.009308470712626138,-0.004991849884390831
land_pad__7975.jpg,land_pad,5,0,0,0,0,0.017748148697763977,-0.03406573832035065
land_pad__8000.jpg,land_pad,5,0,0,0,0,0.012014566580534625,0.016905635595321655
land_pad__8025.jpg,land_pad,5,0,0,0,0,-0.02897888458803033,0.020813077688217163
land_pad__8050.jpg,land_pad,5,0,0,3,0,0.0031764682922401644,-0.016055267304182053
land_pad__8075.jpg,land_pad,5,0,0,0,0,0.003910128085965359,0.0029083192348480225
land_pad__8100.jpg,land_pad,5,0,0,0,0,0.02488221171455962,-0.017380982637405396
land_pad__8125.jpg,land_pad,5,0,0,3,0,0.023578802977948565,-0.023362912237644196
land_pad__8150.jpg,land_pad,5,0,0,-1,0,0.021275243880102768,-0.019827544689178467
land_pad__8175.jpg,land_pad,5,0,0,0,0,-0.005162650996472562,0.003535456955432892
land_pad__8200.jpg,land_pad,5,0,0,0,0,-0.011049848488028757,0.09916627407073975
land_pad__8225.jpg,land_pad,5,0,0,2,0,-0.002528677247012723,-0.0014330372214317322
land_pad__8250.jpg,land_pad,5,0,0,2,0,-0.028434082473519195,-0.0009461864829063416
land_pad__8275.jpg,land_pad,5,0,0,1,0,-0.008097910595684155,0.006346222013235092
land_pad__8300.jpg,land_pad,5,0,0,-2,0,-0.029033286172080786,-0.01940092444419861
land_pad__8325.jpg,land_pad,5,0,0,0,0,-0.004029467896425498,-0.002157498151063919
land_pad__8350.jpg,land_pad,5,-1,-1,1,1,-0.049360706205414606,-0.5263237822800875
land_pad__8375.jpg,land_pad,5,1,1,-1,-1,0.009825517385012472,-0.060852423310279846
land_pad__8400.jpg,land_pad,5,0,0,0,0,-0.026633062101088623,-0.007852666079998016
land_pad__8425.jpg,land_pad,5,0,0,0,0,-0.0020401655252182405,-0.11904086172580719
land_pad__8450.jpg,land_pad,5,0,0,0,0,-0.059915167438586825,-0.26166798174381256
land_pad__8475.jpg,land_pad,5,0,0,0,0,-0.26741875062689224,-0.5118724331259727
land_pad__8500.jpg,land_pad,5,0,0,2,0,0.026321130129934533,0.14169535040855408
land_pad__8525.jpg,land_pad,5,0,0,-2,0,0.0721696500178971,-0.5014055296778679
land_pad__8550.jpg,land_pad,5,0,0,3,0,-0.1253886481861045,-0.373230516910553
land_pad__8575.jpg,land_pad,5,0,0,5,0,-0.19235786718406944,-0.14691870659589767
land_pad__8600.jpg,land_pad,5,0,0,-7,0,-0.0433408002980451,-0.04896631836891174
land_pad__8625.jpg,land_pad,5,0,0,-3,0,-0.044921187857274836,-0.032594047486782074
land_pad__8650.jpg,land_pad,5,0,0,2,0,-0.0199156607256209,-0.6109115853905678
land_pad__8675.jpg,land_pad,5,0,0,4,0,-0.05213014995911047,-0.04524422436952591
land_pad__8700.jpg,land_pad,5,0,0,-1,0,0.011904781429894151,-0.0014337599277496338
