frame_id,sequence,frame_index,dose_index,target_index,achieved_target_box_mask_fraction,visible_annotation_box_fraction,detected,best_iou,best_overlap_confidence,matched_tp_iou_survivors_only,matched_tp_confidence_survivors_only
land_pad__6500.jpg,land_pad,6500,0,0,0.0,1.0,True,0.6448266951156497,0.0028234408237040043,0.5011017262369087,0.005123250186443329
land_pad__6525.jpg,land_pad,6525,0,0,0.0,1.0,True,0.5503121913150915,0.005241314880549908,0.5503121913150915,0.005241314880549908
land_pad__6550.jpg,land_pad,6550,0,0,0.0,1.0,True,0.6435925616933991,0.0029453851748257875,0.6435925616933991,0.0029453851748257875
land_pad__6575.jpg,land_pad,6575,0,0,0.0,1.0,True,0.7775960666959449,0.0025820767041295767,0.7775960666959449,0.0025820767041295767
land_pad__6600.jpg,land_pad,6600,0,0,0.0,1.0,True,0.6757926534581428,0.005089051555842161,0.6757926534581428,0.005089051555842161
land_pad__6625.jpg,land_pad,6625,0,0,0.0,1.0,True,0.6786466998707651,0.0014956047525629401,0.6786466998707651,0.0014956047525629401
land_pad__6650.jpg,land_pad,6650,0,0,0.0,1.0,True,0.5513072899551199,0.007993550971150398,0.5513072899551199,0.007993550971150398
land_pad__6675.jpg,land_pad,6675,0,0,0.0,1.0,True,0.5338759198135654,0.01624254323542118,0.5338759198135654,0.01624254323542118
land_pad__6700.jpg,land_pad,6700,0,0,0.0,1.0,True,0.5922726019258816,0.018505394458770752,0.5922726019258816,0.018505394458770752
land_pad__6725.jpg,land_pad,6725,0,0,0.0,1.0,True,0.5249899775896952,0.0101307462900877,0.5249899775896952,0.0101307462900877
land_pad__6750.jpg,land_pad,6750,0,0,0.0,1.0,False,0.4283961493969383,0.00886461604386568,,
land_pad__6775.jpg,land_pad,6775,0,0,0.0,1.0,True,0.5416898129527791,0.01252138614654541,0.5416898129527791,0.01252138614654541
land_pad__6800.jpg,land_pad,6800,0,0,0.0,1.0,False,0.348474593242943,0.003595445305109024,,
land_pad__6825.jpg,land_pad,6825,0,0,0.0,1.0,False,0.2962797405755757,0.010013679973781109,,
land_pad__6850.jpg,land_pad,6850,0,0,0.0,1.0,False,0.15195033415033746,0.005135565064847469,,
land_pad__7450.jpg,land_pad,7450,0,0,0.0,1.0,True,0.7278315324523765,0.02644280157983303,0.7278315324523765,0.02644280157983303
land_pad__7475.jpg,land_pad,7475,0,0,0.0,1.0,True,0.6215238470894845,0.04749589040875435,0.6215238470894845,0.04749589040875435
land_pad__7500.jpg,land_pad,7500,0,0,0.0,1.0,False,0.4812309331149243,0.003676945110782981,,
land_pad__7525.jpg,land_pad,7525,0,0,0.0,1.0,False,0.4888326937900274,0.0028278990648686886,,
land_pad__7550.jpg,land_pad,7550,0,0,0.0,1.0,True,0.6365499616777146,0.08365508168935776,0.6365499616777146,0.08365508168935776
land_pad__7575.jpg,land_pad,7575,0,0,0.0,1.0,True,0.6152664488415278,0.0036808233708143234,0.6152664488415278,0.0036808233708143234
land_pad__7600.jpg,land_pad,7600,0,0,0.0,1.0,False,0.45604069349315457,0.028149621561169624,,
land_pad__7625.jpg,land_pad,7625,0,0,0.0,1.0,False,0.35555975078188384,0.039556581526994705,,
land_pad__7650.jpg,land_pad,7650,0,0,0.0,1.0,False,0.29336947664820506,0.0013482305221259594,,
land_pad__7675.jpg,land_pad,7675,0,0,0.0,1.0,False,0.4451684233832344,0.003170566400513053,,
land_pad__7700.jpg,land_pad,7700,0,0,0.0,1.0,False,0.4057444701992634,0.06264863163232803,,
land_pad__7725.jpg,land_pad,7725,0,0,0.0,1.0,False,0.46428256210076874,0.26985761523246765,,
land_pad__7750.jpg,land_pad,7750,0,0,0.0,1.0,False,0.35660802008025716,0.00649472139775753,,
land_pad__7775.jpg,land_pad,7775,0,0,0.0,1.0,False,0.4603038830337491,0.017921121791005135,,
land_pad__7800.jpg,land_pad,7800,0,0,0.0,1.0,False,0.2802659367197403,0.02428353577852249,,
land_pad__7825.jpg,land_pad,7825,0,0,0.0,1.0,False,0.3411565054063826,0.461014062166214,,
land_pad__7850.jpg,land_pad,7850,0,0,0.0,1.0,False,0.2485216381121997,0.20230941474437714,,
land_pad__7875.jpg,land_pad,7875,0,0,0.0,1.0,False,0.36568568162016535,0.10382802039384842,,
land_pad__7900.jpg,land_pad,7900,0,0,0.0,1.0,False,0.32212289565777047,0.15693403780460358,,
land_pad__7925.jpg,land_pad,7925,0,0,0.0,1.0,False,0.41350792446746737,0.18228226900100708,,
land_pad__7950.jpg,land_pad,7950,0,0,0.0,1.0,False,0.42354744866485516,0.034493885934352875,,
land_pad__7975.jpg,land_pad,7975,0,0,0.0,1.0,False,0.38999698492648266,0.09654654562473297,,
land_pad__8000.jpg,land_pad,8000,0,0,0.0,1.0,False,0.3978593705415844,0.05199249088764191,,
land_pad__8025.jpg,land_pad,8025,0,0,0.0,1.0,False,0.39248064691300133,0.26049351692199707,,
land_pad__8050.jpg,land_pad,8050,0,0,0.0,1.0,True,0.5098057321509093,0.0632823184132576,0.5098057321509093,0.0632823184132576
land_pad__8075.jpg,land_pad,8075,0,0,0.0,1.0,False,0.2860778607452335,0.19631583988666534,,
land_pad__8100.jpg,land_pad,8100,0,0,0.0,1.0,True,0.5353763704894349,0.08148562908172607,0.5353763704894349,0.08148562908172607
land_pad__8125.jpg,land_pad,8125,0,0,0.0,1.0,False,0.3510694370744721,0.12294594943523407,,
land_pad__8150.jpg,land_pad,8150,0,0,0.0,1.0,False,0.34923749552798267,0.09774234890937805,,
land_pad__8175.jpg,land_pad,8175,0,0,0.0,1.0,False,0.42819880865010596,0.026399800553917885,,
land_pad__8200.jpg,land_pad,8200,0,0,0.0,1.0,False,0.40339656378683886,0.010375440120697021,,
land_pad__8225.jpg,land_pad,8225,0,0,0.0,1.0,False,0.49997210501934486,0.101315937936306,,
land_pad__8250.jpg,land_pad,8250,0,0,0.0,1.0,True,0.5344803064682202,0.04261108115315437,0.5344803064682202,0.04261108115315437
land_pad__8275.jpg,land_pad,8275,0,0,0.0,1.0,False,0.4445850195068326,0.053370773792266846,,
land_pad__8300.jpg,land_pad,8300,0,0,0.0,1.0,True,0.5938268798548791,0.1970439851284027,0.5938268798548791,0.1970439851284027
land_pad__8325.jpg,land_pad,8325,0,0,0.0,1.0,False,0.31158286109043476,0.0573277473449707,,
land_pad__8350.jpg,land_pad,8350,0,0,0.0,1.0,True,0.5025151082255274,0.534247100353241,0.5025151082255274,0.534247100353241
land_pad__8375.jpg,land_pad,8375,0,0,0.0,1.0,False,0.49018598504500466,0.13487398624420166,,
land_pad__8400.jpg,land_pad,8400,0,0,0.0,1.0,True,0.6610145425507885,0.06589540094137192,0.6522811914693643,0.31230610609054565
land_pad__8425.jpg,land_pad,8425,0,0,0.0,1.0,True,0.6680276206148648,0.21312949061393738,0.6680276206148648,0.21312949061393738
land_pad__8450.jpg,land_pad,8450,0,0,0.0,1.0,True,0.8149770672205439,0.451517790555954,0.8149770672205439,0.451517790555954
land_pad__8475.jpg,land_pad,8475,0,0,0.0,1.0,True,0.8555048136011337,0.5715426206588745,0.8555048136011337,0.5715426206588745
land_pad__8500.jpg,land_pad,8500,0,0,0.0,1.0,True,0.7252078803220534,0.2946069538593292,0.7252078803220534,0.2946069538593292
land_pad__8525.jpg,land_pad,8525,0,0,0.0,1.0,True,0.8306790713442566,0.5974161624908447,0.8306790713442566,0.5974161624908447
land_pad__8550.jpg,land_pad,8550,0,0,0.0,1.0,True,0.7029249709068995,0.5558263659477234,0.7029249709068995,0.5558263659477234
land_pad__8575.jpg,land_pad,8575,0,0,0.0,1.0,True,0.8039890920337409,0.26251131296157837,0.8039890920337409,0.26251131296157837
land_pad__8600.jpg,land_pad,8600,0,0,0.0,1.0,True,0.5913948971771117,0.4098166823387146,0.5544529983815015,0.5504571199417114
land_pad__8625.jpg,land_pad,8625,0,0,0.0,1.0,True,0.8355927338641767,0.15544351935386658,0.6556152236420465,0.5450528264045715
land_pad__8650.jpg,land_pad,8650,0,0,0.0,1.0,True,0.725582446049171,0.7151458859443665,0.725582446049171,0.7151458859443665
land_pad__8675.jpg,land_pad,8675,0,0,0.0,1.0,True,0.7338400750090711,0.12747038900852203,0.6996763450785227,0.5659569501876831
land_pad__8700.jpg,land_pad,8700,0,0,0.0,1.0,True,0.6625021209167313,0.01697627641260624,0.6625021209167313,0.01697627641260624
land_pad2__2050.jpg,land_pad2,2050,0,0,0.0,1.0,True,0.8205570426169161,0.8577773571014404,0.8205570426169161,0.8577773571014404
land_pad2__2075.jpg,land_pad2,2075,0,0,0.0,1.0,True,0.9080383116595779,0.8922051191329956,0.9080383116595779,0.8922051191329956
land_pad2__2100.jpg,land_pad2,2100,0,0,0.0,1.0,True,0.8962237992724018,0.9382067918777466,0.8962237992724018,0.9382067918777466
land_pad2__2125.jpg,land_pad2,2125,0,0,0.0,1.0,True,0.9647044230497255,0.905067503452301,0.9647044230497255,0.905067503452301
land_pad2__2150.jpg,land_pad2,2150,0,0,0.0,1.0,True,0.9013690762653961,0.9267815947532654,0.9013690762653961,0.9267815947532654
land_pad2__2175.jpg,land_pad2,2175,0,0,0.0,1.0,True,0.9531564198534145,0.9113497138023376,0.9531564198534145,0.9113497138023376
land_pad2__2200.jpg,land_pad2,2200,0,0,0.0,1.0,True,0.9416109044395181,0.9280737638473511,0.9416109044395181,0.9280737638473511
land_pad2__2225.jpg,land_pad2,2225,0,0,0.0,1.0,True,0.8911108830488103,0.9256222248077393,0.8911108830488103,0.9256222248077393
land_pad2__2250.jpg,land_pad2,2250,0,0,0.0,1.0,True,0.9482711030686332,0.8899507522583008,0.9482711030686332,0.8899507522583008
land_pad2__2275.jpg,land_pad2,2275,0,0,0.0,1.0,True,0.8673764404782298,0.8845942616462708,0.8673764404782298,0.8845942616462708
land_pad2__2300.jpg,land_pad2,2300,0,0,0.0,1.0,True,0.9215335342293368,0.8943578600883484,0.9215335342293368,0.8943578600883484
land_pad2__2325.jpg,land_pad2,2325,0,0,0.0,1.0,True,0.9256944451215228,0.9434536695480347,0.9256944451215228,0.9434536695480347
land_pad2__2350.jpg,land_pad2,2350,0,0,0.0,1.0,True,0.9164220611344643,0.8737766742706299,0.9164220611344643,0.8737766742706299
land_pad2__2375.jpg,land_pad2,2375,0,0,0.0,1.0,True,0.9313259884335147,0.8758946061134338,0.9313259884335147,0.8758946061134338
land_pad2__2400.jpg,land_pad2,2400,0,0,0.0,1.0,True,0.8558098332060788,0.9592565894126892,0.8558098332060788,0.9592565894126892
land_pad2__2425.jpg,land_pad2,2425,0,0,0.0,1.0,True,0.9633557285544373,0.9303207993507385,0.9633557285544373,0.9303207993507385
land_pad2__2450.jpg,land_pad2,2450,0,0,0.0,1.0,True,0.7939269829371269,0.9631682634353638,0.7939269829371269,0.9631682634353638
land_pad2__2475.jpg,land_pad2,2475,0,0,0.0,1.0,True,0.9343897187287723,0.9671371579170227,0.9343897187287723,0.9671371579170227
land_pad2__2500.jpg,land_pad2,2500,0,0,0.0,1.0,True,0.9611639953413041,0.9805793166160583,0.9611639953413041,0.9805793166160583
land_pad2__2525.jpg,land_pad2,2525,0,0,0.0,1.0,True,0.94162905278784,0.9255503416061401,0.94162905278784,0.9255503416061401
land_pad__6500.jpg,land_pad,6500,1,0,0.1565217391304348,0.8434782608695652,True,0.6668909119605628,0.004069559741765261,0.525479320381361,0.004258724395185709
land_pad__6525.jpg,land_pad,6525,1,0,0.16,0.84,True,0.5520785697392411,0.009556049481034279,0.5520785697392411,0.009556049481034279
land_pad__6550.jpg,land_pad,6550,1,0,0.15714285714285714,0.8428571428571429,True,0.5964090915391607,0.003968502394855022,0.5964090915391607,0.003968502394855022
land_pad__6575.jpg,land_pad,6575,1,0,0.15,0.85,True,0.5923689683524495,0.003761126659810543,0.5923689683524495,0.003761126659810543
land_pad__6600.jpg,land_pad,6600,1,0,0.14814814814814814,0.8518518518518519,False,0.45930658732336876,0.004924365784972906,,
land_pad__6625.jpg,land_pad,6625,1,0,0.1600790513833992,0.8399209486166008,True,0.704618055079529,0.0027573443949222565,0.704618055079529,0.0027573443949222565
land_pad__6650.jpg,land_pad,6650,1,0,0.1590909090909091,0.8409090909090909,True,0.5260247380706399,0.005724614951759577,0.5260247380706399,0.005724614951759577
land_pad__6675.jpg,land_pad,6675,1,0,0.14736842105263157,0.8526315789473684,True,0.5544622348454347,0.011271386407315731,0.5544622348454347,0.011271386407315731
land_pad__6700.jpg,land_pad,6700,1,0,0.16363636363636364,0.8363636363636364,True,0.604992257156724,0.01616048999130726,0.604992257156724,0.01616048999130726
land_pad__6725.jpg,land_pad,6725,1,0,0.140625,0.859375,True,0.5252899100273468,0.0077308290638029575,0.5252899100273468,0.0077308290638029575
land_pad__6750.jpg,land_pad,6750,1,0,0.16363636363636364,0.8363636363636364,False,0.46953630522427847,0.007012247107923031,,
land_pad__6775.jpg,land_pad,6775,1,0,0.14285714285714285,0.8571428571428572,True,0.5429389394298868,0.011918356642127037,0.5429389394298868,0.011918356642127037
land_pad__6800.jpg,land_pad,6800,1,0,0.16844919786096257,0.8315508021390374,False,0.3950114548954064,0.010807906277477741,,
land_pad__6825.jpg,land_pad,6825,1,0,0.140625,0.859375,False,0.3869448300791853,0.012491717003285885,,
land_pad__6850.jpg,land_pad,6850,1,0,0.16844919786096257,0.8315508021390374,False,0.1620574702009803,0.004500577691942453,,
land_pad__7450.jpg,land_pad,7450,1,0,0.16112531969309463,0.8388746803069054,True,0.6951171288766561,0.031187525019049644,0.6951171288766561,0.031187525019049644
land_pad__7475.jpg,land_pad,7475,1,0,0.15,0.85,True,0.6190322518848225,0.042220789939165115,0.6190322518848225,0.042220789939165115
land_pad__7500.jpg,land_pad,7500,1,0,0.1360544217687075,0.8639455782312925,False,0.47601082342376916,0.0038545981515198946,,
land_pad__7525.jpg,land_pad,7525,1,0,0.15555555555555556,0.8444444444444444,False,0.4856702413210755,0.0027287432458251715,,
land_pad__7550.jpg,land_pad,7550,1,0,0.16,0.84,True,0.635337769640519,0.05956472456455231,0.635337769640519,0.05956472456455231
land_pad__7575.jpg,land_pad,7575,1,0,0.13975155279503104,0.860248447204969,True,0.5959188415142757,0.0032777879387140274,0.5959188415142757,0.0032777879387140274
land_pad__7600.jpg,land_pad,7600,1,0,0.14652014652014653,0.8534798534798534,False,0.4244013802658165,0.027041945606470108,,
land_pad__7625.jpg,land_pad,7625,1,0,0.14423076923076922,0.8557692307692308,False,0.36312160616179995,0.031468868255615234,,
land_pad__7650.jpg,land_pad,7650,1,0,0.14652014652014653,0.8534798534798534,False,0.2996776972143406,0.001352078514173627,,
land_pad__7675.jpg,land_pad,7675,1,0,0.1565217391304348,0.8434782608695652,False,0.43708235689781644,0.0032443779055029154,,
land_pad__7700.jpg,land_pad,7700,1,0,0.1461038961038961,0.8538961038961039,False,0.399829152085367,0.05944168195128441,,
land_pad__7725.jpg,land_pad,7725,1,0,0.15384615384615385,0.8461538461538461,False,0.47401812854625375,0.29855358600616455,,
land_pad__7750.jpg,land_pad,7750,1,0,0.15734265734265734,0.8426573426573427,False,0.3666591738013298,0.006814427673816681,,
land_pad__7775.jpg,land_pad,7775,1,0,0.16363636363636364,0.8363636363636364,False,0.43692236557696973,0.010851099155843258,,
land_pad__7800.jpg,land_pad,7800,1,0,0.14652014652014653,0.8534798534798534,False,0.2790404448363503,0.024567188695073128,,
land_pad__7825.jpg,land_pad,7825,1,0,0.1461038961038961,0.8538961038961039,False,0.3621496853355302,0.4609071612358093,,
land_pad__7850.jpg,land_pad,7850,1,0,0.15734265734265734,0.8426573426573427,False,0.24254598205708625,0.20693740248680115,,
land_pad__7875.jpg,land_pad,7875,1,0,0.1461038961038961,0.8538961038961039,False,0.3573977158784595,0.08860930800437927,,
land_pad__7900.jpg,land_pad,7900,1,0,0.1565217391304348,0.8434782608695652,False,0.3197746222279718,0.1657995730638504,,
land_pad__7925.jpg,land_pad,7925,1,0,0.1360544217687075,0.8639455782312925,False,0.41478451578511527,0.17316453158855438,,
land_pad__7950.jpg,land_pad,7950,1,0,0.15734265734265734,0.8426573426573427,False,0.42822144116009697,0.035756174474954605,,
land_pad__7975.jpg,land_pad,7975,1,0,0.1565217391304348,0.8434782608695652,False,0.3805453647180463,0.09318094700574875,,
land_pad__8000.jpg,land_pad,8000,1,0,0.14285714285714285,0.8571428571428572,False,0.40542009104240223,0.060262177139520645,,
land_pad__8025.jpg,land_pad,8025,1,0,0.14736842105263157,0.8526315789473684,False,0.3805813437963316,0.2733229696750641,,
land_pad__8050.jpg,land_pad,8050,1,0,0.16,0.84,True,0.5100013946937921,0.06494855880737305,0.5100013946937921,0.06494855880737305
land_pad__8075.jpg,land_pad,8075,1,0,0.1461038961038961,0.8538961038961039,False,0.29300753721804573,0.18991713225841522,,
land_pad__8100.jpg,land_pad,8100,1,0,0.14736842105263157,0.8526315789473684,True,0.5337416153427497,0.08835302293300629,0.5337416153427497,0.08835302293300629
land_pad__8125.jpg,land_pad,8125,1,0,0.1360544217687075,0.8639455782312925,False,0.3486273060818181,0.12256381660699844,,
land_pad__8150.jpg,land_pad,8150,1,0,0.14285714285714285,0.8571428571428572,False,0.35213537051585203,0.09901292622089386,,
land_pad__8175.jpg,land_pad,8175,1,0,0.14957264957264957,0.8504273504273504,False,0.42981453568907185,0.028484828770160675,,
land_pad__8200.jpg,land_pad,8200,1,0,0.14423076923076922,0.8557692307692308,False,0.40359831923478134,0.010582693852484226,,
land_pad__8225.jpg,land_pad,8225,1,0,0.14957264957264957,0.8504273504273504,True,0.5039639930547486,0.09789161384105682,0.5039639930547486,0.09789161384105682
land_pad__8250.jpg,land_pad,8250,1,0,0.13157894736842105,0.868421052631579,True,0.5261398749423749,0.04516152665019035,0.5261398749423749,0.04516152665019035
land_pad__8275.jpg,land_pad,8275,1,0,0.14652014652014653,0.8534798534798534,False,0.4442438636150185,0.05818197876214981,,
land_pad__8300.jpg,land_pad,8300,1,0,0.15,0.85,True,0.5830440385041128,0.22275692224502563,0.5830440385041128,0.22275692224502563
land_pad__8325.jpg,land_pad,8325,1,0,0.16112531969309463,0.8388746803069054,False,0.305360590189155,0.05189023166894913,,
land_pad__8350.jpg,land_pad,8350,1,0,0.1440329218106996,0.8559670781893004,False,0.48853688774423304,0.012994600459933281,,
land_pad__8375.jpg,land_pad,8375,1,0,0.15217391304347827,0.8478260869565217,False,0.48739493443988074,0.11481139063835144,,
land_pad__8400.jpg,land_pad,8400,1,0,0.15182186234817813,0.8481781376518218,True,0.7679388887235985,0.07295143604278564,0.6626270716518394,0.324245423078537
land_pad__8425.jpg,land_pad,8425,1,0,0.14583333333333334,0.8541666666666666,True,0.686836813783428,0.16572697460651398,0.686836813783428,0.16572697460651398
land_pad__8450.jpg,land_pad,8450,1,0,0.14814814814814814,0.8518518518518519,True,0.7344179633513636,0.4846239387989044,0.7344179633513636,0.4846239387989044
land_pad__8475.jpg,land_pad,8475,1,0,0.16,0.84,True,0.8325979380467273,0.5275588631629944,0.8325979380467273,0.5275588631629944
land_pad__8500.jpg,land_pad,8500,1,0,0.14338235294117646,0.8566176470588236,True,0.7107488770458217,0.37242138385772705,0.7107488770458217,0.37242138385772705
land_pad__8525.jpg,land_pad,8525,1,0,0.15,0.85,True,0.8348708816806943,0.6523363590240479,0.8348708816806943,0.6523363590240479
land_pad__8550.jpg,land_pad,8550,1,0,0.14705882352941177,0.8529411764705882,True,0.7626908096995121,0.46557193994522095,0.7626908096995121,0.46557193994522095
land_pad__8575.jpg,land_pad,8575,1,0,0.15384615384615385,0.8461538461538461,True,0.692560195179561,0.32459113001823425,0.692560195179561,0.32459113001823425
land_pad__8600.jpg,land_pad,8600,1,0,0.14814814814814814,0.8518518518518519,True,0.5748585044638723,0.3218979239463806,0.5582652039820045,0.48078104853630066
land_pad__8625.jpg,land_pad,8625,1,0,0.1440329218106996,0.8559670781893004,True,0.8448665958974253,0.13705240190029144,0.6469198814781904,0.5083832144737244
land_pad__8650.jpg,land_pad,8650,1,0,0.15,0.85,True,0.6706803140729483,0.745489776134491,0.6706803140729483,0.745489776134491
land_pad__8675.jpg,land_pad,8675,1,0,0.15384615384615385,0.8461538461538461,True,0.7510834984097854,0.11561352014541626,0.7003033494820406,0.524468183517456
land_pad__8700.jpg,land_pad,8700,1,0,0.14619883040935672,0.8538011695906433,True,0.6697213226042665,0.015040114521980286,0.6697213226042665,0.015040114521980286
land_pad2__2050.jpg,land_pad2,2050,1,0,0.15003681885125184,0.8499631811487481,True,0.8375657149216167,0.8068433403968811,0.8375657149216167,0.8068433403968811
land_pad2__2075.jpg,land_pad2,2075,1,0,0.14982078853046596,0.850179211469534,True,0.9116640344644653,0.7933792471885681,0.9116640344644653,0.7933792471885681
land_pad2__2100.jpg,land_pad2,2100,1,0,0.14945609478830674,0.8505439052116932,True,0.9382551126055763,0.8700990080833435,0.9382551126055763,0.8700990080833435
land_pad2__2125.jpg,land_pad2,2125,1,0,0.1505591315477247,0.8494408684522753,True,0.9850212785416238,0.8025231957435608,0.9850212785416238,0.8025231957435608
land_pad2__2150.jpg,land_pad2,2150,1,0,0.14997372799719766,0.8500262720028023,True,0.8708778040481444,0.8781949877738953,0.8708778040481444,0.8781949877738953
land_pad2__2175.jpg,land_pad2,2175,1,0,0.15016086575021936,0.8498391342497806,True,0.8880661836008242,0.8399239778518677,0.8880661836008242,0.8399239778518677
land_pad2__2200.jpg,land_pad2,2200,1,0,0.14978569817279494,0.850214301827205,True,0.9427293332044125,0.8657040596008301,0.9427293332044125,0.8657040596008301
land_pad2__2225.jpg,land_pad2,2225,1,0,0.1500081971692442,0.8499918028307558,True,0.8976785280916765,0.8283088207244873,0.8976785280916765,0.8283088207244873
land_pad2__2250.jpg,land_pad2,2250,1,0,0.14989294103788295,0.850107058962117,True,0.9604937078403033,0.7853354811668396,0.9604937078403033,0.7853354811668396
land_pad2__2275.jpg,land_pad2,2275,1,0,0.1500162297366964,0.8499837702633036,True,0.8770201863806274,0.7874259948730469,0.8770201863806274,0.7874259948730469
land_pad2__2300.jpg,land_pad2,2300,1,0,0.14968177287017867,0.8503182271298213,True,0.9311853219412034,0.7828149199485779,0.9311853219412034,0.7828149199485779
land_pad2__2325.jpg,land_pad2,2325,1,0,0.15045748638118575,0.8495425136188143,True,0.9235470953961866,0.7636969089508057,0.9235470953961866,0.7636969089508057
land_pad2__2350.jpg,land_pad2,2350,1,0,0.14970367165410584,0.8502963283458942,True,0.9366411382907734,0.6537015438079834,0.9366411382907734,0.6537015438079834
land_pad2__2375.jpg,land_pad2,2375,1,0,0.15032409818109996,0.8496759018189001,True,0.9044931916925552,0.5967778563499451,0.9044931916925552,0.5967778563499451
land_pad2__2400.jpg,land_pad2,2400,1,0,0.15040630975143404,0.8495936902485659,True,0.876777421061183,0.8280253410339355,0.876777421061183,0.8280253410339355
land_pad2__2425.jpg,land_pad2,2425,1,0,0.14957373819713335,0.8504262618028666,True,0.968089313830562,0.7825535535812378,0.968089313830562,0.7825535535812378
land_pad2__2450.jpg,land_pad2,2450,1,0,0.14951124279472197,0.8504887572052781,True,0.8152858708361668,0.6109762191772461,0.8152858708361668,0.6109762191772461
land_pad2__2475.jpg,land_pad2,2475,1,0,0.15029264581444923,0.8497073541855508,True,0.8528420012897674,0.08208758383989334,0.6098734885382563,0.15141154825687408
land_pad2__2500.jpg,land_pad2,2500,1,0,0.15005206423307646,0.8499479357669235,True,0.9344615853168096,0.11933700740337372,0.9344615853168096,0.11933700740337372
land_pad2__2525.jpg,land_pad2,2525,1,0,0.15030246626337831,0.8496975337366217,True,0.956683035053465,0.06497900187969208,0.699979243565294,0.3712250590324402
land_pad__6500.jpg,land_pad,6500,2,0,0.3108695652173913,0.6891304347826087,True,0.6631523449169617,0.003600262338295579,0.6631523449169617,0.003600262338295579
land_pad__6525.jpg,land_pad,6525,2,0,0.308,0.692,True,0.5524104597493756,0.006461698561906815,0.5524104597493756,0.006461698561906815
land_pad__6550.jpg,land_pad,6550,2,0,0.29464285714285715,0.7053571428571428,True,0.568197462652358,0.002565177623182535,0.568197462652358,0.002565177623182535
land_pad__6575.jpg,land_pad,6575,2,0,0.29791666666666666,0.7020833333333334,True,0.5200923815903636,0.0039297533221542835,0.5200923815903636,0.0039297533221542835
land_pad__6600.jpg,land_pad,6600,2,0,0.3111111111111111,0.6888888888888889,False,0.4636449281150834,0.004780650604516268,,
land_pad__6625.jpg,land_pad,6625,2,0,0.308300395256917,0.691699604743083,True,0.7365574382255882,0.0019598279614001513,0.7365574382255882,0.0019598279614001513
land_pad__6650.jpg,land_pad,6650,2,0,0.30303030303030304,0.696969696969697,False,0.4085614534198084,0.0037406887859106064,,
land_pad__6675.jpg,land_pad,6675,2,0,0.29473684210526313,0.7052631578947368,True,0.5602636939304189,0.005270885769277811,0.5602636939304189,0.005270885769277811
land_pad__6700.jpg,land_pad,6700,2,0,0.3,0.7,False,0.4943077208691614,0.010434051975607872,,
land_pad__6725.jpg,land_pad,6725,2,0,0.3046875,0.6953125,False,0.4752032113596823,0.005436734762042761,,
land_pad__6750.jpg,land_pad,6750,2,0,0.2909090909090909,0.7090909090909091,True,0.5450845846684772,0.005734285339713097,0.5450845846684772,0.005734285339713097
land_pad__6775.jpg,land_pad,6775,2,0,0.32142857142857145,0.6785714285714286,True,0.5925868924155675,0.007068863604217768,0.5925868924155675,0.007068863604217768
land_pad__6800.jpg,land_pad,6800,2,0,0.2887700534759358,0.7112299465240641,False,0.44781378381079245,0.011995398439466953,,
land_pad__6825.jpg,land_pad,6825,2,0,0.3046875,0.6953125,False,0.3282126956541138,0.008340675383806229,,
land_pad__6850.jpg,land_pad,6850,2,0,0.2887700534759358,0.7112299465240641,False,0.1484253904854767,0.003634651890024543,,
land_pad__7450.jpg,land_pad,7450,2,0,0.29923273657289,0.70076726342711,True,0.7086720048394568,0.03584565967321396,0.7086720048394568,0.03584565967321396
land_pad__7475.jpg,land_pad,7475,2,0,0.309375,0.690625,True,0.6108674433960215,0.03502583131194115,0.6108674433960215,0.03502583131194115
land_pad__7500.jpg,land_pad,7500,2,0,0.32653061224489793,0.6734693877551021,False,0.4662713820932867,0.004011859185993671,,
land_pad__7525.jpg,land_pad,7525,2,0,0.2962962962962963,0.7037037037037037,False,0.4917184394012534,0.002882980275899172,,
land_pad__7550.jpg,land_pad,7550,2,0,0.29333333333333333,0.7066666666666667,True,0.6375291676782444,0.07602713257074356,0.6375291676782444,0.07602713257074356
land_pad__7575.jpg,land_pad,7575,2,0,0.32298136645962733,0.6770186335403727,True,0.5859388636493202,0.0033272174187004566,0.5859388636493202,0.0033272174187004566
land_pad__7600.jpg,land_pad,7600,2,0,0.3076923076923077,0.6923076923076923,False,0.4252879400128723,0.027197523042559624,,
land_pad__7625.jpg,land_pad,7625,2,0,0.2916666666666667,0.7083333333333333,False,0.355465534599755,0.03181430697441101,,
land_pad__7650.jpg,land_pad,7650,2,0,0.3076923076923077,0.6923076923076923,False,0.2956292497835793,0.0013784361071884632,,
land_pad__7675.jpg,land_pad,7675,2,0,0.30144927536231886,0.6985507246376812,False,0.42291830780477657,0.003146143862977624,,
land_pad__7700.jpg,land_pad,7700,2,0,0.3116883116883117,0.6883116883116883,False,0.41573325207273926,0.05240263417363167,,
land_pad__7725.jpg,land_pad,7725,2,0,0.29615384615384616,0.7038461538461538,False,0.4742141654485098,0.3200058937072754,,
land_pad__7750.jpg,land_pad,7750,2,0,0.2937062937062937,0.7062937062937062,False,0.3657152566042228,0.006779212970286608,,
land_pad__7775.jpg,land_pad,7775,2,0,0.2909090909090909,0.7090909090909091,False,0.43260404046825773,0.009386159479618073,,
land_pad__7800.jpg,land_pad,7800,2,0,0.3076923076923077,0.6923076923076923,False,0.27745817376279497,0.026874350383877754,,
land_pad__7825.jpg,land_pad,7825,2,0,0.3116883116883117,0.6883116883116883,False,0.35905134544905104,0.485740602016449,,
land_pad__7850.jpg,land_pad,7850,2,0,0.2937062937062937,0.7062937062937062,False,0.24568149434820263,0.21320146322250366,,
land_pad__7875.jpg,land_pad,7875,2,0,0.3116883116883117,0.6883116883116883,False,0.3568887176969899,0.08810725808143616,,
land_pad__7900.jpg,land_pad,7900,2,0,0.30144927536231886,0.6985507246376812,False,0.29408601222590147,0.19767886400222778,,
land_pad__7925.jpg,land_pad,7925,2,0,0.32653061224489793,0.6734693877551021,False,0.38005990320322475,0.2761034369468689,,
land_pad__7950.jpg,land_pad,7950,2,0,0.2937062937062937,0.7062937062937062,False,0.4199008077956415,0.03439420834183693,,
land_pad__7975.jpg,land_pad,7975,2,0,0.30144927536231886,0.6985507246376812,False,0.38809610508111275,0.09149263054132462,,
land_pad__8000.jpg,land_pad,8000,2,0,0.3142857142857143,0.6857142857142857,False,0.41375678480798916,0.062011558562517166,,
land_pad__8025.jpg,land_pad,8025,2,0,0.2807017543859649,0.7192982456140351,False,0.3695546705130963,0.2819632589817047,,
land_pad__8050.jpg,land_pad,8050,2,0,0.29333333333333333,0.7066666666666667,True,0.5166652361377051,0.063614621758461,0.5166652361377051,0.063614621758461
land_pad__8075.jpg,land_pad,8075,2,0,0.3116883116883117,0.6883116883116883,False,0.2885711481833556,0.004750384483486414,,
land_pad__8100.jpg,land_pad,8100,2,0,0.2807017543859649,0.7192982456140351,True,0.5363798680613376,0.08738293498754501,0.5363798680613376,0.08738293498754501
land_pad__8125.jpg,land_pad,8125,2,0,0.32653061224489793,0.6734693877551021,False,0.35288662546023514,0.11463026702404022,,
land_pad__8150.jpg,land_pad,8150,2,0,0.3142857142857143,0.6857142857142857,False,0.36046534051267154,0.1013106033205986,,
land_pad__8175.jpg,land_pad,8175,2,0,0.29914529914529914,0.7008547008547008,False,0.42976990139107996,0.026248402893543243,,
land_pad__8200.jpg,land_pad,8200,2,0,0.30288461538461536,0.6971153846153846,False,0.41053372179464903,0.011116795241832733,,
land_pad__8225.jpg,land_pad,8225,2,0,0.29914529914529914,0.7008547008547008,False,0.4930038914255056,0.1001691222190857,,
land_pad__8250.jpg,land_pad,8250,2,0,0.3007518796992481,0.6992481203007519,True,0.5249755156168093,0.04465270787477493,0.5249755156168093,0.04465270787477493
land_pad__8275.jpg,land_pad,8275,2,0,0.3076923076923077,0.6923076923076923,False,0.4466357195114773,0.055496037006378174,,
land_pad__8300.jpg,land_pad,8300,2,0,0.28888888888888886,0.7111111111111111,True,0.6083743473278177,0.19088783860206604,0.6083743473278177,0.19088783860206604
land_pad__8325.jpg,land_pad,8325,2,0,0.29923273657289,0.70076726342711,False,0.30604892411678764,0.0529438853263855,,
land_pad__8350.jpg,land_pad,8350,2,0,0.30864197530864196,0.691358024691358,False,0.47502938989894555,0.009619464166462421,,
land_pad__8375.jpg,land_pad,8375,2,0,0.3140096618357488,0.6859903381642511,True,0.5120873789546607,0.08987800031900406,0.5120873789546607,0.08987800031900406
land_pad__8400.jpg,land_pad,8400,2,0,0.2975708502024291,0.7024291497975709,True,0.7517059711683086,0.064672090113163,0.5988625752020427,0.3523358404636383
land_pad__8425.jpg,land_pad,8425,2,0,0.30092592592592593,0.6990740740740741,True,0.6737750939739462,0.15365654230117798,0.6737750939739462,0.15365654230117798
land_pad__8450.jpg,land_pad,8450,2,0,0.31746031746031744,0.6825396825396826,True,0.7347329285292903,0.43060746788978577,0.7347329285292903,0.43060746788978577
land_pad__8475.jpg,land_pad,8475,2,0,0.304,0.696,True,0.7425518544572871,0.4150444567203522,0.7425518544572871,0.4150444567203522
land_pad__8500.jpg,land_pad,8500,2,0,0.30269607843137253,0.6973039215686274,True,0.7530247989218138,0.3917791247367859,0.7530247989218138,0.3917791247367859
land_pad__8525.jpg,land_pad,8525,2,0,0.29404761904761906,0.7059523809523809,True,0.8582935216532492,0.14941777288913727,0.7669073140798532,0.667577862739563
land_pad__8550.jpg,land_pad,8550,2,0,0.3009049773755656,0.6990950226244343,True,0.7038864131740892,0.4013810455799103,0.7038864131740892,0.4013810455799103
land_pad__8575.jpg,land_pad,8575,2,0,0.2923076923076923,0.7076923076923076,True,0.7188353819479771,0.28262388706207275,0.7188353819479771,0.28262388706207275
land_pad__8600.jpg,land_pad,8600,2,0,0.30158730158730157,0.6984126984126984,True,0.5735581180559112,0.29118621349334717,0.5586398756185396,0.47740480303764343
land_pad__8625.jpg,land_pad,8625,2,0,0.30864197530864196,0.691358024691358,True,0.8189488658474281,0.1156066358089447,0.6152706125564186,0.500357985496521
land_pad__8650.jpg,land_pad,8650,2,0,0.315,0.685,True,0.6997749815388676,0.13675805926322937,0.5853278383820172,0.6915262341499329
land_pad__8675.jpg,land_pad,8675,2,0,0.30153846153846153,0.6984615384615385,True,0.7234983754912016,0.10278834402561188,0.696883643002298,0.5269365310668945
land_pad__8700.jpg,land_pad,8700,2,0,0.30701754385964913,0.6929824561403508,True,0.6677434211661826,0.015679728239774704,0.5290514178716086,0.02274705283343792
land_pad2__2050.jpg,land_pad2,2050,2,0,0.3001554573719522,0.6998445426280477,True,0.8434114787473924,0.6702234148979187,0.8434114787473924,0.6702234148979187
land_pad2__2075.jpg,land_pad2,2075,2,0,0.3005973715651135,0.6994026284348864,True,0.8958218831859701,0.6536939740180969,0.8958218831859701,0.6536939740180969
land_pad2__2100.jpg,land_pad2,2100,2,0,0.2995591456482962,0.7004408543517038,True,0.9275626260750459,0.7239565849304199,0.9275626260750459,0.7239565849304199
land_pad2__2125.jpg,land_pad2,2125,2,0,0.2999971973356004,0.7000028026643996,True,0.9788177966170231,0.6635152101516724,0.9788177966170231,0.6635152101516724
land_pad2__2150.jpg,land_pad2,2150,2,0,0.2996409492950346,0.7003590507049654,True,0.8274224801495035,0.5488985776901245,0.8274224801495035,0.5488985776901245
land_pad2__2175.jpg,land_pad2,2175,2,0,0.30043872477332556,0.6995612752266744,True,0.8628370215496088,0.6773622035980225,0.8628370215496088,0.6773622035980225
land_pad2__2200.jpg,land_pad2,2200,2,0,0.3003985262049778,0.6996014737950222,True,0.9428783943854007,0.6983484029769897,0.9428783943854007,0.6983484029769897
land_pad2__2225.jpg,land_pad2,2225,2,0,0.3001666757746325,0.6998333242253675,True,0.9315661562783938,0.6327395439147949,0.9315661562783938,0.6327395439147949
land_pad2__2250.jpg,land_pad2,2250,2,0,0.3001669981221373,0.6998330018778627,True,0.9750155093352908,0.586435079574585,0.9750155093352908,0.586435079574585
land_pad2__2275.jpg,land_pad2,2275,2,0,0.2999331716724266,0.7000668283275734,True,0.8730839057416778,0.6477266550064087,0.8730839057416778,0.6477266550064087
land_pad2__2300.jpg,land_pad2,2300,2,0,0.3002645502645503,0.6997354497354498,True,0.936966538890566,0.4926733374595642,0.936966538890566,0.4926733374595642
land_pad2__2325.jpg,land_pad2,2325,2,0,0.2999947111401019,0.7000052888598981,True,0.9382354414494611,0.4224345088005066,0.9382354414494611,0.4224345088005066
land_pad2__2350.jpg,land_pad2,2350,2,0,0.29993392565462235,0.7000660743453777,True,0.9337149122893218,0.5418773889541626,0.9337149122893218,0.5418773889541626
land_pad2__2375.jpg,land_pad2,2375,2,0,0.2999874310954698,0.7000125689045302,True,0.9131566115616508,0.2098962515592575,0.9131566115616508,0.2098962515592575
land_pad2__2400.jpg,land_pad2,2400,2,0,0.29924580412152113,0.7007541958784789,True,0.8700045531689278,0.29803356528282166,0.8700045531689278,0.29803356528282166
land_pad2__2425.jpg,land_pad2,2425,2,0,0.29997962094966374,0.7000203790503363,True,0.9798971159999432,0.41723066568374634,0.9798971159999432,0.41723066568374634
land_pad2__2450.jpg,land_pad2,2450,2,0,0.30038178616035016,0.6996182138396498,True,0.7294995824739545,0.040233414620161057,0.7294995824739545,0.040233414620161057
land_pad2__2475.jpg,land_pad2,2475,2,0,0.30019359066747353,0.6998064093325265,True,0.933980332730658,0.0172873642295599,0.7049226008459207,0.06991457939147949
land_pad2__2500.jpg,land_pad2,2500,2,0,0.2998377844460446,0.7001622155539554,True,0.8057542125284398,0.029614439234137535,0.655115608913727,0.04468192905187607
land_pad2__2525.jpg,land_pad2,2525,2,0,0.2998604001861331,0.7001395998138669,True,0.9124137953117768,0.006607644725590944,0.6194606087832482,0.02252041921019554
land_pad__6500.jpg,land_pad,6500,3,0,0.42391304347826086,0.5760869565217391,True,0.5963944185670687,0.0037300754338502884,0.5963944185670687,0.0037300754338502884
land_pad__6525.jpg,land_pad,6525,3,0,0.442,0.558,True,0.5277997517322907,0.0065407948568463326,0.5277997517322907,0.0065407948568463326
land_pad__6550.jpg,land_pad,6550,3,0,0.44107142857142856,0.5589285714285714,True,0.5401727195625193,0.0024284685496240854,0.5401727195625193,0.0024284685496240854
land_pad__6575.jpg,land_pad,6575,3,0,0.43333333333333335,0.5666666666666667,True,0.5290868198501223,0.003447255352512002,0.5290868198501223,0.003447255352512002
land_pad__6600.jpg,land_pad,6600,3,0,0.4533333333333333,0.5466666666666666,False,0.45316197132589553,0.004170499742031097,,
land_pad__6625.jpg,land_pad,6625,3,0,0.44466403162055335,0.5553359683794467,True,0.7295944379611528,0.002109514083713293,0.7295944379611528,0.002109514083713293
land_pad__6650.jpg,land_pad,6650,3,0,0.45454545454545453,0.5454545454545454,False,0.23354153439678726,0.002189493039622903,,
land_pad__6675.jpg,land_pad,6675,3,0,0.4652631578947368,0.5347368421052632,True,0.5119402749135653,0.004361740313470364,0.5119402749135653,0.004361740313470364
land_pad__6700.jpg,land_pad,6700,3,0,0.4431818181818182,0.5568181818181819,True,0.5158069915359863,0.00852115172892809,0.5158069915359863,0.00852115172892809
land_pad__6725.jpg,land_pad,6725,3,0,0.4583333333333333,0.5416666666666667,False,0.4449343204539162,0.005212984047830105,,
land_pad__6750.jpg,land_pad,6750,3,0,0.45454545454545453,0.5454545454545454,True,0.5342943656406915,0.004940622020512819,0.5342943656406915,0.004940622020512819
land_pad__6775.jpg,land_pad,6775,3,0,0.4583333333333333,0.5416666666666667,True,0.5814753300142633,0.0063705360516905785,0.5814753300142633,0.0063705360516905785
land_pad__6800.jpg,land_pad,6800,3,0,0.4411764705882353,0.5588235294117647,False,0.42351506039636344,0.010541781783103943,,
land_pad__6825.jpg,land_pad,6825,3,0,0.4583333333333333,0.5416666666666667,False,0.2781725864957361,0.0023039598017930984,,
land_pad__6850.jpg,land_pad,6850,3,0,0.4411764705882353,0.5588235294117647,False,0.13133413060651355,0.0033128128852695227,,
land_pad__7450.jpg,land_pad,7450,3,0,0.4219948849104859,0.578005115089514,True,0.7124564954941902,0.03312690928578377,0.7124564954941902,0.03312690928578377
land_pad__7475.jpg,land_pad,7475,3,0,0.446875,0.553125,True,0.6050940443740173,0.034833893179893494,0.6050940443740173,0.034833893179893494
land_pad__7500.jpg,land_pad,7500,3,0,0.42857142857142855,0.5714285714285714,False,0.46936695263361333,0.0038385193329304457,,
land_pad__7525.jpg,land_pad,7525,3,0,0.4444444444444444,0.5555555555555556,False,0.4848192344235972,0.003066442906856537,,
land_pad__7550.jpg,land_pad,7550,3,0,0.43333333333333335,0.5666666666666667,True,0.6400425774238112,0.08031533658504486,0.6400425774238112,0.08031533658504486
land_pad__7575.jpg,land_pad,7575,3,0,0.4192546583850932,0.5807453416149069,True,0.5849559598797904,0.003375896718353033,0.5849559598797904,0.003375896718353033
land_pad__7600.jpg,land_pad,7600,3,0,0.46153846153846156,0.5384615384615384,False,0.41982597661022847,0.027997825294733047,,
land_pad__7625.jpg,land_pad,7625,3,0,0.46153846153846156,0.5384615384615384,False,0.3587492844760786,0.031227894127368927,,
land_pad__7650.jpg,land_pad,7650,3,0,0.46153846153846156,0.5384615384615384,False,0.29316728422862987,0.001350965118035674,,
land_pad__7675.jpg,land_pad,7675,3,0,0.43478260869565216,0.5652173913043479,False,0.420155118442459,0.003477351274341345,,
land_pad__7700.jpg,land_pad,7700,3,0,0.4383116883116883,0.5616883116883117,False,0.4267770958894589,0.05095285549759865,,
land_pad__7725.jpg,land_pad,7725,3,0,0.45,0.55,False,0.47729129273669446,0.28898608684539795,,
land_pad__7750.jpg,land_pad,7750,3,0,0.47202797202797203,0.5279720279720279,False,0.3443468424363686,0.0054258727468550205,,
land_pad__7775.jpg,land_pad,7775,3,0,0.45454545454545453,0.5454545454545454,False,0.4082512855546673,0.007165760267525911,,
land_pad__7800.jpg,land_pad,7800,3,0,0.46153846153846156,0.5384615384615384,False,0.2744497582065525,0.027229072526097298,,
land_pad__7825.jpg,land_pad,7825,3,0,0.4383116883116883,0.5616883116883117,False,0.36144713650113375,0.4471372663974762,,
land_pad__7850.jpg,land_pad,7850,3,0,0.47202797202797203,0.5279720279720279,False,0.22588524247066988,0.0016080192290246487,,
land_pad__7875.jpg,land_pad,7875,3,0,0.4383116883116883,0.5616883116883117,False,0.3499265204193019,0.08046462386846542,,
land_pad__7900.jpg,land_pad,7900,3,0,0.43478260869565216,0.5652173913043479,False,0.28889904327450205,0.19726355373859406,,
land_pad__7925.jpg,land_pad,7925,3,0,0.42857142857142855,0.5714285714285714,False,0.3787258423444641,0.280504435300827,,
land_pad__7950.jpg,land_pad,7950,3,0,0.47202797202797203,0.5279720279720279,False,0.41243115189987045,0.03010980412364006,,
land_pad__7975.jpg,land_pad,7975,3,0,0.43478260869565216,0.5652173913043479,False,0.3858445578644931,0.10024651139974594,,
land_pad__8000.jpg,land_pad,8000,3,0,0.41785714285714287,0.5821428571428571,False,0.41243703671467047,0.06420166790485382,,
land_pad__8025.jpg,land_pad,8025,3,0,0.45614035087719296,0.543859649122807,False,0.36858695566157784,0.27716267108917236,,
land_pad__8050.jpg,land_pad,8050,3,0,0.43333333333333335,0.5666666666666667,True,0.5164487063275669,0.06396443396806717,0.5164487063275669,0.06396443396806717
land_pad__8075.jpg,land_pad,8075,3,0,0.4383116883116883,0.5616883116883117,False,0.28909678734177996,0.21411465108394623,,
land_pad__8100.jpg,land_pad,8100,3,0,0.45614035087719296,0.543859649122807,True,0.5325881672100918,0.07617958635091782,0.5325881672100918,0.07617958635091782
land_pad__8125.jpg,land_pad,8125,3,0,0.42857142857142855,0.5714285714285714,False,0.35092294932539375,0.11396551877260208,,
land_pad__8150.jpg,land_pad,8150,3,0,0.41785714285714287,0.5821428571428571,False,0.3561305095836832,0.0947091355919838,,
land_pad__8175.jpg,land_pad,8175,3,0,0.46153846153846156,0.5384615384615384,False,0.4370423891251792,0.02566496469080448,,
land_pad__8200.jpg,land_pad,8200,3,0,0.47596153846153844,0.5240384615384616,False,0.4064386942110296,0.010576634667813778,,
land_pad__8225.jpg,land_pad,8225,3,0,0.46153846153846156,0.5384615384615384,False,0.49534158915998566,0.10809390246868134,,
land_pad__8250.jpg,land_pad,8250,3,0,0.4398496240601504,0.5601503759398496,True,0.5186939120273255,0.043961599469184875,0.5186939120273255,0.043961599469184875
land_pad__8275.jpg,land_pad,8275,3,0,0.46153846153846156,0.5384615384615384,False,0.44617954415585587,0.057216349989175797,,
land_pad__8300.jpg,land_pad,8300,3,0,0.4444444444444444,0.5555555555555556,True,0.6048994309526311,0.19034895300865173,0.6048994309526311,0.19034895300865173
land_pad__8325.jpg,land_pad,8325,3,0,0.4219948849104859,0.578005115089514,False,0.3036226968554467,0.058038171380758286,,
land_pad__8350.jpg,land_pad,8350,3,0,0.4444444444444444,0.5555555555555556,False,0.46481659862680424,0.009736058302223682,,
land_pad__8375.jpg,land_pad,8375,3,0,0.43478260869565216,0.5652173913043479,True,0.5115208851689881,0.06937552988529205,0.5115208851689881,0.06937552988529205
land_pad__8400.jpg,land_pad,8400,3,0,0.43016194331983804,0.569838056680162,True,0.7425098187151181,0.0574038103222847,0.5936986133107602,0.3306528925895691
land_pad__8425.jpg,land_pad,8425,3,0,0.4444444444444444,0.5555555555555556,True,0.6774051819425688,0.09655274450778961,0.6774051819425688,0.09655274450778961
land_pad__8450.jpg,land_pad,8450,3,0,0.4444444444444444,0.5555555555555556,True,0.7361106792693204,0.29807248711586,0.7361106792693204,0.29807248711586
land_pad__8475.jpg,land_pad,8475,3,0,0.44685714285714284,0.5531428571428572,True,0.6235962651268373,0.33348348736763,0.6235962651268373,0.33348348736763
land_pad__8500.jpg,land_pad,8500,3,0,0.45098039215686275,0.5490196078431373,True,0.7475385296978685,0.36745011806488037,0.7475385296978685,0.36745011806488037
land_pad__8525.jpg,land_pad,8525,3,0,0.4380952380952381,0.5619047619047619,True,0.8773886551774116,0.1499776393175125,0.7748293628841415,0.6201728582382202
land_pad__8550.jpg,land_pad,8550,3,0,0.4423076923076923,0.5576923076923077,True,0.674858520171802,0.3378095328807831,0.674858520171802,0.3378095328807831
land_pad__8575.jpg,land_pad,8575,3,0,0.42967032967032964,0.5703296703296703,True,0.6839179389750266,0.20788580179214478,0.6839179389750266,0.20788580179214478
land_pad__8600.jpg,land_pad,8600,3,0,0.4380952380952381,0.5619047619047619,True,0.5393713963755394,0.4541725218296051,0.5393713963755394,0.4541725218296051
land_pad__8625.jpg,land_pad,8625,3,0,0.4444444444444444,0.5555555555555556,True,0.7899297642520257,0.10921084135770798,0.6026085186874719,0.44343945384025574
land_pad__8650.jpg,land_pad,8650,3,0,0.44625,0.55375,True,0.7024172129697861,0.12965993583202362,0.5839640476735685,0.6706660985946655
land_pad__8675.jpg,land_pad,8675,3,0,0.4533333333333333,0.5466666666666666,True,0.696073472321152,0.09162525832653046,0.6412498866792217,0.4794619083404541
land_pad__8700.jpg,land_pad,8700,3,0,0.43859649122807015,0.5614035087719298,True,0.5665404376119655,0.24667449295520782,0.5665404376119655,0.24667449295520782
land_pad2__2050.jpg,land_pad2,2050,3,0,0.44992636229749633,0.5500736377025037,True,0.9023043281261893,0.18449917435646057,0.9023043281261893,0.18449917435646057
land_pad2__2075.jpg,land_pad2,2075,3,0,0.45019007277071793,0.549809927229282,True,0.7742064861332847,0.009970552287995815,0.7069225374373813,0.2616916298866272
land_pad2__2100.jpg,land_pad2,2100,3,0,0.449985674544127,0.5500143254558729,True,0.8000284305692171,0.09259296953678131,0.8000284305692171,0.09259296953678131
land_pad2__2125.jpg,land_pad2,2125,3,0,0.4501499425453798,0.5498500574546201,True,0.7178235121063294,0.027946600690484047,0.7178235121063294,0.027946600690484047
land_pad2__2150.jpg,land_pad2,2150,3,0,0.44997372799719765,0.5500262720028024,True,0.8380938199186143,0.3389747440814972,0.8380938199186143,0.3389747440814972
land_pad2__2175.jpg,land_pad2,2175,3,0,0.4508433265087258,0.5491566734912743,True,0.8208845206269981,0.020602280274033546,0.7429827975930238,0.10050437599420547
land_pad2__2200.jpg,land_pad2,2200,3,0,0.45021192729172355,0.5497880727082765,True,0.8416665267019088,0.11679728329181671,0.8416665267019088,0.11679728329181671
land_pad2__2225.jpg,land_pad2,2225,3,0,0.44931758566041863,0.5506824143395814,True,0.8627098459216126,0.08496897667646408,0.8627098459216126,0.08496897667646408
land_pad2__2250.jpg,land_pad2,2250,3,0,0.45070783643885165,0.5492921635611483,True,0.8943731385042772,0.2307538092136383,0.8943731385042772,0.2307538092136383
land_pad2__2275.jpg,land_pad2,2275,3,0,0.44906344872357895,0.550936551276421,True,0.7857757663424927,0.30292749404907227,0.7857757663424927,0.30292749404907227
land_pad2__2300.jpg,land_pad2,2300,3,0,0.45086266390614216,0.5491373360938578,True,0.9298332333351703,0.18755054473876953,0.9298332333351703,0.18755054473876953
land_pad2__2325.jpg,land_pad2,2325,3,0,0.44888316908485093,0.5511168309151491,True,0.904091615319387,0.3405219316482544,0.904091615319387,0.3405219316482544
land_pad2__2350.jpg,land_pad2,2350,3,0,0.4497751124437781,0.5502248875562219,True,0.9172370641138752,0.2282998263835907,0.9172370641138752,0.2282998263835907
land_pad2__2375.jpg,land_pad2,2375,3,0,0.4492485590648735,0.5507514409351265,True,0.8083854406735469,0.15227580070495605,0.8083854406735469,0.15227580070495605
land_pad2__2400.jpg,land_pad2,2400,3,0,0.4502151051625239,0.5497848948374762,True,0.7574877939717668,0.04073835909366608,0.7574877939717668,0.04073835909366608
land_pad2__2425.jpg,land_pad2,2425,3,0,0.4496411022801893,0.5503588977198107,True,0.9462832669748988,0.13677078485488892,0.9462832669748988,0.13677078485488892
land_pad2__2450.jpg,land_pad2,2450,3,0,0.4500821490345026,0.5499178509654974,True,0.6769609612351256,0.009538397192955017,0.6550217748068654,0.01160451304167509
land_pad2__2475.jpg,land_pad2,2475,3,0,0.44969028004107836,0.5503097199589216,True,0.8116616603728679,0.011021421290934086,0.788675538879315,0.01732141152024269
land_pad2__2500.jpg,land_pad2,2500,3,0,0.4501387933411318,0.5498612066588682,True,0.8507047437389079,0.017723318189382553,0.8507047437389079,0.017723318189382553
land_pad2__2525.jpg,land_pad2,2525,3,0,0.4498504287708569,0.5501495712291431,True,0.8062972068100926,0.010900373570621014,0.5510952523374029,0.011180882342159748
land_pad__6500.jpg,land_pad,6500,4,0,0.5869565217391305,0.4130434782608695,True,0.5451764013187981,0.0021159611642360687,0.5451764013187981,0.0021159611642360687
land_pad__6525.jpg,land_pad,6525,4,0,0.57,0.43000000000000005,True,0.5342043977299933,0.004535638727247715,0.5342043977299933,0.004535638727247715
land_pad__6550.jpg,land_pad,6550,4,0,0.5892857142857143,0.4107142857142857,True,0.645002299820141,0.0013827539514750242,0.645002299820141,0.0013827539514750242
land_pad__6575.jpg,land_pad,6575,4,0,0.59375,0.40625,True,0.529844815004532,0.00311740068718791,0.529844815004532,0.00311740068718791
land_pad__6600.jpg,land_pad,6600,4,0,0.5911111111111111,0.40888888888888886,False,0.456157212983548,0.0033830886241048574,,
land_pad__6625.jpg,land_pad,6625,4,0,0.6047430830039525,0.3952569169960475,True,0.6565962132838861,0.001294726156629622,0.6565962132838861,0.001294726156629622
land_pad__6650.jpg,land_pad,6650,4,0,0.601010101010101,0.398989898989899,False,0.12011799294052368,0.0014112896751612425,,
land_pad__6675.jpg,land_pad,6675,4,0,0.6,0.4,True,0.5553160629962166,0.0025132917799055576,0.5553160629962166,0.0025132917799055576
land_pad__6700.jpg,land_pad,6700,4,0,0.5795454545454546,0.4204545454545454,False,0.45932391020886615,0.004780287388712168,,
land_pad__6725.jpg,land_pad,6725,4,0,0.59375,0.40625,False,0.4226360493409822,0.004786579869687557,,
land_pad__6750.jpg,land_pad,6750,4,0,0.6181818181818182,0.38181818181818183,True,0.5587022213548142,0.004098522011190653,0.5587022213548142,0.004098522011190653
land_pad__6775.jpg,land_pad,6775,4,0,0.5714285714285714,0.4285714285714286,True,0.6149029528500694,0.004995254799723625,0.6149029528500694,0.004995254799723625
land_pad__6800.jpg,land_pad,6800,4,0,0.5909090909090909,0.40909090909090906,False,0.39021898488337053,0.008510160259902477,,
land_pad__6825.jpg,land_pad,6825,4,0,0.59375,0.40625,False,0.26509378754337765,0.002045108936727047,,
land_pad__6850.jpg,land_pad,6850,4,0,0.5909090909090909,0.40909090909090906,False,0.08311015380617469,0.0026451374869793653,,
land_pad__7450.jpg,land_pad,7450,4,0,0.59846547314578,0.40153452685422,True,0.7079172152065437,0.033808473497629166,0.7079172152065437,0.033808473497629166
land_pad__7475.jpg,land_pad,7475,4,0,0.5625,0.4375,True,0.6048916800978534,0.03392331674695015,0.6048916800978534,0.03392331674695015
land_pad__7500.jpg,land_pad,7500,4,0,0.5986394557823129,0.4013605442176871,False,0.47887076492839187,0.0034660117235034704,,
land_pad__7525.jpg,land_pad,7525,4,0,0.6222222222222222,0.37777777777777777,False,0.48164873341434505,0.00311630149371922,,
land_pad__7550.jpg,land_pad,7550,4,0,0.6,0.4,True,0.6413409951596986,0.08420325070619583,0.6413409951596986,0.08420325070619583
land_pad__7575.jpg,land_pad,7575,4,0,0.6149068322981367,0.3850931677018633,True,0.5615793457089079,0.0029642307199537754,0.5615793457089079,0.0029642307199537754
land_pad__7600.jpg,land_pad,7600,4,0,0.5860805860805861,0.4139194139194139,False,0.42841655711490073,0.02368033677339554,,
land_pad__7625.jpg,land_pad,7625,4,0,0.6089743589743589,0.3910256410256411,False,0.3579258439675162,0.03313402086496353,,
land_pad__7650.jpg,land_pad,7650,4,0,0.5860805860805861,0.4139194139194139,False,0.29720049169920043,0.0013485823292285204,,
land_pad__7675.jpg,land_pad,7675,4,0,0.6260869565217392,0.3739130434782608,False,0.4254765488235781,0.0033496511168777943,,
land_pad__7700.jpg,land_pad,7700,4,0,0.6071428571428571,0.3928571428571429,False,0.4267770958894589,0.05095285549759865,,
land_pad__7725.jpg,land_pad,7725,4,0,0.5769230769230769,0.42307692307692313,False,0.4782651313370971,0.29182231426239014,,
land_pad__7750.jpg,land_pad,7750,4,0,0.5944055944055944,0.4055944055944056,False,0.3426838145965679,0.00542040728032589,,
land_pad__7775.jpg,land_pad,7775,4,0,0.6181818181818182,0.38181818181818183,False,0.4057102954546526,0.0071497042663395405,,
land_pad__7800.jpg,land_pad,7800,4,0,0.5860805860805861,0.4139194139194139,False,0.2675085685058578,0.02664133720099926,,
land_pad__7825.jpg,land_pad,7825,4,0,0.6071428571428571,0.3928571428571429,False,0.3532256643742071,0.44526371359825134,,
land_pad__7850.jpg,land_pad,7850,4,0,0.5944055944055944,0.4055944055944056,False,0.23303108395907468,0.20636257529258728,,
land_pad__7875.jpg,land_pad,7875,4,0,0.6071428571428571,0.3928571428571429,False,0.34520553871073095,0.07854631543159485,,
land_pad__7900.jpg,land_pad,7900,4,0,0.6260869565217392,0.3739130434782608,False,0.30502432598452933,0.1833970993757248,,
land_pad__7925.jpg,land_pad,7925,4,0,0.5986394557823129,0.4013605442176871,False,0.38236786579360077,0.23974457383155823,,
land_pad__7950.jpg,land_pad,7950,4,0,0.5944055944055944,0.4055944055944056,False,0.41243115189987045,0.03010980412364006,,
land_pad__7975.jpg,land_pad,7975,4,0,0.6260869565217392,0.3739130434782608,False,0.4074619743446328,0.06261730194091797,,
land_pad__8000.jpg,land_pad,8000,4,0,0.5892857142857143,0.4107142857142857,False,0.409873937122119,0.06889812648296356,,
land_pad__8025.jpg,land_pad,8025,4,0,0.631578947368421,0.368421052631579,False,0.3609753351123173,0.282884418964386,,
land_pad__8050.jpg,land_pad,8050,4,0,0.6,0.4,True,0.522691356949506,0.06228512153029442,0.522691356949506,0.06228512153029442
land_pad__8075.jpg,land_pad,8075,4,0,0.6071428571428571,0.3928571428571429,False,0.2876103555618108,0.004663920495659113,,
land_pad__8100.jpg,land_pad,8100,4,0,0.631578947368421,0.368421052631579,True,0.5552486201668427,0.07102885097265244,0.5552486201668427,0.07102885097265244
land_pad__8125.jpg,land_pad,8125,4,0,0.5986394557823129,0.4013605442176871,False,0.3543553951172129,0.11923226714134216,,
land_pad__8150.jpg,land_pad,8150,4,0,0.5892857142857143,0.4107142857142857,False,0.372489466772833,0.07780832797288895,,
land_pad__8175.jpg,land_pad,8175,4,0,0.5982905982905983,0.4017094017094017,False,0.44522498073801414,0.026818949729204178,,
land_pad__8200.jpg,land_pad,8200,4,0,0.5769230769230769,0.42307692307692313,False,0.40720382800229016,0.010459141805768013,,
land_pad__8225.jpg,land_pad,8225,4,0,0.5982905982905983,0.4017094017094017,False,0.4953506891891519,0.10810276865959167,,
land_pad__8250.jpg,land_pad,8250,4,0,0.6203007518796992,0.37969924812030076,True,0.514370229033787,0.04363192617893219,0.514370229033787,0.04363192617893219
land_pad__8275.jpg,land_pad,8275,4,0,0.5860805860805861,0.4139194139194139,False,0.4680252747533334,0.04493342339992523,,
land_pad__8300.jpg,land_pad,8300,4,0,0.6333333333333333,0.3666666666666667,True,0.5665899314921027,0.18369071185588837,0.5665899314921027,0.18369071185588837
land_pad__8325.jpg,land_pad,8325,4,0,0.59846547314578,0.40153452685422,False,0.2996358588061264,0.05311823636293411,,
land_pad__8350.jpg,land_pad,8350,4,0,0.6049382716049383,0.3950617283950617,False,0.4668797315863488,0.009519598446786404,,
land_pad__8375.jpg,land_pad,8375,4,0,0.6086956521739131,0.3913043478260869,True,0.5154723323309598,0.07080114632844925,0.5154723323309598,0.07080114632844925
land_pad__8400.jpg,land_pad,8400,4,0,0.5870445344129555,0.41295546558704455,True,0.6451544882933761,0.0646258071064949,0.5714717621518732,0.32703715562820435
land_pad__8425.jpg,land_pad,8425,4,0,0.6157407407407407,0.3842592592592593,True,0.7122717835993053,0.08715704828500748,0.7122717835993053,0.08715704828500748
land_pad__8450.jpg,land_pad,8450,4,0,0.5925925925925926,0.40740740740740744,True,0.7660371300987566,0.2315075695514679,0.7660371300987566,0.2315075695514679
land_pad__8475.jpg,land_pad,8475,4,0,0.5862857142857143,0.4137142857142857,True,0.596905189222601,0.055976752191782,0.5534662740330963,0.291799932718277
land_pad__8500.jpg,land_pad,8500,4,0,0.6053921568627451,0.39460784313725494,True,0.7483860705889323,0.4083705544471741,0.7483860705889323,0.4083705544471741
land_pad__8525.jpg,land_pad,8525,4,0,0.6107142857142858,0.38928571428571423,True,0.8878004726304132,0.144693985581398,0.6923405778943931,0.6030150055885315
land_pad__8550.jpg,land_pad,8550,4,0,0.5882352941176471,0.4117647058823529,True,0.6044234885013294,0.259776771068573,0.6044234885013294,0.259776771068573
land_pad__8575.jpg,land_pad,8575,4,0,0.5934065934065934,0.4065934065934066,True,0.629748355924058,0.13502711057662964,0.629748355924058,0.13502711057662964
land_pad__8600.jpg,land_pad,8600,4,0,0.6,0.4,True,0.5518554031133677,0.40186360478401184,0.5518554031133677,0.40186360478401184
land_pad__8625.jpg,land_pad,8625,4,0,0.6049382716049383,0.3950617283950617,True,0.7713199767492851,0.09548688679933548,0.5586566971744996,0.446176677942276
land_pad__8650.jpg,land_pad,8650,4,0,0.59375,0.40625,True,0.6994823794831396,0.1096307709813118,0.5116584712021408,0.529940128326416
land_pad__8675.jpg,land_pad,8675,4,0,0.5846153846153846,0.41538461538461535,True,0.6818031912711779,0.08883785456418991,0.5940563961362518,0.3844583034515381
land_pad__8700.jpg,land_pad,8700,4,0,0.5935672514619883,0.4064327485380117,True,0.6511165662556843,0.013506532646715641,0.5640757823088799,0.1253107190132141
land_pad2__2050.jpg,land_pad2,2050,4,0,0.599635902470954,0.400364097529046,True,0.7928555778072454,0.05359717458486557,0.7928555778072454,0.05359717458486557
land_pad2__2075.jpg,land_pad2,2075,4,0,0.5992831541218638,0.40071684587813616,True,0.8526968498966561,0.08329399675130844,0.8526968498966561,0.08329399675130844
land_pad2__2100.jpg,land_pad2,2100,4,0,0.5992754091997153,0.40072459080028466,True,0.8317602237218532,0.03290766850113869,0.8317602237218532,0.03290766850113869
land_pad2__2125.jpg,land_pad2,2125,4,0,0.5988593155893536,0.40114068441064643,True,0.8212070629243164,0.03194522112607956,0.8212070629243164,0.03194522112607956
land_pad2__2150.jpg,land_pad2,2150,4,0,0.5998949119887906,0.40010508801120936,True,0.7241372111549434,0.011907216161489487,0.6333845256641424,0.02668907307088375
land_pad2__2175.jpg,land_pad2,2175,4,0,0.5991712976503851,0.4008287023496149,True,0.8299662528010406,0.01173735223710537,0.5636005266908357,0.017900262027978897
land_pad2__2200.jpg,land_pad2,2200,4,0,0.5991427926911798,0.40085720730882024,True,0.7602540710539727,0.036826640367507935,0.5147809447464189,0.06356124579906464
land_pad2__2225.jpg,land_pad2,2225,4,0,0.5995921908301,0.40040780916990004,True,0.6402857538892504,0.007372232619673014,0.5338871448211107,0.007835778407752514
land_pad2__2250.jpg,land_pad2,2250,4,0,0.5995717641515318,0.4004282358484682,True,0.6510558565842781,0.024568522348999977,0.6510558565842781,0.024568522348999977
land_pad2__2275.jpg,land_pad2,2275,4,0,0.5994271857636568,0.40057281423634317,True,0.7804428440636728,0.0673879012465477,0.7804428440636728,0.0673879012465477
land_pad2__2300.jpg,land_pad2,2300,4,0,0.6005981136415919,0.3994018863584081,True,0.9037357763726207,0.009088979102671146,0.6939072694750829,0.060386594384908676
land_pad2__2325.jpg,land_pad2,2325,4,0,0.5988576062620101,0.4011423937379899,True,0.8995054171922716,0.02375192381441593,0.592311425623976,0.0768301710486412
land_pad2__2350.jpg,land_pad2,2350,4,0,0.5999751801951373,0.4000248198048627,True,0.7764879639588466,0.010784374549984932,0.5832312828926909,0.05038689076900482
land_pad2__2375.jpg,land_pad2,2375,4,0,0.5994290126227713,0.40057098737722874,True,0.8620737782383954,0.04613408073782921,0.5976651129146768,0.10297444462776184
land_pad2__2400.jpg,land_pad2,2400,4,0,0.6001434034416826,0.3998565965583174,True,0.6097908991869503,0.009729201905429363,0.5707619446209725,0.012124133296310902
land_pad2__2425.jpg,land_pad2,2425,4,0,0.5993988180150805,0.40060118198491945,True,0.8863570760163968,0.06383055448532104,0.8863570760163968,0.06383055448532104
land_pad2__2450.jpg,land_pad2,2450,4,0,0.6002178820915105,0.3997821179084895,True,0.8053679707831802,0.027351532131433487,0.8053679707831802,0.027351532131433487
land_pad2__2475.jpg,land_pad2,2475,4,0,0.6002967888053874,0.3997032111946126,True,0.824040902097602,0.010775282047688961,0.7948983714467652,0.015822289511561394
land_pad2__2500.jpg,land_pad2,2500,4,0,0.6000570163580734,0.3999429836419266,True,0.9381686921726665,0.02530047297477722,0.9381686921726665,0.02530047297477722
land_pad2__2525.jpg,land_pad2,2525,4,0,0.5995778767533072,0.4004221232466928,True,0.9091121892594173,0.011393681168556213,0.9091121892594173,0.011393681168556213
land_pad__6500.jpg,land_pad,6500,5,0,0.7391304347826086,0.26086956521739135,True,0.5799131447860583,0.0023593215737491846,0.5799131447860583,0.0023593215737491846
land_pad__6525.jpg,land_pad,6525,5,0,0.748,0.252,True,0.5464557548356453,0.003694121493026614,0.5464557548356453,0.003694121493026614
land_pad__6550.jpg,land_pad,6550,5,0,0.7285714285714285,0.27142857142857146,True,0.6895849363125529,0.0011780294589698315,0.6895849363125529,0.0011780294589698315
land_pad__6575.jpg,land_pad,6575,5,0,0.74375,0.25625,False,0.4901023765147333,0.0028908713720738888,,
land_pad__6600.jpg,land_pad,6600,5,0,0.7496296296296296,0.25037037037037035,False,0.4519828464840233,0.0031192090827971697,,
land_pad__6625.jpg,land_pad,6625,5,0,0.7509881422924901,0.2490118577075099,True,0.6925866186521892,0.0013813442783430219,0.6925866186521892,0.0013813442783430219
land_pad__6650.jpg,land_pad,6650,5,0,0.7676767676767676,0.23232323232323238,False,0.15805463453623855,0.001667485455982387,,
land_pad__6675.jpg,land_pad,6675,5,0,0.7410526315789474,0.2589473684210526,False,0.4409285256865462,0.002044559922069311,,
land_pad__6700.jpg,land_pad,6700,5,0,0.7340909090909091,0.2659090909090909,True,0.5104091415602373,0.0049135941080749035,0.5104091415602373,0.0049135941080749035
land_pad__6725.jpg,land_pad,6725,5,0,0.765625,0.234375,False,0.4354345155924216,0.004206745885312557,,
land_pad__6750.jpg,land_pad,6750,5,0,0.7484848484848485,0.25151515151515147,False,0.4926659027849355,0.003965158015489578,,
land_pad__6775.jpg,land_pad,6775,5,0,0.75,0.25,True,0.6026639489195502,0.0043272823095321655,0.6026639489195502,0.0043272823095321655
land_pad__6800.jpg,land_pad,6800,5,0,0.7620320855614974,0.23796791443850263,False,0.37643011887301925,0.006608039140701294,,
land_pad__6825.jpg,land_pad,6825,5,0,0.765625,0.234375,False,0.26128067732002214,0.0019893536809831858,,
land_pad__6850.jpg,land_pad,6850,5,0,0.7620320855614974,0.23796791443850263,False,0.06027104683276599,0.0019945038948208094,,
land_pad__7450.jpg,land_pad,7450,5,0,0.7672634271099744,0.23273657289002558,True,0.7381940771392788,0.02000577375292778,0.7381940771392788,0.02000577375292778
land_pad__7475.jpg,land_pad,7475,5,0,0.74375,0.25625,True,0.6046830124880914,0.027730219066143036,0.6046830124880914,0.027730219066143036
land_pad__7500.jpg,land_pad,7500,5,0,0.7346938775510204,0.26530612244897955,False,0.48044749113444724,0.003206361085176468,,
land_pad__7525.jpg,land_pad,7525,5,0,0.7703703703703704,0.22962962962962963,False,0.4815064819120036,0.003189715091139078,,
land_pad__7550.jpg,land_pad,7550,5,0,0.7366666666666667,0.2633333333333333,True,0.6267936521699116,0.06008104607462883,0.6267936521699116,0.06008104607462883
land_pad__7575.jpg,land_pad,7575,5,0,0.7453416149068323,0.25465838509316774,True,0.55830555102387,0.002907926682382822,0.55830555102387,0.002907926682382822
land_pad__7600.jpg,land_pad,7600,5,0,0.7252747252747253,0.27472527472527475,False,0.42827974762447457,0.022171111777424812,,
land_pad__7625.jpg,land_pad,7625,5,0,0.7403846153846154,0.2596153846153846,False,0.3579258439675162,0.03313402086496353,,
land_pad__7650.jpg,land_pad,7650,5,0,0.7252747252747253,0.27472527472527475,False,0.29083499511377414,0.001336405985057354,,
land_pad__7675.jpg,land_pad,7675,5,0,0.7536231884057971,0.24637681159420288,False,0.41999366021042084,0.0031518363393843174,,
land_pad__7700.jpg,land_pad,7700,5,0,0.7402597402597403,0.2597402597402597,False,0.41802612404588807,0.0519588477909565,,
land_pad__7725.jpg,land_pad,7725,5,0,0.7192307692307692,0.28076923076923077,False,0.47994198031587704,0.2905515432357788,,
land_pad__7750.jpg,land_pad,7750,5,0,0.7307692307692307,0.2692307692307693,False,0.3334795017732775,0.005116218701004982,,
land_pad__7775.jpg,land_pad,7775,5,0,0.7484848484848485,0.25151515151515147,False,0.4028890584009526,0.006434315349906683,,
land_pad__7800.jpg,land_pad,7800,5,0,0.7252747252747253,0.27472527472527475,False,0.2671750669495489,0.026517478749155998,,
land_pad__7825.jpg,land_pad,7825,5,0,0.7402597402597403,0.2597402597402597,False,0.3492736092892369,0.45259562134742737,,
land_pad__7850.jpg,land_pad,7850,5,0,0.7307692307692307,0.2692307692307693,False,0.21553530277190522,0.0014732189010828733,,
land_pad__7875.jpg,land_pad,7875,5,0,0.7402597402597403,0.2597402597402597,False,0.34220334708180833,0.0764862596988678,,
land_pad__7900.jpg,land_pad,7900,5,0,0.7536231884057971,0.24637681159420288,False,0.3372287604223696,0.13860906660556793,,
land_pad__7925.jpg,land_pad,7925,5,0,0.7346938775510204,0.26530612244897955,False,0.3901688312291227,0.2305522859096527,,
land_pad__7950.jpg,land_pad,7950,5,0,0.7307692307692307,0.2692307692307693,False,0.414238977952229,0.029502036049962044,,
land_pad__7975.jpg,land_pad,7975,5,0,0.7536231884057971,0.24637681159420288,False,0.40774513362424664,0.062480807304382324,,
land_pad__8000.jpg,land_pad,8000,5,0,0.7285714285714285,0.27142857142857146,False,0.409873937122119,0.06889812648296356,,
land_pad__8025.jpg,land_pad,8025,5,0,0.7298245614035088,0.2701754385964912,False,0.363501762324971,0.28130659461021423,,
land_pad__8050.jpg,land_pad,8050,5,0,0.7366666666666667,0.2633333333333333,True,0.5129822004431495,0.047227051109075546,0.5129822004431495,0.047227051109075546
land_pad__8075.jpg,land_pad,8075,5,0,0.7402597402597403,0.2597402597402597,False,0.28998798883119886,0.19922415912151337,,
land_pad__8100.jpg,land_pad,8100,5,0,0.7298245614035088,0.2701754385964912,True,0.5602585822039945,0.06410464644432068,0.5602585822039945,0.06410464644432068
land_pad__8125.jpg,land_pad,8125,5,0,0.7346938775510204,0.26530612244897955,False,0.37464824005242064,0.09958303719758987,,
land_pad__8150.jpg,land_pad,8150,5,0,0.7285714285714285,0.27142857142857146,False,0.37051273940808543,0.07791480422019958,,
land_pad__8175.jpg,land_pad,8175,5,0,0.7521367521367521,0.24786324786324787,False,0.4230361576536334,0.029935257509350777,,
land_pad__8200.jpg,land_pad,8200,5,0,0.7403846153846154,0.2596153846153846,False,0.3923467152988101,0.10954171419143677,,
land_pad__8225.jpg,land_pad,8225,5,0,0.7521367521367521,0.24786324786324787,False,0.49744342777233214,0.09988290071487427,,
land_pad__8250.jpg,land_pad,8250,5,0,0.7218045112781954,0.27819548872180455,True,0.506046223994701,0.04166489467024803,0.506046223994701,0.04166489467024803
land_pad__8275.jpg,land_pad,8275,5,0,0.7252747252747253,0.27472527472527475,False,0.43648710891114845,0.05971699580550194,,
land_pad__8300.jpg,land_pad,8300,5,0,0.7583333333333333,0.2416666666666667,True,0.5647935936827984,0.1776430606842041,0.5647935936827984,0.1776430606842041
land_pad__8325.jpg,land_pad,8325,5,0,0.7672634271099744,0.23273657289002558,False,0.30755339319400926,0.055170249193906784,,
land_pad__8350.jpg,land_pad,8350,5,0,0.757201646090535,0.24279835390946503,False,0.45315440202011276,0.007923318073153496,,
land_pad__8375.jpg,land_pad,8375,5,0,0.748792270531401,0.25120772946859904,True,0.5000115024300171,0.07402156293392181,0.5000115024300171,0.07402156293392181
land_pad__8400.jpg,land_pad,8400,5,0,0.7682186234817814,0.23178137651821862,True,0.6343814804496999,0.0580427348613739,0.562041267266688,0.2923552095890045
land_pad__8425.jpg,land_pad,8425,5,0,0.7534722222222222,0.2465277777777778,True,0.6659874550896465,0.09408862888813019,0.6659874550896465,0.09408862888813019
land_pad__8450.jpg,land_pad,8450,5,0,0.7380952380952381,0.26190476190476186,True,0.755061899781957,0.18984980881214142,0.755061899781957,0.18984980881214142
land_pad__8475.jpg,land_pad,8475,5,0,0.7542857142857143,0.24571428571428566,True,0.5880860629742415,0.059670187532901764,0.5665748404430223,0.2833932936191559
land_pad__8500.jpg,land_pad,8500,5,0,0.7463235294117647,0.2536764705882353,True,0.7515290104519879,0.4363023042678833,0.7515290104519879,0.4363023042678833
land_pad__8525.jpg,land_pad,8525,5,0,0.75,0.25,True,0.9028487213621537,0.09601063281297684,0.6790477500988166,0.4914487898349762
land_pad__8550.jpg,land_pad,8550,5,0,0.754524886877828,0.24547511312217196,True,0.577536322720795,0.1825958490371704,0.577536322720795,0.1825958490371704
land_pad__8575.jpg,land_pad,8575,5,0,0.7582417582417582,0.2417582417582418,True,0.6116312248496715,0.1155926063656807,0.6116312248496715,0.1155926063656807
land_pad__8600.jpg,land_pad,8600,5,0,0.7301587301587301,0.2698412698412699,True,0.5480540968790666,0.36085036396980286,0.5480540968790666,0.36085036396980286
land_pad__8625.jpg,land_pad,8625,5,0,0.7335390946502057,0.2664609053497943,True,0.7906715460069018,0.1228494718670845,0.5484577822584273,0.3684033751487732
land_pad__8650.jpg,land_pad,8650,5,0,0.77,0.22999999999999998,True,0.7056667853235501,0.10423430055379868,0.511578107564183,0.5368157625198364
land_pad__8675.jpg,land_pad,8675,5,0,0.7671794871794871,0.23282051282051286,True,0.6817099250499606,0.08222616463899612,0.6169919351736407,0.34262365102767944
land_pad__8700.jpg,land_pad,8700,5,0,0.7397660818713451,0.26023391812865493,True,0.6744069023466255,0.015542516484856606,0.5295165417057772,0.1604708582162857
land_pad2__2050.jpg,land_pad2,2050,5,0,0.7505154639175258,0.24948453608247423,True,0.8561913544789431,0.04523741826415062,0.8561913544789431,0.04523741826415062
land_pad2__2075.jpg,land_pad2,2075,5,0,0.7497556207233627,0.25024437927663734,True,0.8339945248111272,0.023410361260175705,0.8339945248111272,0.023410361260175705
land_pad2__2100.jpg,land_pad2,2100,5,0,0.7515041728666624,0.24849582713333762,True,0.8577610995333569,0.060471225529909134,0.8577610995333569,0.060471225529909134
land_pad2__2125.jpg,land_pad2,2125,5,0,0.7497687801870312,0.2502312198129688,True,0.8161067282791743,0.015332046896219254,0.8032188771487582,0.026569953188300133
land_pad2__2150.jpg,land_pad2,2150,5,0,0.7491023732375864,0.25089762676241356,True,0.8261768915368225,0.012812555767595768,0.6247782652336838,0.023294348269701004
land_pad2__2175.jpg,land_pad2,2175,5,0,0.7513307984790875,0.24866920152091254,True,0.6893277156656248,0.007463359739631414,0.6285801212588941,0.015512784942984581
land_pad2__2200.jpg,land_pad2,2200,5,0,0.7508281192491719,0.24917188075082808,True,0.7071266090441226,0.021895483136177063,0.7071266090441226,0.021895483136177063
land_pad2__2225.jpg,land_pad2,2225,5,0,0.7496721132302312,0.2503278867697688,True,0.636647286441732,0.0016022886848077178,0.6244272300163937,0.007024982012808323
land_pad2__2250.jpg,land_pad2,2250,5,0,0.7510688572755053,0.24893114272449468,True,0.6334729983550428,0.006074728909879923,0.6334729983550428,0.006074728909879923
land_pad2__2275.jpg,land_pad2,2275,5,0,0.7485307314837798,0.2514692685162202,True,0.715166133519628,0.012371578253805637,0.5670594329717203,0.09055715799331665
land_pad2__2300.jpg,land_pad2,2300,5,0,0.7515297906602254,0.2484702093397746,True,0.8584996932364769,0.0598292350769043,0.5383528336810072,0.06255166232585907
land_pad2__2325.jpg,land_pad2,2325,5,0,0.7496958905558592,0.25030410944414083,True,0.8203388903578538,0.01371562946587801,0.5083927706511069,0.039737850427627563
land_pad2__2350.jpg,land_pad2,2350,5,0,0.7502490365555478,0.24975096344445225,True,0.8092774097257112,0.037330981343984604,0.8092774097257112,0.037330981343984604
land_pad2__2375.jpg,land_pad2,2375,5,0,0.7490312965722802,0.2509687034277198,True,0.7807550595546139,0.15003995597362518,0.7807550595546139,0.15003995597362518
land_pad2__2400.jpg,land_pad2,2400,5,0,0.7506692160611854,0.24933078393881458,True,0.8046176837615712,0.012093838304281235,0.5261519188895661,0.013980016112327576
land_pad2__2425.jpg,land_pad2,2425,5,0,0.749077281887553,0.25092271811244704,True,0.8290130964687296,0.017169522121548653,0.5305362507273591,0.017747443169355392
land_pad2__2450.jpg,land_pad2,2450,5,0,0.7498867249524245,0.2501132750475755,True,0.7833218032396512,0.02928265370428562,0.7833218032396512,0.02928265370428562
land_pad2__2475.jpg,land_pad2,2475,5,0,0.7501374719720386,0.24986252802796138,True,0.7994203569975447,0.031591497361660004,0.7994203569975447,0.031591497361660004
land_pad2__2500.jpg,land_pad2,2500,5,0,0.7504744671111979,0.24952553288880208,True,0.8471576559503299,0.01441756822168827,0.8471576559503299,0.01441756822168827
land_pad2__2525.jpg,land_pad2,2525,5,0,0.7506281991624011,0.2493718008375989,True,0.7943729552113724,0.011363937519490719,0.5948218972479423,0.01657264120876789
