topology,dose_bin_idx,dose_bin_label,dose_bin_center,n,success_rate_mean,success_rate_ci_low,success_rate_ci_high,recall,mean_iou,mean_confidence,mean_tp,mean_fp,mean_fn
CENTER,0,"[0.00, 0.05)",0.025,142,0.533098,0.432409,0.642857,0.535211,0.57343,0.442551,0.535211,151.492958,0.464789
CENTER,1,"[0.05, 0.15)",0.1,155,0.594068,0.48366,0.712441,0.593548,0.575249,0.331038,0.593548,151.754839,0.406452
CENTER,2,"[0.15, 0.25)",0.2,168,0.54747,0.437115,0.656674,0.547619,0.550792,0.252463,0.547619,155.785714,0.452381
CENTER,3,"[0.25, 0.35)",0.3,170,0.575863,0.462296,0.688633,0.576471,0.556019,0.208216,0.576471,155.370588,0.423529
CENTER,4,"[0.35, 0.45)",0.4,185,0.501007,0.3837,0.622236,0.502703,0.531653,0.199466,0.502703,161.356757,0.497297
CENTER,5,"[0.45, 0.55)",0.5,142,0.590299,0.471258,0.715233,0.591549,0.568337,0.135126,0.591549,155.802817,0.408451
CENTER,6,"[0.55, 0.65)",0.6000000000000001,215,0.437878,0.327505,0.550789,0.437209,0.508555,0.135084,0.437209,158.148837,0.562791
CENTER,7,"[0.65, 0.75)",0.7,113,0.458066,0.341875,0.585586,0.460177,0.506612,0.110959,0.460177,158.318584,0.539823
OUTER_RING,0,"[0.00, 0.05)",0.025,115,0.546658,0.431034,0.658343,0.547826,0.581079,0.452255,0.547826,148.913043,0.452174
OUTER_RING,1,"[0.05, 0.15)",0.1,214,0.47159,0.364015,0.590271,0.471963,0.552846,0.411143,0.471963,148.457944,0.528037
OUTER_RING,2,"[0.15, 0.25)",0.2,155,0.611971,0.496774,0.727354,0.612903,0.608461,0.501184,0.612903,149.135484,0.387097
OUTER_RING,3,"[0.25, 0.35)",0.3,145,0.557602,0.432386,0.677643,0.558621,0.584281,0.464081,0.558621,149.296552,0.441379
OUTER_RING,4,"[0.35, 0.45)",0.4,215,0.522206,0.409682,0.647357,0.52093,0.539101,0.417695,0.52093,151.772093,0.47907
OUTER_RING,5,"[0.45, 0.55)",0.5,142,0.669082,0.545439,0.794123,0.669014,0.560902,0.448492,0.669014,147.140845,0.330986
OUTER_RING,6,"[0.55, 0.65)",0.6000000000000001,185,0.507843,0.393244,0.625782,0.508108,0.523075,0.430085,0.508108,155.718919,0.491892
OUTER_RING,7,"[0.65, 0.75)",0.7,119,0.590712,0.465502,0.71562,0.588235,0.534079,0.385889,0.588235,148.470588,0.411765
STRIPED,0,"[0.00, 0.05)",0.025,125,0.502259,0.4,0.61477,0.504,0.561437,0.41344,0.504,150.928,0.496
STRIPED,1,"[0.05, 0.15)",0.1,178,0.560127,0.45187,0.66848,0.561798,0.56804,0.468741,0.561798,150.398876,0.438202
STRIPED,2,"[0.15, 0.25)",0.2,163,0.55781,0.448043,0.668773,0.558282,0.553865,0.410425,0.558282,154.601227,0.441718
STRIPED,3,"[0.25, 0.35)",0.3,180,0.522015,0.417571,0.634409,0.522222,0.51827,0.298618,0.522222,164.394444,0.477778
STRIPED,4,"[0.35, 0.45)",0.4,164,0.4634,0.357576,0.578321,0.463415,0.490944,0.24486,0.463415,163.073171,0.536585
STRIPED,5,"[0.45, 0.55)",0.5,175,0.508279,0.391807,0.626375,0.508571,0.49552,0.238454,0.508571,162.457143,0.491429
STRIPED,6,"[0.55, 0.65)",0.6000000000000001,165,0.424855,0.324959,0.530884,0.424242,0.47411,0.196385,0.424242,161.515152,0.575758
STRIPED,7,"[0.65, 0.75)",0.7,140,0.429345,0.328462,0.535224,0.428571,0.46426,0.176304,0.428571,159.05,0.571429
RANDOM_PATCH,0,"[0.00, 0.05)",0.025,89,0.537361,0.431818,0.644462,0.539326,0.570321,0.447657,0.539326,149.179775,0.460674
RANDOM_PATCH,1,"[0.05, 0.15)",0.1,172,0.539184,0.432706,0.649447,0.540698,0.563981,0.419864,0.540698,152.860465,0.459302
RANDOM_PATCH,2,"[0.15, 0.25)",0.2,141,0.524687,0.419722,0.637697,0.524823,0.553402,0.336385,0.524823,153.29078,0.475177
RANDOM_PATCH,3,"[0.25, 0.35)",0.3,196,0.565177,0.458928,0.678617,0.566327,0.55369,0.32859,0.566327,156.168367,0.433673
RANDOM_PATCH,4,"[0.35, 0.45)",0.4,178,0.510105,0.409935,0.616227,0.511236,0.534296,0.260137,0.511236,157.382022,0.488764
RANDOM_PATCH,5,"[0.45, 0.55)",0.5,179,0.513446,0.406972,0.617586,0.513966,0.529548,0.212855,0.513966,159.50838,0.486034
RANDOM_PATCH,6,"[0.55, 0.65)",0.6000000000000001,201,0.511161,0.402061,0.616116,0.512438,0.536711,0.171549,0.512438,157.78607,0.487562
RANDOM_PATCH,7,"[0.65, 0.75)",0.7,134,0.469931,0.361629,0.584634,0.470149,0.511398,0.145212,0.470149,157.164179,0.529851
