model,bin_lower,bin_upper,count,mean_confidence,empirical_box_correctness
baseline,0.0,0.1,135992,0.0028719888411830024,0.000808871110065298
baseline,0.1,0.2,122,0.14392633388032677,0.13934426229508196
baseline,0.2,0.3,77,0.2497050998272834,0.24675324675324675
baseline,0.3,0.4,29,0.35081897521841116,0.5172413793103449
baseline,0.4,0.5,22,0.4527773735198108,0.6363636363636364
baseline,0.5,0.6,25,0.554088351726532,0.92
baseline,0.6,0.7,9,0.6527856257226732,0.8888888888888888
baseline,0.7,0.8,3,0.7226013938585917,0.6666666666666666
baseline,0.8,0.9,30,0.8756544411182403,1.0
baseline,0.9,1.0,50,0.9338317227363586,1.0
phase23,0.0,0.1,71056,0.002916515373917184,0.0011540193650078812
phase23,0.1,0.2,94,0.14847818730359383,0.18085106382978725
phase23,0.2,0.3,55,0.24394669749520043,0.41818181818181815
phase23,0.3,0.4,50,0.3485681635141373,0.42
phase23,0.4,0.5,34,0.44473589781452627,0.4117647058823529
phase23,0.5,0.6,19,0.5474527635072407,0.5789473684210527
phase23,0.6,0.7,21,0.6490353771618435,0.6666666666666666
phase23,0.7,0.8,16,0.7417204864323139,0.9375
phase23,0.8,0.9,49,0.8697921986482582,1.0
phase23,0.9,1.0,26,0.9203474338238056,1.0
