model,condition,unit,feature,success_count,failure_count,success_mean,failure_mean,failure_minus_success
baseline,clean,frame,source_target_area_ratio,53,33,0.13419823108979245,0.00028340244190909084,-0.13391482864788337
baseline,clean,frame,source_target_center_x,53,33,0.5278446981132076,0.44983578787878786,-0.07800891023441969
baseline,clean,frame,source_target_center_y,53,33,0.3792532028301887,0.45784063636363637,0.07858743353344766
baseline,clean,frame,source_target_edge_distance,53,33,0.29994647641509437,0.3214097878787879,0.021463311463693513
baseline,clean,frame,source_brightness_mean,53,33,0.4911219916021113,0.47084612950533256,-0.02027586209677873
baseline,clean,frame,source_contrast_std,53,33,0.23407461915299133,0.280942509855979,0.04686789070298769
baseline,clean,frame,source_sharpness_gradient_energy,53,33,0.0029456763186429535,0.0023302879657053303,-0.0006153883529376233
baseline,clean,frame,view_brightness_mean,53,33,0.49112304639957277,0.47084641678702704,-0.020276629612545727
baseline,clean,frame,view_contrast_std,53,33,0.2340761441569236,0.28094549451337403,0.04686935035645043
baseline,clean,frame,view_sharpness_gradient_energy,53,33,0.002946140761307238,0.0023308080189816597,-0.0006153327423255783
baseline,clean,target,target_area_ratio,53,33,0.13419823108979245,0.00028340244190909084,-0.13391482864788337
baseline,clean,target,target_center_x,53,33,0.5278446981132076,0.44983578787878786,-0.07800891023441969
baseline,clean,target,target_center_y,53,33,0.3792532028301887,0.45784063636363637,0.07858743353344766
baseline,clean,target,target_edge_distance,53,33,0.29994647641509437,0.3214097878787879,0.021463311463693513
baseline,blur,frame,source_target_area_ratio,45,41,0.15798357454731113,0.00030726033446341455,-0.15767631421284772
baseline,blur,frame,source_target_center_x,45,41,0.5172477555555556,0.47668782926829273,-0.04055992628726285
baseline,blur,frame,source_target_center_y,45,41,0.39466999444444445,0.42558563414634143,0.03091563970189698
baseline,blur,frame,source_target_edge_distance,45,41,0.30126429444444447,0.31577543902439026,0.01451114457994579
baseline,blur,frame,source_brightness_mean,45,41,0.491574592331113,0.47430563838262907,-0.017268953948483934
baseline,blur,frame,source_contrast_std,45,41,0.23158796491574646,0.2745268102231038,0.042938845307357365
baseline,blur,frame,source_sharpness_gradient_energy,45,41,0.002749161138745188,0.002666051134459,-8.311000428618811e-05
baseline,blur,frame,view_brightness_mean,45,41,0.4916043747522876,0.47436439627354626,-0.017239978478741314
baseline,blur,frame,view_contrast_std,45,41,0.2218262735666823,0.26786418596116046,0.04603791239447816
baseline,blur,frame,view_sharpness_gradient_energy,45,41,0.00013740379867816188,0.00010981558486555311,-2.7588213812608766e-05
baseline,blur,target,target_area_ratio,45,41,0.15798357454731113,0.00030726033446341455,-0.15767631421284772
baseline,blur,target,target_center_x,45,41,0.5172477555555556,0.47668782926829273,-0.04055992628726285
baseline,blur,target,target_center_y,45,41,0.39466999444444445,0.42558563414634143,0.03091563970189698
baseline,blur,target,target_edge_distance,45,41,0.30126429444444447,0.31577543902439026,0.01451114457994579
baseline,low_light,frame,source_target_area_ratio,49,37,0.14512492786687756,0.0002901908882432431,-0.1448347369786343
baseline,low_light,frame,source_target_center_x,49,37,0.5385370612244897,0.4441090270270271,-0.09442803419746265
baseline,low_light,frame,source_target_center_y,49,37,0.3765105051020408,0.4529769189189189,0.07646641381687808
baseline,low_light,frame,source_target_edge_distance,49,37,0.2995131887755102,0.31966324324324324,0.020150054467733047
baseline,low_light,frame,source_brightness_mean,49,37,0.49378377227769993,0.46951305370217766,-0.024270718575522265
baseline,low_light,frame,source_contrast_std,49,37,0.2289854410960301,0.28261543315271276,0.053629992056682646
baseline,low_light,frame,source_sharpness_gradient_energy,49,37,0.0029362932328447764,0.00240924268505293,-0.0005270505477918464
baseline,low_light,frame,view_brightness_mean,49,37,0.20549936627535567,0.1953560183139591,-0.01014334796139657
baseline,low_light,frame,view_contrast_std,49,37,0.09613206819598014,0.11858428479878526,0.022452216602805122
baseline,low_light,frame,view_sharpness_gradient_energy,49,37,0.0005059761901609154,0.0004051231376941833,-0.00010085305246673216
baseline,low_light,target,target_area_ratio,49,37,0.14512492786687756,0.0002901908882432431,-0.1448347369786343
baseline,low_light,target,target_center_x,49,37,0.5385370612244897,0.4441090270270271,-0.09442803419746265
baseline,low_light,target,target_center_y,49,37,0.3765105051020408,0.4529769189189189,0.07646641381687808
baseline,low_light,target,target_edge_distance,49,37,0.2995131887755102,0.31966324324324324,0.020150054467733047
baseline,noise,frame,source_target_area_ratio,45,41,0.1579666491302889,0.00032583701168292664,-0.15764081211860598
baseline,noise,frame,source_target_center_x,45,41,0.49427564444444444,0.5019011219512195,0.007625477506775058
baseline,noise,frame,source_target_center_y,45,41,0.40037006111111106,0.41932946341463423,0.018959402303523165
baseline,noise,frame,source_target_edge_distance,45,41,0.2995701611111111,0.3176348536585366,0.018064692547425487
baseline,noise,frame,source_brightness_mean,45,41,0.4888375742658737,0.4773096826005743,-0.011527891665299383
baseline,noise,frame,source_contrast_std,45,41,0.23401564488248347,0.27186228343034374,0.03784663854786027
baseline,noise,frame,source_sharpness_gradient_energy,45,41,0.002647547386125722,0.002777578423919389,0.0001300310377936667
baseline,noise,frame,view_brightness_mean,45,41,0.4875553613982676,0.4766226486661237,-0.010932712732143912
baseline,noise,frame,view_contrast_std,45,41,0.23816615135380362,0.2741823350975217,0.036016183743718094
baseline,noise,frame,view_sharpness_gradient_energy,45,41,0.008062346183909252,0.008085580788812871,2.3234604903618963e-05
baseline,noise,target,target_area_ratio,45,41,0.1579666491302889,0.00032583701168292664,-0.15764081211860598
baseline,noise,target,target_center_x,45,41,0.49427564444444444,0.5019011219512195,0.007625477506775058
baseline,noise,target,target_center_y,45,41,0.40037006111111106,0.41932946341463423,0.018959402303523165
baseline,noise,target,target_edge_distance,45,41,0.2995701611111111,0.3176348536585366,0.018064692547425487
baseline,occlusion,frame,source_target_area_ratio,53,33,0.13419978008575473,0.00028091466051515126,-0.13391886542523956
baseline,occlusion,frame,source_target_center_x,53,33,0.5198545283018868,0.4626684848484849,-0.05718604345340195
baseline,occlusion,frame,source_target_center_y,53,33,0.37981276886792453,0.45694193939393946,0.07712917052601492
baseline,occlusion,frame,source_target_edge_distance,53,33,0.29755887264150943,0.3252444242424243,0.02768555160091485
baseline,occlusion,frame,source_brightness_mean,53,33,0.48953744831721147,0.4733910020538079,-0.016146446263403558
baseline,occlusion,frame,source_contrast_std,53,33,0.235034417020144,0.27940101631176406,0.04436659929162007
baseline,occlusion,frame,source_sharpness_gradient_energy,53,33,0.0028696321779510055,0.002452419464392398,-0.0004172127135586073
baseline,occlusion,frame,view_brightness_mean,53,33,0.49536187332169673,0.47340393913371676,-0.021957934187979977
baseline,occlusion,frame,view_contrast_std,53,33,0.22854639960836143,0.27940076916976797,0.05085436956140654
baseline,occlusion,frame,view_sharpness_gradient_energy,53,33,0.0027657061862436843,0.0024521211514788054,-0.0003135850347648788
baseline,occlusion,target,target_area_ratio,53,33,0.13419978008575473,0.00028091466051515126,-0.13391886542523956
baseline,occlusion,target,target_center_x,53,33,0.5198545283018868,0.4626684848484849,-0.05718604345340195
baseline,occlusion,target,target_center_y,53,33,0.37981276886792453,0.45694193939393946,0.07712917052601492
baseline,occlusion,target,target_edge_distance,53,33,0.29755887264150943,0.3252444242424243,0.02768555160091485
baseline,mixed,frame,source_target_area_ratio,43,43,0.16531193352176746,0.00031268341641860464,-0.16499925010534885
baseline,mixed,frame,source_target_center_x,43,43,0.48334309302325573,0.512479,0.029135906976744286
baseline,mixed,frame,source_target_center_y,43,43,0.4117804360465117,0.4070372558139534,-0.0047431802325583194
baseline,mixed,frame,source_target_edge_distance,43,43,0.3010779127906977,0.3152868837209302,0.014208970930232545
baseline,mixed,frame,source_brightness_mean,43,43,0.49106657828734496,0.4756168595867915,-0.01544971870055345
baseline,mixed,frame,source_contrast_std,43,43,0.23255981286840416,0.2715578066747551,0.03899799380635094
baseline,mixed,frame,source_sharpness_gradient_energy,43,43,0.0025911259797686704,0.002827951875030224,0.00023682589526155366
baseline,mixed,frame,view_brightness_mean,43,43,0.20667683912197446,0.19798966866412673,-0.008687170457847726
baseline,mixed,frame,view_contrast_std,43,43,0.09615302875799188,0.11398384407915299,0.01783081532116111
baseline,mixed,frame,view_sharpness_gradient_energy,43,43,0.0026139188483256504,0.002637418255966689,2.3499407641038722e-05
baseline,mixed,target,target_area_ratio,43,43,0.16531193352176746,0.00031268341641860464,-0.16499925010534885
baseline,mixed,target,target_center_x,43,43,0.48334309302325573,0.512479,0.029135906976744286
baseline,mixed,target,target_center_y,43,43,0.4117804360465117,0.4070372558139534,-0.0047431802325583194
baseline,mixed,target,target_edge_distance,43,43,0.3010779127906977,0.3152868837209302,0.014208970930232545
phase23,clean,frame,source_target_area_ratio,46,40,0.1545500308606087,0.0003139277188499998,-0.1542361031417587
phase23,clean,frame,source_target_center_x,46,40,0.4822803043478261,0.5158864000000001,0.033606095652173984
phase23,clean,frame,source_target_center_y,46,40,0.4091753206521739,0.40967739999999997,0.0005020793478260899
phase23,clean,frame,source_target_edge_distance,46,40,0.3048057880434783,0.3120655,0.007259711956521697
phase23,clean,frame,source_brightness_mean,46,40,0.48905049323123356,0.4767766284987781,-0.012273864732455453
phase23,clean,frame,source_contrast_std,46,40,0.23643024024405998,0.27003166472822715,0.03360142448416717
phase23,clean,frame,source_sharpness_gradient_energy,46,40,0.0026346351924106197,0.002795678222636598,0.00016104303022597844
phase23,clean,frame,view_brightness_mean,46,40,0.48905177777321507,0.4767767858895338,-0.012274991883681252
phase23,clean,frame,view_contrast_std,46,40,0.23643106556582752,0.2700351985807556,0.03360413301492807
phase23,clean,frame,view_sharpness_gradient_energy,46,40,0.00263506196192769,0.002796231868175116,0.00016116990624742613
phase23,clean,target,target_area_ratio,46,40,0.1545500308606087,0.0003139277188499998,-0.1542361031417587
phase23,clean,target,target_center_x,46,40,0.4822803043478261,0.5158864000000001,0.033606095652173984
phase23,clean,target,target_center_y,46,40,0.4091753206521739,0.40967739999999997,0.0005020793478260899
phase23,clean,target,target_edge_distance,46,40,0.3048057880434783,0.3120655,0.007259711956521697
phase23,blur,frame,source_target_area_ratio,53,33,0.13417609653179247,0.0003189518835454545,-0.13385714464824702
phase23,blur,frame,source_target_center_x,53,33,0.46846990566037733,0.5451953030303031,0.07672539736992573
phase23,blur,frame,source_target_center_y,53,33,0.41763697641509434,0.3961939696969697,-0.021443006718124658
phase23,blur,frame,source_target_edge_distance,53,33,0.30192185377358494,0.3182372121212121,0.01631535834762715
phase23,blur,frame,source_brightness_mean,53,33,0.48674228144602083,0.47788020945299287,-0.008862071993027965
phase23,blur,frame,source_contrast_std,53,33,0.2424148598438053,0.26754757783739896,0.02513271799359365
phase23,blur,frame,source_sharpness_gradient_energy,53,33,0.0025846889306613175,0.0029100555888273514,0.00032536665816603394
phase23,blur,frame,view_brightness_mean,53,33,0.48677733457889605,0.4779375266177833,-0.008839807961112722
phase23,blur,frame,view_contrast_std,53,33,0.233584287468327,0.260140809063241,0.026556521594914007
phase23,blur,frame,view_sharpness_gradient_energy,53,33,0.00012937982411640838,0.00011601452247985808,-1.336530163655031e-05
phase23,blur,target,target_area_ratio,53,33,0.13417609653179247,0.0003189518835454545,-0.13385714464824702
phase23,blur,target,target_center_x,53,33,0.46846990566037733,0.5451953030303031,0.07672539736992573
phase23,blur,target,target_center_y,53,33,0.41763697641509434,0.3961939696969697,-0.021443006718124658
phase23,blur,target,target_edge_distance,53,33,0.30192185377358494,0.3182372121212121,0.01631535834762715
phase23,low_light,frame,source_target_area_ratio,38,48,0.18698012900739477,0.0003461172096041666,-0.1866340117977906
phase23,low_light,frame,source_target_center_x,38,48,0.4786749210526316,0.5131396458333334,0.03446472478070178
phase23,low_light,frame,source_target_center_y,38,48,0.42014909868421046,0.40090614583333334,-0.019242952850877126
phase23,low_light,frame,source_target_edge_distance,38,48,0.3076502434210527,0.3086036875,0.0009534440789473186
phase23,low_light,frame,source_brightness_mean,38,48,0.4903633765821917,0.4777829066346788,-0.012580469947512884
phase23,low_light,frame,source_contrast_std,38,48,0.23295563042948195,0.26718216008407364,0.03422652965459169
phase23,low_light,frame,source_sharpness_gradient_energy,38,48,0.002835079984990386,0.00261015225680662,-0.0002249277281837661
phase23,low_light,frame,view_brightness_mean,38,48,0.20405543564860834,0.1988236473012874,-0.005231788347320937
phase23,low_light,frame,view_contrast_std,38,48,0.09780964243309004,0.11211090555626375,0.014301263123173716
phase23,low_light,frame,view_sharpness_gradient_energy,38,48,0.0004900921189212185,0.00044081018528256943,-4.928193363864906e-05
phase23,low_light,target,target_area_ratio,38,48,0.18698012900739477,0.0003461172096041666,-0.1866340117977906
phase23,low_light,target,target_center_x,38,48,0.4786749210526316,0.5131396458333334,0.03446472478070178
phase23,low_light,target,target_center_y,38,48,0.42014909868421046,0.40090614583333334,-0.019242952850877126
phase23,low_light,target,target_edge_distance,38,48,0.3076502434210527,0.3086036875,0.0009534440789473186
phase23,noise,frame,source_target_area_ratio,48,38,0.14812843617216667,0.0003077261073157895,-0.14782071006485087
phase23,noise,frame,source_target_center_x,48,38,0.47967181250000007,0.5209500789473683,0.04127826644736826
phase23,noise,frame,source_target_center_y,48,38,0.4191814947916667,0.397064447368421,-0.022117047423245717
phase23,noise,frame,source_target_edge_distance,48,38,0.30561252604166667,0.3114285526315789,0.00581602658991226
phase23,noise,frame,source_brightness_mean,48,38,0.49089782421972,0.47379716489582396,-0.01710065932389604
phase23,noise,frame,source_contrast_std,48,38,0.23539924760801215,0.27310246724134907,0.03770321963333692
phase23,noise,frame,source_sharpness_gradient_energy,48,38,0.002569689590933477,0.0028861907208301463,0.0003165011298966692
phase23,noise,frame,view_brightness_mean,48,38,0.4896600249610295,0.4731010173711498,-0.016559007589879715
phase23,noise,frame,view_contrast_std,48,38,0.23950641708172707,0.2753327507893856,0.03582633370765856
phase23,noise,frame,view_sharpness_gradient_energy,48,38,0.007989334864332056,0.008179639924455405,0.000190305060123349
phase23,noise,target,target_area_ratio,48,38,0.14812843617216667,0.0003077261073157895,-0.14782071006485087
phase23,noise,target,target_center_x,48,38,0.47967181250000007,0.5209500789473683,0.04127826644736826
phase23,noise,target,target_center_y,48,38,0.4191814947916667,0.397064447368421,-0.022117047423245717
phase23,noise,target,target_edge_distance,48,38,0.30561252604166667,0.3114285526315789,0.00581602658991226
phase23,occlusion,frame,source_target_area_ratio,43,43,0.12632731272783723,0.039297304210348834,-0.0870300085174884
phase23,occlusion,frame,source_target_center_x,43,43,0.48189513953488383,0.513926953488372,0.0320318139534882
phase23,occlusion,frame,source_target_center_y,43,43,0.40366148255813955,0.4151562093023256,0.011494726744186057
phase23,occlusion,frame,source_target_edge_distance,43,43,0.29902081976744194,0.3173439767441861,0.018323156976744137
phase23,occlusion,frame,source_brightness_mean,43,43,0.49007361985805636,0.47660981801608,-0.013463801841976375
phase23,occlusion,frame,source_contrast_std,43,43,0.23340517260896332,0.2707124469341959,0.037307274325232564
phase23,occlusion,frame,source_sharpness_gradient_energy,43,43,0.0026945440806730126,0.0027245337741258814,2.998969345286871e-05
phase23,occlusion,frame,view_brightness_mean,43,43,0.49700565351365183,0.4768666552645477,-0.020138998249104145
phase23,occlusion,frame,view_contrast_std,43,43,0.2269493856593476,0.26917118554636166,0.04222179988701405
phase23,occlusion,frame,view_sharpness_gradient_energy,43,43,0.0025863764685860953,0.0027043776214072976,0.00011800115282120226
phase23,occlusion,target,target_area_ratio,43,43,0.12632731272783723,0.039297304210348834,-0.0870300085174884
phase23,occlusion,target,target_center_x,43,43,0.48189513953488383,0.513926953488372,0.0320318139534882
phase23,occlusion,target,target_center_y,43,43,0.40366148255813955,0.4151562093023256,0.011494726744186057
phase23,occlusion,target,target_edge_distance,43,43,0.29902081976744194,0.3173439767441861,0.018323156976744137
phase23,mixed,frame,source_target_area_ratio,44,42,0.16155477647409092,0.00032019913052380933,-0.1612345773435671
phase23,mixed,frame,source_target_center_x,44,42,0.4924388636363636,0.5036438095238095,0.011204945887445916
phase23,mixed,frame,source_target_center_y,44,42,0.4165524261363636,0.4019250952380952,-0.014627330898268398
phase23,mixed,frame,source_target_edge_distance,44,42,0.2981892556818182,0.3186514047619048,0.02046214908008659
phase23,mixed,frame,source_brightness_mean,44,42,0.48943268028256354,0.4769607118132159,-0.012471968469347616
phase23,mixed,frame,source_contrast_std,44,42,0.23265005352726031,0.2723917925037237,0.03974173897646338
phase23,mixed,frame,source_sharpness_gradient_energy,44,42,0.0025923615325412017,0.002832296198203323,0.00023993466566212115
phase23,mixed,frame,view_brightness_mean,44,42,0.20593873864444168,0.1985560793915933,-0.007382659252848367
phase23,mixed,frame,view_contrast_std,44,42,0.09622305678458946,0.11433502460655462,0.018111967821965155
phase23,mixed,frame,view_sharpness_gradient_energy,44,42,0.0026150208639438197,0.0026368232731200604,2.1802409176240652e-05
phase23,mixed,target,target_area_ratio,44,42,0.16155477647409092,0.00032019913052380933,-0.1612345773435671
phase23,mixed,target,target_center_x,44,42,0.4924388636363636,0.5036438095238095,0.011204945887445916
phase23,mixed,target,target_center_y,44,42,0.4165524261363636,0.4019250952380952,-0.014627330898268398
phase23,mixed,target,target_edge_distance,44,42,0.2981892556818182,0.3186514047619048,0.02046214908008659
