condition,outcome,count
clean,recovered,7
clean,regressed,14
clean,both_succeeded,39
clean,both_failed,26
blur,recovered,13
blur,regressed,5
blur,both_succeeded,40
blur,both_failed,28
low_light,recovered,6
low_light,regressed,17
low_light,both_succeeded,32
low_light,both_failed,31
noise,recovered,10
noise,regressed,7
noise,both_succeeded,38
noise,both_failed,31
occlusion,recovered,6
occlusion,regressed,16
occlusion,both_succeeded,37
occlusion,both_failed,27
mixed,recovered,7
mixed,regressed,6
mixed,both_succeeded,37
mixed,both_failed,36
