frame_id,sequence,representation,success,TP,FP,FN,gt_count,best_iou,matched_confidence,best_confidence_any,prediction_count
land_pad2__2050.jpg,land_pad2,HISTORICAL_Q95,True,1,276,0,1,0.8608543468840518,0.9176540374755859,0.9176540374755859,277
land_pad2__2075.jpg,land_pad2,HISTORICAL_Q95,True,1,264,0,1,0.904480471383044,0.9213324189186096,0.9213324189186096,265
land_pad2__2100.jpg,land_pad2,HISTORICAL_Q95,True,1,298,0,1,0.9151335284439918,0.9081301689147949,0.9081301689147949,299
land_pad2__2125.jpg,land_pad2,HISTORICAL_Q95,True,1,273,0,1,0.9277181018399331,0.9052967429161072,0.9052967429161072,274
land_pad2__2150.jpg,land_pad2,HISTORICAL_Q95,True,1,263,0,1,0.8920743076676574,0.9198639988899231,0.9198639988899231,264
land_pad2__2175.jpg,land_pad2,HISTORICAL_Q95,True,1,259,0,1,0.9456059597022356,0.9257735013961792,0.9257735013961792,260
land_pad2__2200.jpg,land_pad2,HISTORICAL_Q95,True,1,266,0,1,0.8781110165621441,0.9061023592948914,0.9061023592948914,267
land_pad2__2225.jpg,land_pad2,HISTORICAL_Q95,True,1,267,0,1,0.9115960044584589,0.9016610383987427,0.9016610383987427,268
land_pad2__2250.jpg,land_pad2,HISTORICAL_Q95,True,1,278,0,1,0.973812148868906,0.9356877207756042,0.9356877207756042,279
land_pad2__2275.jpg,land_pad2,HISTORICAL_Q95,True,1,271,0,1,0.9221145544839913,0.8428422808647156,0.8428422808647156,272
land_pad2__2300.jpg,land_pad2,HISTORICAL_Q95,True,1,278,0,1,0.964468508721343,0.9462711811065674,0.9462711811065674,279
land_pad2__2325.jpg,land_pad2,HISTORICAL_Q95,True,1,258,0,1,0.9235831401196228,0.886151909828186,0.886151909828186,259
land_pad2__2350.jpg,land_pad2,HISTORICAL_Q95,True,1,288,0,1,0.8753867636917566,0.8872663378715515,0.8872663378715515,289
land_pad2__2375.jpg,land_pad2,HISTORICAL_Q95,True,1,293,0,1,0.9311483290986053,0.8521931767463684,0.8521931767463684,294
land_pad2__2400.jpg,land_pad2,HISTORICAL_Q95,True,1,286,0,1,0.8536336427942335,0.9499425292015076,0.9499425292015076,287
land_pad2__2425.jpg,land_pad2,HISTORICAL_Q95,True,1,299,0,1,0.9423140316355411,0.878861665725708,0.878861665725708,300
land_pad2__2450.jpg,land_pad2,HISTORICAL_Q95,True,1,299,0,1,0.8360692873641971,0.9507770538330078,0.9507770538330078,300
land_pad2__2475.jpg,land_pad2,HISTORICAL_Q95,True,1,299,0,1,0.9469394839983137,0.9750692844390869,0.9750692844390869,300
land_pad2__2500.jpg,land_pad2,HISTORICAL_Q95,True,1,299,0,1,0.9737804469212546,0.9590169787406921,0.9590169787406921,300
land_pad2__2525.jpg,land_pad2,HISTORICAL_Q95,True,1,292,0,1,0.8942866433503542,0.9283694624900818,0.9283694624900818,293
land_pad__6500.jpg,land_pad,HISTORICAL_Q95,True,1,275,0,1,0.656154227373491,0.004955301992595196,0.016960646957159042,276
land_pad__6525.jpg,land_pad,HISTORICAL_Q95,True,1,298,0,1,0.5629177665807444,0.004184043500572443,0.029480405151844025,299
land_pad__6550.jpg,land_pad,HISTORICAL_Q95,True,1,280,0,1,0.6862166857785447,0.002691862639039755,0.02333061769604683,281
land_pad__6575.jpg,land_pad,HISTORICAL_Q95,True,1,278,0,1,0.7564668725952111,0.003896984038874507,0.023491419851779938,279
land_pad__6600.jpg,land_pad,HISTORICAL_Q95,True,1,288,0,1,0.6972302052896063,0.0037151796277612448,0.02152574434876442,289
land_pad__6625.jpg,land_pad,HISTORICAL_Q95,True,1,266,0,1,0.6075110022895553,0.0032368400134146214,0.05883748456835747,267
land_pad__6650.jpg,land_pad,HISTORICAL_Q95,True,1,284,0,1,0.5216921778822918,0.006162753328680992,0.024936191737651825,285
land_pad__6675.jpg,land_pad,HISTORICAL_Q95,False,0,289,1,1,0.3336988496470759,,0.019252346828579903,289
land_pad__6700.jpg,land_pad,HISTORICAL_Q95,True,1,278,0,1,0.6579551620912283,0.011524694971740246,0.02762843482196331,279
land_pad__6725.jpg,land_pad,HISTORICAL_Q95,False,0,291,1,1,0.4822296733298099,,0.03188607096672058,291
land_pad__6750.jpg,land_pad,HISTORICAL_Q95,False,0,277,1,1,0.3866186151284763,,0.027786334976553917,277
land_pad__6775.jpg,land_pad,HISTORICAL_Q95,False,0,297,1,1,0.38049700242453394,,0.06275632977485657,297
land_pad__6800.jpg,land_pad,HISTORICAL_Q95,False,0,297,1,1,0.357964691827963,,0.04527760669589043,297
land_pad__6825.jpg,land_pad,HISTORICAL_Q95,False,0,287,1,1,0.32360596889097565,,0.033306267112493515,287
land_pad__6850.jpg,land_pad,HISTORICAL_Q95,False,0,281,1,1,0.2878485826808315,,0.03217967599630356,281
land_pad__7450.jpg,land_pad,HISTORICAL_Q95,True,1,299,0,1,0.6674964529860558,0.08614601194858551,0.08614601194858551,300
land_pad__7475.jpg,land_pad,HISTORICAL_Q95,True,1,299,0,1,0.628284580031232,0.10037962347269058,0.10037962347269058,300
land_pad__7500.jpg,land_pad,HISTORICAL_Q95,False,0,300,1,1,0.4447531981889656,,0.13985320925712585,300
land_pad__7525.jpg,land_pad,HISTORICAL_Q95,False,0,300,1,1,0.41596330993935915,,0.12042472511529922,300
land_pad__7550.jpg,land_pad,HISTORICAL_Q95,True,1,299,0,1,0.7309256755824836,0.13179245591163635,0.13179245591163635,300
land_pad__7575.jpg,land_pad,HISTORICAL_Q95,False,0,300,1,1,0.4818618872866686,,0.08446531742811203,300
land_pad__7600.jpg,land_pad,HISTORICAL_Q95,True,1,299,0,1,0.5197002433826247,0.018423346802592278,0.0688641145825386,300
land_pad__7625.jpg,land_pad,HISTORICAL_Q95,False,0,300,1,1,0.36096253107361814,,0.23445267975330353,300
land_pad__7650.jpg,land_pad,HISTORICAL_Q95,False,0,300,1,1,0.32488019824931264,,0.11891979724168777,300
land_pad__7675.jpg,land_pad,HISTORICAL_Q95,False,0,300,1,1,0.44525228965620745,,0.16606050729751587,300
land_pad__7700.jpg,land_pad,HISTORICAL_Q95,False,0,300,1,1,0.42826407979285297,,0.1649562567472458,300
land_pad__7725.jpg,land_pad,HISTORICAL_Q95,True,1,299,0,1,0.5333351319438712,0.2355547547340393,0.2355547547340393,300
land_pad__7750.jpg,land_pad,HISTORICAL_Q95,False,0,300,1,1,0.3164223151000526,,0.23194968700408936,300
land_pad__7775.jpg,land_pad,HISTORICAL_Q95,True,1,299,0,1,0.5162334856267176,0.018584616482257843,0.39537909626960754,300
land_pad__7800.jpg,land_pad,HISTORICAL_Q95,False,0,300,1,1,0.24140682236965672,,0.3291349709033966,300
land_pad__7825.jpg,land_pad,HISTORICAL_Q95,False,0,300,1,1,0.3217344120076347,,0.5885782241821289,300
land_pad__7850.jpg,land_pad,HISTORICAL_Q95,False,0,300,1,1,0.23868239705446367,,0.19744952023029327,300
land_pad__7875.jpg,land_pad,HISTORICAL_Q95,False,0,300,1,1,0.4031091076105573,,0.09206777811050415,300
land_pad__7900.jpg,land_pad,HISTORICAL_Q95,False,0,300,1,1,0.32856462218216675,,0.1457960158586502,300
land_pad__7925.jpg,land_pad,HISTORICAL_Q95,False,0,300,1,1,0.4216297672374322,,0.257662832736969,300
land_pad__7950.jpg,land_pad,HISTORICAL_Q95,False,0,300,1,1,0.44093492514566096,,0.15447263419628143,300
land_pad__7975.jpg,land_pad,HISTORICAL_Q95,False,0,300,1,1,0.43609349977911277,,0.08915974199771881,300
land_pad__8000.jpg,land_pad,HISTORICAL_Q95,False,0,300,1,1,0.41087093168990246,,0.09094507992267609,300
land_pad__8025.jpg,land_pad,HISTORICAL_Q95,False,0,300,1,1,0.44577659459862606,,0.2184913456439972,300
land_pad__8050.jpg,land_pad,HISTORICAL_Q95,False,0,300,1,1,0.47563297075893385,,0.11718551814556122,300
land_pad__8075.jpg,land_pad,HISTORICAL_Q95,False,0,300,1,1,0.3307524815054228,,0.24675273895263672,300
land_pad__8100.jpg,land_pad,HISTORICAL_Q95,True,1,299,0,1,0.6229820416204213,0.11151144653558731,0.11151144653558731,300
land_pad__8125.jpg,land_pad,HISTORICAL_Q95,False,0,300,1,1,0.43158797980467184,,0.1078454777598381,300
land_pad__8150.jpg,land_pad,HISTORICAL_Q95,False,0,290,1,1,0.4195110099960609,,0.06634503602981567,290
land_pad__8175.jpg,land_pad,HISTORICAL_Q95,False,0,300,1,1,0.33717103159420336,,0.05222448334097862,300
land_pad__8200.jpg,land_pad,HISTORICAL_Q95,False,0,300,1,1,0.4771695501621713,,0.09081029891967773,300
land_pad__8225.jpg,land_pad,HISTORICAL_Q95,False,0,300,1,1,0.44371816051586765,,0.1489071249961853,300
land_pad__8250.jpg,land_pad,HISTORICAL_Q95,False,0,300,1,1,0.47825647992357334,,0.11623302102088928,300
land_pad__8275.jpg,land_pad,HISTORICAL_Q95,False,0,300,1,1,0.4446334780802097,,0.17505580186843872,300
land_pad__8300.jpg,land_pad,HISTORICAL_Q95,True,1,299,0,1,0.5733812981239826,0.15523536503314972,0.15523536503314972,300
land_pad__8325.jpg,land_pad,HISTORICAL_Q95,False,0,286,1,1,0.3780906806050118,,0.1756574958562851,286
land_pad__8350.jpg,land_pad,HISTORICAL_Q95,True,1,281,0,1,0.5196050455030428,0.40154755115509033,0.40154755115509033,282
land_pad__8375.jpg,land_pad,HISTORICAL_Q95,True,1,299,0,1,0.5306692614665558,0.07649565488100052,0.455244243144989,300
land_pad__8400.jpg,land_pad,HISTORICAL_Q95,True,1,284,0,1,0.651915310802506,0.34778866171836853,0.34778866171836853,285
land_pad__8425.jpg,land_pad,HISTORICAL_Q95,True,1,299,0,1,0.7157047063217711,0.15786145627498627,0.2730829417705536,300
land_pad__8450.jpg,land_pad,HISTORICAL_Q95,True,1,299,0,1,0.8032873785043394,0.461051344871521,0.461051344871521,300
land_pad__8475.jpg,land_pad,HISTORICAL_Q95,True,1,298,0,1,0.8256034838276255,0.6297133564949036,0.6297133564949036,299
land_pad__8500.jpg,land_pad,HISTORICAL_Q95,True,1,299,0,1,0.7245010647570653,0.3052600026130676,0.3052600026130676,300
land_pad__8525.jpg,land_pad,HISTORICAL_Q95,True,1,299,0,1,0.9004569875610045,0.49966832995414734,0.49966832995414734,300
land_pad__8550.jpg,land_pad,HISTORICAL_Q95,True,1,299,0,1,0.6885963747054074,0.357317179441452,0.43955349922180176,300
land_pad__8575.jpg,land_pad,HISTORICAL_Q95,True,1,295,0,1,0.7270449432498514,0.2718667984008789,0.2718667984008789,296
land_pad__8600.jpg,land_pad,HISTORICAL_Q95,True,1,279,0,1,0.6035613858045942,0.5497159361839294,0.5497159361839294,280
land_pad__8625.jpg,land_pad,HISTORICAL_Q95,True,1,270,0,1,0.8733337404240834,0.5345900654792786,0.5345900654792786,271
land_pad__8650.jpg,land_pad,HISTORICAL_Q95,True,1,278,0,1,0.7843906714336608,0.7752475738525391,0.7752475738525391,279
land_pad__8675.jpg,land_pad,HISTORICAL_Q95,True,1,285,0,1,0.7356784789257919,0.5798105597496033,0.5798105597496033,286
land_pad__8700.jpg,land_pad,HISTORICAL_Q95,True,1,295,0,1,0.6150412528349087,0.56902015209198,0.56902015209198,296
land_pad2__2050.jpg,land_pad2,LOSSLESS_PNG,True,1,276,0,1,0.861633642932941,0.91780686378479,0.91780686378479,277
land_pad2__2075.jpg,land_pad2,LOSSLESS_PNG,True,1,264,0,1,0.90456421873572,0.9216582179069519,0.9216582179069519,265
land_pad2__2100.jpg,land_pad2,LOSSLESS_PNG,True,1,299,0,1,0.9140326565179323,0.9082892537117004,0.9082892537117004,300
land_pad2__2125.jpg,land_pad2,LOSSLESS_PNG,True,1,274,0,1,0.9272244136936045,0.9051386713981628,0.9051386713981628,275
land_pad2__2150.jpg,land_pad2,LOSSLESS_PNG,True,1,263,0,1,0.8919589568207191,0.9199858903884888,0.9199858903884888,264
land_pad2__2175.jpg,land_pad2,LOSSLESS_PNG,True,1,261,0,1,0.944989454533386,0.9255332946777344,0.9255332946777344,262
land_pad2__2200.jpg,land_pad2,LOSSLESS_PNG,True,1,268,0,1,0.8778162186656681,0.9060513973236084,0.9060513973236084,269
land_pad2__2225.jpg,land_pad2,LOSSLESS_PNG,True,1,267,0,1,0.9116096639911393,0.9018455147743225,0.9018455147743225,268
land_pad2__2250.jpg,land_pad2,LOSSLESS_PNG,True,1,279,0,1,0.9739836533755845,0.9355523586273193,0.9355523586273193,280
land_pad2__2275.jpg,land_pad2,LOSSLESS_PNG,True,1,270,0,1,0.9223214643747375,0.8422794342041016,0.8422794342041016,271
land_pad2__2300.jpg,land_pad2,LOSSLESS_PNG,True,1,275,0,1,0.9645567540824148,0.946342945098877,0.946342945098877,276
land_pad2__2325.jpg,land_pad2,LOSSLESS_PNG,True,1,255,0,1,0.9233143489541127,0.8861762285232544,0.8861762285232544,256
land_pad2__2350.jpg,land_pad2,LOSSLESS_PNG,True,1,290,0,1,0.8753400274479823,0.8872595429420471,0.8872595429420471,291
land_pad2__2375.jpg,land_pad2,LOSSLESS_PNG,True,1,290,0,1,0.9313200573423844,0.8516092300415039,0.8516092300415039,291
land_pad2__2400.jpg,land_pad2,LOSSLESS_PNG,True,1,284,0,1,0.8535149756049027,0.950096070766449,0.950096070766449,285
land_pad2__2425.jpg,land_pad2,LOSSLESS_PNG,True,1,299,0,1,0.9424761585472659,0.8782322406768799,0.8782322406768799,300
land_pad2__2450.jpg,land_pad2,LOSSLESS_PNG,True,1,299,0,1,0.8359593616192899,0.9505307674407959,0.9505307674407959,300
land_pad2__2475.jpg,land_pad2,LOSSLESS_PNG,True,1,299,0,1,0.9468455314524197,0.9750126600265503,0.9750126600265503,300
land_pad2__2500.jpg,land_pad2,LOSSLESS_PNG,True,1,299,0,1,0.9740120328788342,0.9587346315383911,0.9587346315383911,300
land_pad2__2525.jpg,land_pad2,LOSSLESS_PNG,True,1,294,0,1,0.8942590590373135,0.9290935397148132,0.9290935397148132,295
land_pad__6500.jpg,land_pad,LOSSLESS_PNG,True,1,275,0,1,0.6472517085016669,0.0047682542353868484,0.016908595338463783,276
land_pad__6525.jpg,land_pad,LOSSLESS_PNG,True,1,298,0,1,0.5559605029271084,0.00415967358276248,0.029554102569818497,299
land_pad__6550.jpg,land_pad,LOSSLESS_PNG,True,1,281,0,1,0.6943593689000159,0.002573116449639201,0.022859321907162666,282
land_pad__6575.jpg,land_pad,LOSSLESS_PNG,True,1,280,0,1,0.7316511345015632,0.004200486466288567,0.023410294204950333,281
land_pad__6600.jpg,land_pad,LOSSLESS_PNG,True,1,294,0,1,0.678924278658111,0.003777173114940524,0.021411938592791557,295
land_pad__6625.jpg,land_pad,LOSSLESS_PNG,True,1,267,0,1,0.6040984635356809,0.0032693149987608194,0.05824294313788414,268
land_pad__6650.jpg,land_pad,LOSSLESS_PNG,True,1,285,0,1,0.5293271318553177,0.0064660776406526566,0.025160204619169235,286
land_pad__6675.jpg,land_pad,LOSSLESS_PNG,False,0,289,1,1,0.34606745762538627,,0.019141459837555885,289
land_pad__6700.jpg,land_pad,LOSSLESS_PNG,True,1,277,0,1,0.6195433604473666,0.011018075048923492,0.02758178859949112,278
land_pad__6725.jpg,land_pad,LOSSLESS_PNG,False,0,289,1,1,0.49766151707088374,,0.03227167949080467,289
land_pad__6750.jpg,land_pad,LOSSLESS_PNG,False,0,278,1,1,0.38302131558948094,,0.02800567075610161,278
land_pad__6775.jpg,land_pad,LOSSLESS_PNG,False,0,295,1,1,0.39344889448433,,0.06300903856754303,295
land_pad__6800.jpg,land_pad,LOSSLESS_PNG,False,0,297,1,1,0.35518783360262174,,0.04540454223752022,297
land_pad__6825.jpg,land_pad,LOSSLESS_PNG,False,0,290,1,1,0.3221872098702552,,0.0355304479598999,290
land_pad__6850.jpg,land_pad,LOSSLESS_PNG,False,0,282,1,1,0.2873889427723038,,0.031908068805933,282
land_pad__7450.jpg,land_pad,LOSSLESS_PNG,True,1,299,0,1,0.6661492676220641,0.08904831856489182,0.08904831856489182,300
land_pad__7475.jpg,land_pad,LOSSLESS_PNG,True,1,299,0,1,0.6297873579348405,0.1001313105225563,0.1001313105225563,300
land_pad__7500.jpg,land_pad,LOSSLESS_PNG,False,0,300,1,1,0.448201330805463,,0.1365697681903839,300
land_pad__7525.jpg,land_pad,LOSSLESS_PNG,False,0,300,1,1,0.41855041147739347,,0.12245550751686096,300
land_pad__7550.jpg,land_pad,LOSSLESS_PNG,True,1,299,0,1,0.7271321516275366,0.12794895470142365,0.12794895470142365,300
land_pad__7575.jpg,land_pad,LOSSLESS_PNG,False,0,300,1,1,0.48228544595699385,,0.08423583209514618,300
land_pad__7600.jpg,land_pad,LOSSLESS_PNG,True,1,299,0,1,0.5213611778335264,0.019036076962947845,0.06850437819957733,300
land_pad__7625.jpg,land_pad,LOSSLESS_PNG,False,0,300,1,1,0.3598560927432868,,0.2390674203634262,300
land_pad__7650.jpg,land_pad,LOSSLESS_PNG,False,0,300,1,1,0.3233324828360368,,0.11801736056804657,300
land_pad__7675.jpg,land_pad,LOSSLESS_PNG,False,0,300,1,1,0.44632927871154826,,0.16792185604572296,300
land_pad__7700.jpg,land_pad,LOSSLESS_PNG,False,0,300,1,1,0.42758770520257466,,0.1620795875787735,300
land_pad__7725.jpg,land_pad,LOSSLESS_PNG,True,1,299,0,1,0.5326182663815459,0.23421484231948853,0.23421484231948853,300
land_pad__7750.jpg,land_pad,LOSSLESS_PNG,False,0,300,1,1,0.3185906470312325,,0.23631559312343597,300
land_pad__7775.jpg,land_pad,LOSSLESS_PNG,True,1,299,0,1,0.5131856762090728,0.01867254637181759,0.3950023353099823,300
land_pad__7800.jpg,land_pad,LOSSLESS_PNG,False,0,300,1,1,0.2411622072850665,,0.33099207282066345,300
land_pad__7825.jpg,land_pad,LOSSLESS_PNG,False,0,300,1,1,0.31647445563812504,,0.5905600786209106,300
land_pad__7850.jpg,land_pad,LOSSLESS_PNG,False,0,300,1,1,0.23592650387231429,,0.20163577795028687,300
land_pad__7875.jpg,land_pad,LOSSLESS_PNG,False,0,300,1,1,0.4035541006034611,,0.09022113680839539,300
land_pad__7900.jpg,land_pad,LOSSLESS_PNG,False,0,300,1,1,0.32861857772885705,,0.14688552916049957,300
land_pad__7925.jpg,land_pad,LOSSLESS_PNG,False,0,300,1,1,0.42285762518867115,,0.2609010934829712,300
land_pad__7950.jpg,land_pad,LOSSLESS_PNG,False,0,300,1,1,0.44060823328314047,,0.15342377126216888,300
land_pad__7975.jpg,land_pad,LOSSLESS_PNG,False,0,300,1,1,0.43661743968552136,,0.09164418280124664,300
land_pad__8000.jpg,land_pad,LOSSLESS_PNG,False,0,300,1,1,0.41588720068181656,,0.09405340254306793,300
land_pad__8025.jpg,land_pad,LOSSLESS_PNG,False,0,300,1,1,0.4474339885877702,,0.21801888942718506,300
land_pad__8050.jpg,land_pad,LOSSLESS_PNG,False,0,300,1,1,0.47518530589299307,,0.12077519297599792,300
land_pad__8075.jpg,land_pad,LOSSLESS_PNG,False,0,296,1,1,0.32821922818504706,,0.24371229112148285,296
land_pad__8100.jpg,land_pad,LOSSLESS_PNG,True,1,299,0,1,0.6230451324776277,0.11043212562799454,0.11043212562799454,300
land_pad__8125.jpg,land_pad,LOSSLESS_PNG,False,0,300,1,1,0.43222087359382894,,0.1071014404296875,300
land_pad__8150.jpg,land_pad,LOSSLESS_PNG,False,0,293,1,1,0.4223471028737927,,0.0661841556429863,293
land_pad__8175.jpg,land_pad,LOSSLESS_PNG,False,0,300,1,1,0.3367163789947477,,0.05094568431377411,300
land_pad__8200.jpg,land_pad,LOSSLESS_PNG,False,0,300,1,1,0.47667038540466933,,0.09019874781370163,300
land_pad__8225.jpg,land_pad,LOSSLESS_PNG,False,0,300,1,1,0.44780982485553894,,0.14549531042575836,300
land_pad__8250.jpg,land_pad,LOSSLESS_PNG,False,0,300,1,1,0.4807861397277526,,0.11739608645439148,300
land_pad__8275.jpg,land_pad,LOSSLESS_PNG,False,0,300,1,1,0.4411124037681587,,0.17158903181552887,300
land_pad__8300.jpg,land_pad,LOSSLESS_PNG,True,1,299,0,1,0.5769959906356649,0.15233482420444489,0.15233482420444489,300
land_pad__8325.jpg,land_pad,LOSSLESS_PNG,False,0,287,1,1,0.3792741886182727,,0.1751345992088318,287
land_pad__8350.jpg,land_pad,LOSSLESS_PNG,True,1,281,0,1,0.5231032668101572,0.40698301792144775,0.40698301792144775,282
land_pad__8375.jpg,land_pad,LOSSLESS_PNG,True,1,299,0,1,0.5297916906231286,0.07511065900325775,0.44652971625328064,300
land_pad__8400.jpg,land_pad,LOSSLESS_PNG,True,1,289,0,1,0.6535141654704513,0.34752076864242554,0.34752076864242554,290
land_pad__8425.jpg,land_pad,LOSSLESS_PNG,True,1,299,0,1,0.7126465085947371,0.15778350830078125,0.2730097770690918,300
land_pad__8450.jpg,land_pad,LOSSLESS_PNG,True,1,299,0,1,0.805103252765874,0.4604546129703522,0.4604546129703522,300
land_pad__8475.jpg,land_pad,LOSSLESS_PNG,True,1,295,0,1,0.8237135723630362,0.6302621960639954,0.6302621960639954,296
land_pad__8500.jpg,land_pad,LOSSLESS_PNG,True,1,299,0,1,0.7229066673819204,0.3011578619480133,0.3011578619480133,300
land_pad__8525.jpg,land_pad,LOSSLESS_PNG,True,1,299,0,1,0.8965762560607313,0.49800339341163635,0.49800339341163635,300
land_pad__8550.jpg,land_pad,LOSSLESS_PNG,True,1,299,0,1,0.6906156526542955,0.35856592655181885,0.4404962956905365,300
land_pad__8575.jpg,land_pad,LOSSLESS_PNG,True,1,294,0,1,0.7289255265323188,0.27127477526664734,0.27127477526664734,295
land_pad__8600.jpg,land_pad,LOSSLESS_PNG,True,1,279,0,1,0.656969876661943,0.5552120804786682,0.5552120804786682,280
land_pad__8625.jpg,land_pad,LOSSLESS_PNG,True,1,271,0,1,0.8742679057715006,0.5374282002449036,0.5374282002449036,272
land_pad__8650.jpg,land_pad,LOSSLESS_PNG,True,1,276,0,1,0.7834161380623575,0.7710619568824768,0.7710619568824768,277
land_pad__8675.jpg,land_pad,LOSSLESS_PNG,True,1,284,0,1,0.7389094585674745,0.5841473340988159,0.5841473340988159,285
land_pad__8700.jpg,land_pad,LOSSLESS_PNG,True,1,294,0,1,0.6144689914658016,0.571992039680481,0.571992039680481,295
land_pad2__2050.jpg,land_pad2,Q100,True,1,275,0,1,0.8621759218665905,0.9177936315536499,0.9177936315536499,276
land_pad2__2075.jpg,land_pad2,Q100,True,1,264,0,1,0.9043912008119818,0.9215606451034546,0.9215606451034546,265
land_pad2__2100.jpg,land_pad2,Q100,True,1,299,0,1,0.9139747877327831,0.9081690907478333,0.9081690907478333,300
land_pad2__2125.jpg,land_pad2,Q100,True,1,273,0,1,0.9270650918267993,0.9050552845001221,0.9050552845001221,274
land_pad2__2150.jpg,land_pad2,Q100,True,1,264,0,1,0.8918514922370413,0.920035719871521,0.920035719871521,265
land_pad2__2175.jpg,land_pad2,Q100,True,1,258,0,1,0.9452468794385697,0.925603985786438,0.925603985786438,259
land_pad2__2200.jpg,land_pad2,Q100,True,1,267,0,1,0.8781614053427995,0.9059340953826904,0.9059340953826904,268
land_pad2__2225.jpg,land_pad2,Q100,True,1,264,0,1,0.9110814662496994,0.9019252061843872,0.9019252061843872,265
land_pad2__2250.jpg,land_pad2,Q100,True,1,279,0,1,0.974310132493739,0.9355042576789856,0.9355042576789856,280
land_pad2__2275.jpg,land_pad2,Q100,True,1,271,0,1,0.9220792519611161,0.8425645232200623,0.8425645232200623,272
land_pad2__2300.jpg,land_pad2,Q100,True,1,279,0,1,0.9646624326257278,0.9465000033378601,0.9465000033378601,280
land_pad2__2325.jpg,land_pad2,Q100,True,1,258,0,1,0.9237707635836302,0.8859342932701111,0.8859342932701111,259
land_pad2__2350.jpg,land_pad2,Q100,True,1,288,0,1,0.874883691914216,0.8874754905700684,0.8874754905700684,289
land_pad2__2375.jpg,land_pad2,Q100,True,1,293,0,1,0.9309843020624917,0.8518621921539307,0.8518621921539307,294
land_pad2__2400.jpg,land_pad2,Q100,True,1,287,0,1,0.853638349228972,0.9500137567520142,0.9500137567520142,288
land_pad2__2425.jpg,land_pad2,Q100,True,1,299,0,1,0.9423074442765493,0.8784765601158142,0.8784765601158142,300
land_pad2__2450.jpg,land_pad2,Q100,True,1,299,0,1,0.8358662555543389,0.950635552406311,0.950635552406311,300
land_pad2__2475.jpg,land_pad2,Q100,True,1,299,0,1,0.9472252818277324,0.9749017953872681,0.9749017953872681,300
land_pad2__2500.jpg,land_pad2,Q100,True,1,299,0,1,0.9739302298724761,0.958182156085968,0.958182156085968,300
land_pad2__2525.jpg,land_pad2,Q100,True,1,295,0,1,0.8941724735796043,0.9286878705024719,0.9286878705024719,296
land_pad__6500.jpg,land_pad,Q100,True,1,276,0,1,0.6360869329224317,0.005009740125387907,0.016897128894925117,277
land_pad__6525.jpg,land_pad,Q100,True,1,297,0,1,0.5561114057518408,0.004275457002222538,0.028978832066059113,298
land_pad__6550.jpg,land_pad,Q100,True,1,282,0,1,0.6804218674824052,0.0024694332387298346,0.022552339360117912,283
land_pad__6575.jpg,land_pad,Q100,True,1,285,0,1,0.7452630894131366,0.004304181318730116,0.023315653204917908,286
land_pad__6600.jpg,land_pad,Q100,True,1,290,0,1,0.6738491463794937,0.003917159512639046,0.02128489874303341,291
land_pad__6625.jpg,land_pad,Q100,True,1,265,0,1,0.6094853753135027,0.003134324913844466,0.05838412791490555,266
land_pad__6650.jpg,land_pad,Q100,True,1,281,0,1,0.5314275665299594,0.006575461942702532,0.025359345600008965,282
land_pad__6675.jpg,land_pad,Q100,False,0,289,1,1,0.3548143070152383,,0.01907520182430744,289
land_pad__6700.jpg,land_pad,Q100,True,1,282,0,1,0.6375558334177619,0.011372340843081474,0.028088312596082687,283
land_pad__6725.jpg,land_pad,Q100,False,0,289,1,1,0.48201255011271726,,0.03278406336903572,289
land_pad__6750.jpg,land_pad,Q100,False,0,276,1,1,0.3767795368167038,,0.02766277827322483,276
land_pad__6775.jpg,land_pad,Q100,False,0,294,1,1,0.39012512024505525,,0.06363685429096222,294
land_pad__6800.jpg,land_pad,Q100,False,0,296,1,1,0.35626902612529243,,0.04525230824947357,296
land_pad__6825.jpg,land_pad,Q100,False,0,288,1,1,0.3178010399524797,,0.035108499228954315,288
land_pad__6850.jpg,land_pad,Q100,False,0,277,1,1,0.2848237821854397,,0.032411616295576096,277
land_pad__7450.jpg,land_pad,Q100,True,1,299,0,1,0.6650850631865487,0.08724962919950485,0.08724962919950485,300
land_pad__7475.jpg,land_pad,Q100,True,1,299,0,1,0.634791331432141,0.10158056765794754,0.10158056765794754,300
land_pad__7500.jpg,land_pad,Q100,False,0,300,1,1,0.4463539369943654,,0.13850736618041992,300
land_pad__7525.jpg,land_pad,Q100,False,0,300,1,1,0.4199975929648727,,0.12309937924146652,300
land_pad__7550.jpg,land_pad,Q100,True,1,299,0,1,0.723383212700458,0.12367158383131027,0.12367158383131027,300
land_pad__7575.jpg,land_pad,Q100,False,0,300,1,1,0.4812167904894185,,0.08358971774578094,300
land_pad__7600.jpg,land_pad,Q100,True,1,299,0,1,0.5219913667214995,0.01865513250231743,0.07055121660232544,300
land_pad__7625.jpg,land_pad,Q100,False,0,300,1,1,0.35740968475290535,,0.24220509827136993,300
land_pad__7650.jpg,land_pad,Q100,False,0,300,1,1,0.32301510976130005,,0.11809580773115158,300
land_pad__7675.jpg,land_pad,Q100,False,0,300,1,1,0.4468415376730414,,0.16872623562812805,300
land_pad__7700.jpg,land_pad,Q100,False,0,300,1,1,0.42909557563192025,,0.16016286611557007,300
land_pad__7725.jpg,land_pad,Q100,True,1,299,0,1,0.5281860376606937,0.23410573601722717,0.23410573601722717,300
land_pad__7750.jpg,land_pad,Q100,False,0,300,1,1,0.32113716908069734,,0.23785458505153656,300
land_pad__7775.jpg,land_pad,Q100,True,1,299,0,1,0.5121271160086501,0.019145475700497627,0.40449631214141846,300
land_pad__7800.jpg,land_pad,Q100,False,0,300,1,1,0.24014512202230057,,0.3322473466396332,300
land_pad__7825.jpg,land_pad,Q100,False,0,300,1,1,0.30931918842418227,,0.5927932262420654,300
land_pad__7850.jpg,land_pad,Q100,False,0,300,1,1,0.23833917351398792,,0.2021162509918213,300
land_pad__7875.jpg,land_pad,Q100,False,0,300,1,1,0.40183226754603685,,0.09030715376138687,300
land_pad__7900.jpg,land_pad,Q100,False,0,300,1,1,0.3260344144632252,,0.1416456401348114,300
land_pad__7925.jpg,land_pad,Q100,False,0,300,1,1,0.4263264468201915,,0.25707143545150757,300
land_pad__7950.jpg,land_pad,Q100,False,0,300,1,1,0.44308459243252357,,0.15398958325386047,300
land_pad__7975.jpg,land_pad,Q100,False,0,300,1,1,0.4321589706171481,,0.0899636521935463,300
land_pad__8000.jpg,land_pad,Q100,False,0,300,1,1,0.4131537762610644,,0.09311561286449432,300
land_pad__8025.jpg,land_pad,Q100,False,0,300,1,1,0.4473492165519582,,0.2127908617258072,300
land_pad__8050.jpg,land_pad,Q100,False,0,300,1,1,0.4774091323283903,,0.11910893768072128,300
land_pad__8075.jpg,land_pad,Q100,False,0,296,1,1,0.32959278888597765,,0.25029999017715454,296
land_pad__8100.jpg,land_pad,Q100,True,1,299,0,1,0.6244438506527594,0.10909605026245117,0.10909605026245117,300
land_pad__8125.jpg,land_pad,Q100,False,0,300,1,1,0.4350008687294601,,0.10648158192634583,300
land_pad__8150.jpg,land_pad,Q100,False,0,291,1,1,0.4242982250244249,,0.06448370963335037,291
land_pad__8175.jpg,land_pad,Q100,False,0,300,1,1,0.3371546323479155,,0.05086769908666611,300
land_pad__8200.jpg,land_pad,Q100,False,0,300,1,1,0.47902100289979727,,0.08927451074123383,300
land_pad__8225.jpg,land_pad,Q100,False,0,300,1,1,0.44427044412091105,,0.14589877426624298,300
land_pad__8250.jpg,land_pad,Q100,False,0,300,1,1,0.48131580112908323,,0.11379397660493851,300
land_pad__8275.jpg,land_pad,Q100,False,0,300,1,1,0.44456365216492205,,0.1650112420320511,300
land_pad__8300.jpg,land_pad,Q100,True,1,299,0,1,0.578774247715938,0.15294934809207916,0.15294934809207916,300
land_pad__8325.jpg,land_pad,Q100,False,0,288,1,1,0.3796414884663324,,0.17711879312992096,288
land_pad__8350.jpg,land_pad,Q100,True,1,277,0,1,0.5211451852022793,0.39727357029914856,0.39727357029914856,278
land_pad__8375.jpg,land_pad,Q100,True,1,299,0,1,0.531347910818511,0.07636728137731552,0.44555896520614624,300
land_pad__8400.jpg,land_pad,Q100,True,1,288,0,1,0.6553349391875171,0.3465213477611542,0.3465213477611542,289
land_pad__8425.jpg,land_pad,Q100,True,1,299,0,1,0.7132892279128755,0.1624223291873932,0.2686758041381836,300
land_pad__8450.jpg,land_pad,Q100,True,1,299,0,1,0.8034615393844098,0.4563734531402588,0.4563734531402588,300
land_pad__8475.jpg,land_pad,Q100,True,1,299,0,1,0.823924460246603,0.634467363357544,0.634467363357544,300
land_pad__8500.jpg,land_pad,Q100,True,1,299,0,1,0.7228227076641833,0.3032147288322449,0.3032147288322449,300
land_pad__8525.jpg,land_pad,Q100,True,1,299,0,1,0.8979761730477922,0.5032938122749329,0.5032938122749329,300
land_pad__8550.jpg,land_pad,Q100,True,1,299,0,1,0.6871201119861677,0.34600719809532166,0.43490925431251526,300
land_pad__8575.jpg,land_pad,Q100,True,1,295,0,1,0.7242207697567102,0.27307555079460144,0.27307555079460144,296
land_pad__8600.jpg,land_pad,Q100,True,1,280,0,1,0.6599034295578089,0.5545608401298523,0.5545608401298523,281
land_pad__8625.jpg,land_pad,Q100,True,1,271,0,1,0.8736384919105836,0.5456894636154175,0.5456894636154175,272
land_pad__8650.jpg,land_pad,Q100,True,1,278,0,1,0.779981252119389,0.7768757939338684,0.7768757939338684,279
land_pad__8675.jpg,land_pad,Q100,True,1,284,0,1,0.7415836524762762,0.5850109457969666,0.5850109457969666,285
land_pad__8700.jpg,land_pad,Q100,True,1,295,0,1,0.6165904580941876,0.5672383904457092,0.5672383904457092,296
land_pad2__2050.jpg,land_pad2,Q90,True,1,275,0,1,0.8595532825070076,0.9180521368980408,0.9180521368980408,276
land_pad2__2075.jpg,land_pad2,Q90,True,1,265,0,1,0.9060649570887804,0.9214787483215332,0.9214787483215332,266
land_pad2__2100.jpg,land_pad2,Q90,True,1,296,0,1,0.9171430483260775,0.9066576957702637,0.9066576957702637,297
land_pad2__2125.jpg,land_pad2,Q90,True,1,269,0,1,0.9269965458364172,0.9049784541130066,0.9049784541130066,270
land_pad2__2150.jpg,land_pad2,Q90,True,1,264,0,1,0.8910646102051174,0.9197081327438354,0.9197081327438354,265
land_pad2__2175.jpg,land_pad2,Q90,True,1,265,0,1,0.9428031174454039,0.9255417585372925,0.9255417585372925,266
land_pad2__2200.jpg,land_pad2,Q90,True,1,264,0,1,0.878431753362079,0.9059239029884338,0.9059239029884338,265
land_pad2__2225.jpg,land_pad2,Q90,True,1,263,0,1,0.9113548266273217,0.9018707275390625,0.9018707275390625,264
land_pad2__2250.jpg,land_pad2,Q90,True,1,279,0,1,0.973192311574509,0.9362546801567078,0.9362546801567078,280
land_pad2__2275.jpg,land_pad2,Q90,True,1,264,0,1,0.9232097287651252,0.8441835641860962,0.8441835641860962,265
land_pad2__2300.jpg,land_pad2,Q90,True,1,279,0,1,0.9621912012908653,0.9462637305259705,0.9462637305259705,280
land_pad2__2325.jpg,land_pad2,Q90,True,1,260,0,1,0.9221987048308844,0.8863885998725891,0.8863885998725891,261
land_pad2__2350.jpg,land_pad2,Q90,True,1,290,0,1,0.8758837711878361,0.8892347812652588,0.8892347812652588,291
land_pad2__2375.jpg,land_pad2,Q90,True,1,293,0,1,0.9303884837577086,0.8509638905525208,0.8509638905525208,294
land_pad2__2400.jpg,land_pad2,Q90,True,1,286,0,1,0.8540062006636872,0.9507040977478027,0.9507040977478027,287
land_pad2__2425.jpg,land_pad2,Q90,True,1,299,0,1,0.9424991763099768,0.8785828351974487,0.8785828351974487,300
land_pad2__2450.jpg,land_pad2,Q90,True,1,299,0,1,0.8352587132649966,0.9514471888542175,0.9514471888542175,300
land_pad2__2475.jpg,land_pad2,Q90,True,1,299,0,1,0.9469835973980184,0.9753850698471069,0.9753850698471069,300
land_pad2__2500.jpg,land_pad2,Q90,True,1,299,0,1,0.9736846330833331,0.9588091969490051,0.9588091969490051,300
land_pad2__2525.jpg,land_pad2,Q90,True,1,293,0,1,0.8938018063037713,0.928613007068634,0.928613007068634,294
land_pad__6500.jpg,land_pad,Q90,True,1,267,0,1,0.64171116723367,0.004100618418306112,0.01691940240561962,268
land_pad__6525.jpg,land_pad,Q90,False,0,291,1,1,0.4973310926698327,,0.025929979979991913,291
land_pad__6550.jpg,land_pad,Q90,True,1,285,0,1,0.6413548547267423,0.0027827834710478783,0.019785825163125992,286
land_pad__6575.jpg,land_pad,Q90,True,1,276,0,1,0.6893815413092388,0.005388194695115089,0.02108817733824253,277
land_pad__6600.jpg,land_pad,Q90,True,1,285,0,1,0.6695750490063267,0.004227181430906057,0.02147708088159561,286
land_pad__6625.jpg,land_pad,Q90,True,1,263,0,1,0.5894856127654803,0.002579568885266781,0.06235585734248161,264
land_pad__6650.jpg,land_pad,Q90,False,0,282,1,1,0.4539121738361995,,0.024642514064908028,282
land_pad__6675.jpg,land_pad,Q90,False,0,291,1,1,0.31150873464810036,,0.01776435784995556,291
land_pad__6700.jpg,land_pad,Q90,True,1,281,0,1,0.5900759363525873,0.012027669697999954,0.026751156896352768,282
land_pad__6725.jpg,land_pad,Q90,False,0,291,1,1,0.4993130913319501,,0.0359652042388916,291
land_pad__6750.jpg,land_pad,Q90,False,0,277,1,1,0.387213733140196,,0.029025785624980927,277
land_pad__6775.jpg,land_pad,Q90,False,0,285,1,1,0.3529722726074604,,0.06539987772703171,285
land_pad__6800.jpg,land_pad,Q90,False,0,292,1,1,0.3385296619113151,,0.052142370492219925,292
land_pad__6825.jpg,land_pad,Q90,False,0,277,1,1,0.30851763229630014,,0.03430032730102539,277
land_pad__6850.jpg,land_pad,Q90,False,0,283,1,1,0.22819390301610618,,0.03329762443900108,283
land_pad__7450.jpg,land_pad,Q90,True,1,299,0,1,0.6634833239452688,0.07222945243120193,0.07222945243120193,300
land_pad__7475.jpg,land_pad,Q90,True,1,299,0,1,0.6427419955816052,0.10524474084377289,0.10524474084377289,300
land_pad__7500.jpg,land_pad,Q90,False,0,300,1,1,0.4473495809983404,,0.12349409610033035,300
land_pad__7525.jpg,land_pad,Q90,False,0,300,1,1,0.4324206391739741,,0.12391121685504913,300
land_pad__7550.jpg,land_pad,Q90,True,1,299,0,1,0.7306197997409987,0.1406068354845047,0.1406068354845047,300
land_pad__7575.jpg,land_pad,Q90,False,0,300,1,1,0.47814187689342613,,0.07603346556425095,300
land_pad__7600.jpg,land_pad,Q90,True,1,299,0,1,0.5340537925487444,0.015063364990055561,0.05563735216856003,300
land_pad__7625.jpg,land_pad,Q90,False,0,300,1,1,0.34817404900131593,,0.23194535076618195,300
land_pad__7650.jpg,land_pad,Q90,False,0,300,1,1,0.32261173215567673,,0.11698795109987259,300
land_pad__7675.jpg,land_pad,Q90,False,0,300,1,1,0.44984138050854916,,0.17245590686798096,300
land_pad__7700.jpg,land_pad,Q90,False,0,300,1,1,0.44979083333330416,,0.15508314967155457,300
land_pad__7725.jpg,land_pad,Q90,True,1,299,0,1,0.5310753364253298,0.20253443717956543,0.20253443717956543,300
land_pad__7750.jpg,land_pad,Q90,False,0,300,1,1,0.30283266441653134,,0.19767016172409058,300
land_pad__7775.jpg,land_pad,Q90,True,1,299,0,1,0.5256756424236652,0.017992641776800156,0.373045951128006,300
land_pad__7800.jpg,land_pad,Q90,False,0,300,1,1,0.24092477625010147,,0.28571292757987976,300
land_pad__7825.jpg,land_pad,Q90,False,0,300,1,1,0.30462524066321073,,0.5817002058029175,300
land_pad__7850.jpg,land_pad,Q90,False,0,300,1,1,0.2390698067385994,,0.1733279675245285,300
land_pad__7875.jpg,land_pad,Q90,False,0,300,1,1,0.40430761686630406,,0.08046836405992508,300
land_pad__7900.jpg,land_pad,Q90,False,0,300,1,1,0.32712786081882594,,0.1191355437040329,300
land_pad__7925.jpg,land_pad,Q90,False,0,300,1,1,0.44063464273782965,,0.25730884075164795,300
land_pad__7950.jpg,land_pad,Q90,False,0,300,1,1,0.4354832533869712,,0.14912863075733185,300
land_pad__7975.jpg,land_pad,Q90,False,0,300,1,1,0.4332995302963261,,0.09081412106752396,300
land_pad__8000.jpg,land_pad,Q90,False,0,300,1,1,0.41540800379738363,,0.09309201687574387,300
land_pad__8025.jpg,land_pad,Q90,False,0,300,1,1,0.4550904072247941,,0.18465577065944672,300
land_pad__8050.jpg,land_pad,Q90,False,0,298,1,1,0.4784518600047133,,0.11957033723592758,298
land_pad__8075.jpg,land_pad,Q90,False,0,293,1,1,0.3395667114706254,,0.2402472048997879,293
land_pad__8100.jpg,land_pad,Q90,True,1,299,0,1,0.6289936885756314,0.11295861005783081,0.11295861005783081,300
land_pad__8125.jpg,land_pad,Q90,False,0,300,1,1,0.44415086231422285,,0.09824483841657639,300
land_pad__8150.jpg,land_pad,Q90,False,0,290,1,1,0.42772677246018614,,0.056209273636341095,290
land_pad__8175.jpg,land_pad,Q90,False,0,300,1,1,0.34567131442665433,,0.052979499101638794,300
land_pad__8200.jpg,land_pad,Q90,False,0,300,1,1,0.46197181622999745,,0.07682318240404129,300
land_pad__8225.jpg,land_pad,Q90,False,0,300,1,1,0.45384503142322546,,0.1376570612192154,300
land_pad__8250.jpg,land_pad,Q90,False,0,300,1,1,0.4844641277180605,,0.11948443204164505,300
land_pad__8275.jpg,land_pad,Q90,False,0,300,1,1,0.45493672357179016,,0.17692074179649353,300
land_pad__8300.jpg,land_pad,Q90,True,1,299,0,1,0.585672362080961,0.14841444790363312,0.14841444790363312,300
land_pad__8325.jpg,land_pad,Q90,False,0,287,1,1,0.3688016982924583,,0.16465795040130615,287
land_pad__8350.jpg,land_pad,Q90,True,1,282,0,1,0.5066604220322097,0.3870145380496979,0.3870145380496979,283
land_pad__8375.jpg,land_pad,Q90,True,1,299,0,1,0.5256873486176525,0.0759262666106224,0.4530317783355713,300
land_pad__8400.jpg,land_pad,Q90,True,1,283,0,1,0.745371538645948,0.3617890775203705,0.3617890775203705,284
land_pad__8425.jpg,land_pad,Q90,True,1,299,0,1,0.7138189050943317,0.1692725419998169,0.2686830163002014,300
land_pad__8450.jpg,land_pad,Q90,True,1,299,0,1,0.816218335846981,0.4451189339160919,0.4451189339160919,300
land_pad__8475.jpg,land_pad,Q90,True,1,293,0,1,0.8157398825647854,0.6690977811813354,0.6690977811813354,294
land_pad__8500.jpg,land_pad,Q90,True,1,299,0,1,0.7183483362617633,0.2776384949684143,0.2776384949684143,300
land_pad__8525.jpg,land_pad,Q90,True,1,299,0,1,0.8942983735795068,0.4999443292617798,0.4999443292617798,300
land_pad__8550.jpg,land_pad,Q90,True,1,299,0,1,0.6892590637446533,0.3841993510723114,0.46518993377685547,300
land_pad__8575.jpg,land_pad,Q90,True,1,290,0,1,0.7459425908134185,0.26505136489868164,0.26505136489868164,291
land_pad__8600.jpg,land_pad,Q90,True,1,281,0,1,0.662940301849921,0.5452790856361389,0.5452790856361389,282
land_pad__8625.jpg,land_pad,Q90,True,1,275,0,1,0.8565194147712507,0.545099139213562,0.545099139213562,276
land_pad__8650.jpg,land_pad,Q90,True,1,274,0,1,0.773675159054997,0.77790367603302,0.77790367603302,275
land_pad__8675.jpg,land_pad,Q90,True,1,284,0,1,0.7471452774648898,0.5916991829872131,0.5916991829872131,285
land_pad__8700.jpg,land_pad,Q90,True,1,294,0,1,0.6150741299681423,0.5707218050956726,0.5707218050956726,295
land_pad2__2050.jpg,land_pad2,RAW_SOURCE,True,1,276,0,1,0.861633642932941,0.91780686378479,0.91780686378479,277
land_pad2__2075.jpg,land_pad2,RAW_SOURCE,True,1,264,0,1,0.90456421873572,0.9216582179069519,0.9216582179069519,265
land_pad2__2100.jpg,land_pad2,RAW_SOURCE,True,1,299,0,1,0.9140326565179323,0.9082892537117004,0.9082892537117004,300
land_pad2__2125.jpg,land_pad2,RAW_SOURCE,True,1,274,0,1,0.9272244136936045,0.9051386713981628,0.9051386713981628,275
land_pad2__2150.jpg,land_pad2,RAW_SOURCE,True,1,263,0,1,0.8919589568207191,0.9199858903884888,0.9199858903884888,264
land_pad2__2175.jpg,land_pad2,RAW_SOURCE,True,1,261,0,1,0.944989454533386,0.9255332946777344,0.9255332946777344,262
land_pad2__2200.jpg,land_pad2,RAW_SOURCE,True,1,268,0,1,0.8778162186656681,0.9060513973236084,0.9060513973236084,269
land_pad2__2225.jpg,land_pad2,RAW_SOURCE,True,1,267,0,1,0.9116096639911393,0.9018455147743225,0.9018455147743225,268
land_pad2__2250.jpg,land_pad2,RAW_SOURCE,True,1,279,0,1,0.9739836533755845,0.9355523586273193,0.9355523586273193,280
land_pad2__2275.jpg,land_pad2,RAW_SOURCE,True,1,270,0,1,0.9223214643747375,0.8422794342041016,0.8422794342041016,271
land_pad2__2300.jpg,land_pad2,RAW_SOURCE,True,1,275,0,1,0.9645567540824148,0.946342945098877,0.946342945098877,276
land_pad2__2325.jpg,land_pad2,RAW_SOURCE,True,1,255,0,1,0.9233143489541127,0.8861762285232544,0.8861762285232544,256
land_pad2__2350.jpg,land_pad2,RAW_SOURCE,True,1,290,0,1,0.8753400274479823,0.8872595429420471,0.8872595429420471,291
land_pad2__2375.jpg,land_pad2,RAW_SOURCE,True,1,290,0,1,0.9313200573423844,0.8516092300415039,0.8516092300415039,291
land_pad2__2400.jpg,land_pad2,RAW_SOURCE,True,1,284,0,1,0.8535149756049027,0.950096070766449,0.950096070766449,285
land_pad2__2425.jpg,land_pad2,RAW_SOURCE,True,1,299,0,1,0.9424761585472659,0.8782322406768799,0.8782322406768799,300
land_pad2__2450.jpg,land_pad2,RAW_SOURCE,True,1,299,0,1,0.8359593616192899,0.9505307674407959,0.9505307674407959,300
land_pad2__2475.jpg,land_pad2,RAW_SOURCE,True,1,299,0,1,0.9468455314524197,0.9750126600265503,0.9750126600265503,300
land_pad2__2500.jpg,land_pad2,RAW_SOURCE,True,1,299,0,1,0.9740120328788342,0.9587346315383911,0.9587346315383911,300
land_pad2__2525.jpg,land_pad2,RAW_SOURCE,True,1,294,0,1,0.8942590590373135,0.9290935397148132,0.9290935397148132,295
land_pad__6500.jpg,land_pad,RAW_SOURCE,True,1,275,0,1,0.6472517085016669,0.0047682542353868484,0.016908595338463783,276
land_pad__6525.jpg,land_pad,RAW_SOURCE,True,1,298,0,1,0.5559605029271084,0.00415967358276248,0.029554102569818497,299
land_pad__6550.jpg,land_pad,RAW_SOURCE,True,1,281,0,1,0.6943593689000159,0.002573116449639201,0.022859321907162666,282
land_pad__6575.jpg,land_pad,RAW_SOURCE,True,1,280,0,1,0.7316511345015632,0.004200486466288567,0.023410294204950333,281
land_pad__6600.jpg,land_pad,RAW_SOURCE,True,1,294,0,1,0.678924278658111,0.003777173114940524,0.021411938592791557,295
land_pad__6625.jpg,land_pad,RAW_SOURCE,True,1,267,0,1,0.6040984635356809,0.0032693149987608194,0.05824294313788414,268
land_pad__6650.jpg,land_pad,RAW_SOURCE,True,1,285,0,1,0.5293271318553177,0.0064660776406526566,0.025160204619169235,286
land_pad__6675.jpg,land_pad,RAW_SOURCE,False,0,289,1,1,0.34606745762538627,,0.019141459837555885,289
land_pad__6700.jpg,land_pad,RAW_SOURCE,True,1,277,0,1,0.6195433604473666,0.011018075048923492,0.02758178859949112,278
land_pad__6725.jpg,land_pad,RAW_SOURCE,False,0,289,1,1,0.49766151707088374,,0.03227167949080467,289
land_pad__6750.jpg,land_pad,RAW_SOURCE,False,0,278,1,1,0.38302131558948094,,0.02800567075610161,278
land_pad__6775.jpg,land_pad,RAW_SOURCE,False,0,295,1,1,0.39344889448433,,0.06300903856754303,295
land_pad__6800.jpg,land_pad,RAW_SOURCE,False,0,297,1,1,0.35518783360262174,,0.04540454223752022,297
land_pad__6825.jpg,land_pad,RAW_SOURCE,False,0,290,1,1,0.3221872098702552,,0.0355304479598999,290
land_pad__6850.jpg,land_pad,RAW_SOURCE,False,0,282,1,1,0.2873889427723038,,0.031908068805933,282
land_pad__7450.jpg,land_pad,RAW_SOURCE,True,1,299,0,1,0.6661492676220641,0.08904831856489182,0.08904831856489182,300
land_pad__7475.jpg,land_pad,RAW_SOURCE,True,1,299,0,1,0.6297873579348405,0.1001313105225563,0.1001313105225563,300
land_pad__7500.jpg,land_pad,RAW_SOURCE,False,0,300,1,1,0.448201330805463,,0.1365697681903839,300
land_pad__7525.jpg,land_pad,RAW_SOURCE,False,0,300,1,1,0.41855041147739347,,0.12245550751686096,300
land_pad__7550.jpg,land_pad,RAW_SOURCE,True,1,299,0,1,0.7271321516275366,0.12794895470142365,0.12794895470142365,300
land_pad__7575.jpg,land_pad,RAW_SOURCE,False,0,300,1,1,0.48228544595699385,,0.08423583209514618,300
land_pad__7600.jpg,land_pad,RAW_SOURCE,True,1,299,0,1,0.5213611778335264,0.019036076962947845,0.06850437819957733,300
land_pad__7625.jpg,land_pad,RAW_SOURCE,False,0,300,1,1,0.3598560927432868,,0.2390674203634262,300
land_pad__7650.jpg,land_pad,RAW_SOURCE,False,0,300,1,1,0.3233324828360368,,0.11801736056804657,300
land_pad__7675.jpg,land_pad,RAW_SOURCE,False,0,300,1,1,0.44632927871154826,,0.16792185604572296,300
land_pad__7700.jpg,land_pad,RAW_SOURCE,False,0,300,1,1,0.42758770520257466,,0.1620795875787735,300
land_pad__7725.jpg,land_pad,RAW_SOURCE,True,1,299,0,1,0.5326182663815459,0.23421484231948853,0.23421484231948853,300
land_pad__7750.jpg,land_pad,RAW_SOURCE,False,0,300,1,1,0.3185906470312325,,0.23631559312343597,300
land_pad__7775.jpg,land_pad,RAW_SOURCE,True,1,299,0,1,0.5131856762090728,0.01867254637181759,0.3950023353099823,300
land_pad__7800.jpg,land_pad,RAW_SOURCE,False,0,300,1,1,0.2411622072850665,,0.33099207282066345,300
land_pad__7825.jpg,land_pad,RAW_SOURCE,False,0,300,1,1,0.31647445563812504,,0.5905600786209106,300
land_pad__7850.jpg,land_pad,RAW_SOURCE,False,0,300,1,1,0.23592650387231429,,0.20163577795028687,300
land_pad__7875.jpg,land_pad,RAW_SOURCE,False,0,300,1,1,0.4035541006034611,,0.09022113680839539,300
land_pad__7900.jpg,land_pad,RAW_SOURCE,False,0,300,1,1,0.32861857772885705,,0.14688552916049957,300
land_pad__7925.jpg,land_pad,RAW_SOURCE,False,0,300,1,1,0.42285762518867115,,0.2609010934829712,300
land_pad__7950.jpg,land_pad,RAW_SOURCE,False,0,300,1,1,0.44060823328314047,,0.15342377126216888,300
land_pad__7975.jpg,land_pad,RAW_SOURCE,False,0,300,1,1,0.43661743968552136,,0.09164418280124664,300
land_pad__8000.jpg,land_pad,RAW_SOURCE,False,0,300,1,1,0.41588720068181656,,0.09405340254306793,300
land_pad__8025.jpg,land_pad,RAW_SOURCE,False,0,300,1,1,0.4474339885877702,,0.21801888942718506,300
land_pad__8050.jpg,land_pad,RAW_SOURCE,False,0,300,1,1,0.47518530589299307,,0.12077519297599792,300
land_pad__8075.jpg,land_pad,RAW_SOURCE,False,0,296,1,1,0.32821922818504706,,0.24371229112148285,296
land_pad__8100.jpg,land_pad,RAW_SOURCE,True,1,299,0,1,0.6230451324776277,0.11043212562799454,0.11043212562799454,300
land_pad__8125.jpg,land_pad,RAW_SOURCE,False,0,300,1,1,0.43222087359382894,,0.1071014404296875,300
land_pad__8150.jpg,land_pad,RAW_SOURCE,False,0,293,1,1,0.4223471028737927,,0.0661841556429863,293
land_pad__8175.jpg,land_pad,RAW_SOURCE,False,0,300,1,1,0.3367163789947477,,0.05094568431377411,300
land_pad__8200.jpg,land_pad,RAW_SOURCE,False,0,300,1,1,0.47667038540466933,,0.09019874781370163,300
land_pad__8225.jpg,land_pad,RAW_SOURCE,False,0,300,1,1,0.44780982485553894,,0.14549531042575836,300
land_pad__8250.jpg,land_pad,RAW_SOURCE,False,0,300,1,1,0.4807861397277526,,0.11739608645439148,300
land_pad__8275.jpg,land_pad,RAW_SOURCE,False,0,300,1,1,0.4411124037681587,,0.17158903181552887,300
land_pad__8300.jpg,land_pad,RAW_SOURCE,True,1,299,0,1,0.5769959906356649,0.15233482420444489,0.15233482420444489,300
land_pad__8325.jpg,land_pad,RAW_SOURCE,False,0,287,1,1,0.3792741886182727,,0.1751345992088318,287
land_pad__8350.jpg,land_pad,RAW_SOURCE,True,1,281,0,1,0.5231032668101572,0.40698301792144775,0.40698301792144775,282
land_pad__8375.jpg,land_pad,RAW_SOURCE,True,1,299,0,1,0.5297916906231286,0.07511065900325775,0.44652971625328064,300
land_pad__8400.jpg,land_pad,RAW_SOURCE,True,1,289,0,1,0.6535141654704513,0.34752076864242554,0.34752076864242554,290
land_pad__8425.jpg,land_pad,RAW_SOURCE,True,1,299,0,1,0.7126465085947371,0.15778350830078125,0.2730097770690918,300
land_pad__8450.jpg,land_pad,RAW_SOURCE,True,1,299,0,1,0.805103252765874,0.4604546129703522,0.4604546129703522,300
land_pad__8475.jpg,land_pad,RAW_SOURCE,True,1,295,0,1,0.8237135723630362,0.6302621960639954,0.6302621960639954,296
land_pad__8500.jpg,land_pad,RAW_SOURCE,True,1,299,0,1,0.7229066673819204,0.3011578619480133,0.3011578619480133,300
land_pad__8525.jpg,land_pad,RAW_SOURCE,True,1,299,0,1,0.8965762560607313,0.49800339341163635,0.49800339341163635,300
land_pad__8550.jpg,land_pad,RAW_SOURCE,True,1,299,0,1,0.6906156526542955,0.35856592655181885,0.4404962956905365,300
land_pad__8575.jpg,land_pad,RAW_SOURCE,True,1,294,0,1,0.7289255265323188,0.27127477526664734,0.27127477526664734,295
land_pad__8600.jpg,land_pad,RAW_SOURCE,True,1,279,0,1,0.656969876661943,0.5552120804786682,0.5552120804786682,280
land_pad__8625.jpg,land_pad,RAW_SOURCE,True,1,271,0,1,0.8742679057715006,0.5374282002449036,0.5374282002449036,272
land_pad__8650.jpg,land_pad,RAW_SOURCE,True,1,276,0,1,0.7834161380623575,0.7710619568824768,0.7710619568824768,277
land_pad__8675.jpg,land_pad,RAW_SOURCE,True,1,284,0,1,0.7389094585674745,0.5841473340988159,0.5841473340988159,285
land_pad__8700.jpg,land_pad,RAW_SOURCE,True,1,294,0,1,0.6144689914658016,0.571992039680481,0.571992039680481,295
