frame_id,sequence,frame_index,condition,model,gt_count,detection_count,tp,fp,fn,frame_success,best_confidence_any,best_confidence_tp,best_iou,target_area_ratio,brightness_mean,sharpness_gradient_energy
land_pad__6500.jpg,land_pad,6500,clean,phase22_baseline,1,264,1,263,0,True,0.011134485714137554,0.005123250186443329,0.6448275848624788,0.00043225391300000216,0.48355276882438053,0.004573591160740092
land_pad__6525.jpg,land_pad,6525,clean,phase22_baseline,1,257,1,256,0,True,0.012625186704099178,0.005241314880549908,0.5503117938776768,0.00047478071399999824,0.486844832614204,0.0045822626892570795
land_pad__6550.jpg,land_pad,6550,clean,phase22_baseline,1,248,1,247,0,True,0.0171184279024601,0.0029453851748257875,0.6435922148085638,0.0005341330559999971,0.491955581012193,0.004615098258507157
land_pad__6575.jpg,land_pad,6575,clean,phase22_baseline,1,259,1,258,0,True,0.012846163474023342,0.0025820767041295767,0.7775958151466004,0.00043225391300000216,0.48766728319622205,0.0045461127747750555
land_pad__6600.jpg,land_pad,6600,clean,phase22_baseline,1,267,1,266,0,True,0.0153323570266366,0.005089051555842161,0.6757920690320939,0.0006172327699999982,0.4912534029568748,0.004343434520132681
land_pad__6625.jpg,land_pad,6625,clean,phase22_baseline,1,235,1,234,0,True,0.02100999467074871,0.0014956047525629401,0.6786466754237084,0.00045699006600000185,0.4909474423100332,0.003966666813371961
land_pad__6650.jpg,land_pad,6650,clean,phase22_baseline,1,265,1,264,0,True,0.017444970086216927,0.007993550971150398,0.5513066322410359,0.0003531283199999987,0.48822115901194835,0.0038002619093240597
land_pad__6675.jpg,land_pad,6675,clean,phase22_baseline,1,257,1,256,0,True,0.01958584412932396,0.01624254323542118,0.5338768625458489,0.0004035798399999996,0.4878906054534355,0.003836120757688622
land_pad__6700.jpg,land_pad,6700,clean,phase22_baseline,1,258,1,257,0,True,0.021429255604743958,0.018505394458770752,0.5922708041610744,0.00039466897200000195,0.48930050078771015,0.0037873865782488184
land_pad__6725.jpg,land_pad,6725,clean,phase22_baseline,1,256,1,255,0,True,0.01744643971323967,0.0101307462900877,0.5249902583612953,0.00034126064700000026,0.48788410423577605,0.003657545343746335
land_pad__6750.jpg,land_pad,6750,clean,phase22_baseline,1,248,0,248,1,False,0.027670303359627724,,0.42839480670612645,0.0002908064160000019,0.4889089808581033,0.0037211160302484947
land_pad__6775.jpg,land_pad,6775,clean,phase22_baseline,1,250,1,249,0,True,0.030105002224445343,0.01252138614654541,0.5416886579637172,0.0003115876680000002,0.48884595473368164,0.0035888432629161914
land_pad__6800.jpg,land_pad,6800,clean,phase22_baseline,1,252,0,252,1,False,0.026423335075378418,,0.3484753892240464,0.00033234706800000036,0.4872726794551359,0.003558699587222863
land_pad__6825.jpg,land_pad,6825,clean,phase22_baseline,1,252,0,252,1,False,0.04032803326845169,,0.29627971583677465,0.00034126064700000026,0.4870260094478674,0.003573458956289974
land_pad__6850.jpg,land_pad,6850,clean,phase22_baseline,1,243,0,243,1,False,0.03176543489098549,,0.15195074888879,0.00033234706800000036,0.48673462999266165,0.0034610777388667463
land_pad__7450.jpg,land_pad,7450,clean,phase22_baseline,1,283,1,282,0,True,0.030715974047780037,0.02644280157983303,0.7278328489650812,0.0003481796370000006,0.48653158331104834,0.0036430862883924126
land_pad__7475.jpg,land_pad,7475,clean,phase22_baseline,1,263,1,262,0,True,0.1327478587627411,0.04749589040875435,0.6215231259682673,0.0002819146890000002,0.47916329095982413,0.0034163494163103715
land_pad__7500.jpg,land_pad,7500,clean,phase22_baseline,1,287,0,287,1,False,0.13515257835388184,,0.4812319392804837,0.00025717388399999964,0.46456431795050585,0.0032226491304786792
land_pad__7525.jpg,land_pad,7525,clean,phase22_baseline,1,300,0,300,1,False,0.20466025173664093,,0.4888319466865801,0.00024925884000000215,0.4542900511276548,0.0029050061271066263
land_pad__7550.jpg,land_pad,7550,clean,phase22_baseline,1,279,1,278,0,True,0.08365508168935776,0.08365508168935776,0.6365497860641106,0.0002631124680000017,0.43376046643676563,0.0026114364900786903
land_pad__7575.jpg,land_pad,7575,clean,phase22_baseline,1,300,1,299,0,True,0.04122748225927353,0.0036808233708143234,0.615267377596504,0.0002828888009999988,0.4134226056026997,0.0024262942355313616
land_pad__7600.jpg,land_pad,7600,clean,phase22_baseline,1,300,0,300,1,False,0.03377293050289154,,0.4560402545999073,0.00025717388399999893,0.4150735463824254,0.002373470950386378
land_pad__7625.jpg,land_pad,7625,clean,phase22_baseline,1,300,0,300,1,False,0.2661033570766449,,0.3555606837816817,0.00028288880099999953,0.4252257873668928,0.0020119178840449815
land_pad__7650.jpg,land_pad,7650,clean,phase22_baseline,1,300,0,300,1,False,0.13654181361198425,,0.2933690540818735,0.0002700251639999987,0.444811558947774,0.001869954341497821
land_pad__7675.jpg,land_pad,7675,clean,phase22_baseline,1,300,0,300,1,False,0.1894768476486206,,0.44516796713631396,0.0003046600440000029,0.469805145007798,0.0017696350649464515
land_pad__7700.jpg,land_pad,7700,clean,phase22_baseline,1,300,0,300,1,False,0.2579638361930847,,0.4057443948118035,0.0002492657639999986,0.4828913242336457,0.0017874401873213853
land_pad__7725.jpg,land_pad,7725,clean,phase22_baseline,1,300,0,300,1,False,0.26985761523246765,,0.46428245145517166,0.0002443102469999988,0.49780699498436487,0.0017912093015654646
land_pad__7750.jpg,land_pad,7750,clean,phase22_baseline,1,300,0,300,1,False,0.21671628952026367,,0.3566081189860531,0.0002700251639999987,0.5123699164919367,0.0017021773423053603
land_pad__7775.jpg,land_pad,7775,clean,phase22_baseline,1,300,0,300,1,False,0.285529226064682,,0.46030375712702487,0.00027696609600000045,0.5226585046128777,0.0015873952736568104
land_pad__7800.jpg,land_pad,7800,clean,phase22_baseline,1,294,0,294,1,False,0.28061050176620483,,0.28026544172827883,0.00023740248399999945,0.5251397975142229,0.0018567303668285528
land_pad__7825.jpg,land_pad,7825,clean,phase22_baseline,1,300,0,300,1,False,0.461014062166214,,0.341155741833805,0.0002700251639999987,0.5121088941545131,0.0018594322054086916
land_pad__7850.jpg,land_pad,7850,clean,phase22_baseline,1,300,0,300,1,False,0.20230941474437714,,0.2485211394501018,0.00025717388399999964,0.5008528930379794,0.0019574405014846042
land_pad__7875.jpg,land_pad,7875,clean,phase22_baseline,1,300,0,300,1,False,0.1297447830438614,,0.36568518414780615,0.0002700251639999987,0.4955121466097508,0.0022234216864014957
land_pad__7900.jpg,land_pad,7900,clean,phase22_baseline,1,300,0,300,1,False,0.15693403780460358,,0.32212299164826574,0.00030466004400000037,0.49118063664298833,0.0022788080213908424
land_pad__7925.jpg,land_pad,7925,clean,phase22_baseline,1,300,0,300,1,False,0.18228226900100708,,0.41350767222558066,0.0002700251639999987,0.48995565750623377,0.0021702560218963274
land_pad__7950.jpg,land_pad,7950,clean,phase22_baseline,1,300,0,300,1,False,0.2212175875902176,,0.42354703778281505,0.00025717388399999964,0.48387397397325177,0.002040714569145727
land_pad__7975.jpg,land_pad,7975,clean,phase22_baseline,1,300,0,300,1,False,0.09654654562473297,,0.38999721669964615,0.00030466004400000037,0.47597402864399263,0.0018708293468849444
land_pad__8000.jpg,land_pad,8000,clean,phase22_baseline,1,300,0,300,1,False,0.09027547389268875,,0.3978596714158192,0.0002443102469999988,0.46062214791077005,0.0016959881900801966
land_pad__8025.jpg,land_pad,8025,clean,phase22_baseline,1,300,0,300,1,False,0.26049351692199707,,0.3924815897828524,0.0002631124679999995,0.44550285638523146,0.0015083059722064333
land_pad__8050.jpg,land_pad,8050,clean,phase22_baseline,1,288,1,287,0,True,0.17768146097660065,0.0632823184132576,0.5098056017097967,0.0002631124679999995,0.4388702450827171,0.0017353440298248798
land_pad__8075.jpg,land_pad,8075,clean,phase22_baseline,1,296,0,296,1,False,0.19631583988666534,,0.2860784025050837,0.00025717388399999964,0.4381863449138018,0.001872571630282376
land_pad__8100.jpg,land_pad,8100,clean,phase22_baseline,1,276,1,275,0,True,0.08148562908172607,0.08148562908172607,0.5353766615821479,0.0002492588400000001,0.4436991563855495,0.0025595476281355307
land_pad__8125.jpg,land_pad,8125,clean,phase22_baseline,1,278,0,278,1,False,0.12294594943523407,,0.3510692719636241,0.00025717388399999964,0.4531208327330568,0.0027566643971724493
land_pad__8150.jpg,land_pad,8150,clean,phase22_baseline,1,257,0,257,1,False,0.09774234890937805,,0.34923796843037935,0.0002443102469999988,0.4585396170472478,0.0028681121212136593
land_pad__8175.jpg,land_pad,8175,clean,phase22_baseline,1,275,0,275,1,False,0.04748668149113655,,0.4281984848195616,0.0002017898300000008,0.4642472051552329,0.0031637632143236925
land_pad__8200.jpg,land_pad,8200,clean,phase22_baseline,1,282,0,282,1,False,0.11555185168981552,,0.4033971628816239,0.0002057316929999995,0.4705459735003231,0.0034696707198066867
land_pad__8225.jpg,land_pad,8225,clean,phase22_baseline,1,297,0,297,1,False,0.12782986462116241,,0.4999717989619192,0.0002017898300000008,0.46648931453503917,0.0033453334333966565
land_pad__8250.jpg,land_pad,8250,clean,phase22_baseline,1,284,1,283,0,True,0.07934955507516861,0.04261108115315437,0.5344805103349456,0.00023144660999999938,0.46260875478175034,0.0031223964929869303
land_pad__8275.jpg,land_pad,8275,clean,phase22_baseline,1,294,0,294,1,False,0.1680261492729187,,0.44458487056059265,0.00023740248400000175,0.438720232200531,0.002781094805049823
land_pad__8300.jpg,land_pad,8300,clean,phase22_baseline,1,300,1,299,0,True,0.1970439851284027,0.1970439851284027,0.5938277275848852,0.00031850036399999946,0.42792095714060624,0.0019952307756271777
land_pad__8325.jpg,land_pad,8325,clean,phase22_baseline,1,291,0,291,1,False,0.2719447612762451,,0.3115826502861156,0.0003481796370000014,0.42133224069431763,0.001470298355603411
land_pad__8350.jpg,land_pad,8350,clean,phase22_baseline,1,300,1,299,0,True,0.534247100353241,0.534247100353241,0.5025147107021745,0.00042040240000000036,0.3960715461330827,0.0007327230049058492
land_pad__8375.jpg,land_pad,8375,clean,phase22_baseline,1,298,0,298,1,False,0.4851085841655731,,0.4901862048790784,0.0007616514600000007,0.406587513953762,0.00039202115188016415
land_pad__8400.jpg,land_pad,8400,clean,phase22_baseline,1,300,1,299,0,True,0.31230610609054565,0.31230610609054565,0.661014330923634,0.0009149615280000012,0.43829572906462455,0.0005151960699631588
land_pad__8425.jpg,land_pad,8425,clean,phase22_baseline,1,300,1,299,0,True,0.25420692563056946,0.21312949061393738,0.6680279844353868,0.0007399019399999979,0.4998046531495646,0.0003805064348862489
land_pad__8450.jpg,land_pad,8450,clean,phase22_baseline,1,300,1,299,0,True,0.451517790555954,0.451517790555954,0.8149767035172936,0.0006923806200000022,0.5585918440129799,0.0004314950693649005
land_pad__8475.jpg,land_pad,8475,clean,phase22_baseline,1,272,1,271,0,True,0.5715426206588745,0.5715426206588745,0.8555056257982486,0.0008308858799999962,0.5552635658030676,0.0006437093794058652
land_pad__8500.jpg,land_pad,8500,clean,phase22_baseline,1,282,1,281,0,True,0.2946069538593292,0.2946069538593292,0.7252078495257696,0.000750753556999999,0.5388048760373729,0.0008042360555180261
land_pad__8525.jpg,land_pad,8525,clean,phase22_baseline,1,291,1,290,0,True,0.5974161624908447,0.5974161624908447,0.8306797802846724,0.0007962504599999989,0.529925519940313,0.0007101439159081782
land_pad__8550.jpg,land_pad,8550,clean,phase22_baseline,1,279,1,278,0,True,0.5558263659477234,0.5558263659477234,0.7029258406911779,0.0007913174359999958,0.5307301969069874,0.0007282102851851842
land_pad__8575.jpg,land_pad,8575,clean,phase22_baseline,1,277,1,276,0,True,0.26251131296157837,0.26251131296157837,0.8039879976298615,0.0008308858800000042,0.5316130979520156,0.0007189339731909045
land_pad__8600.jpg,land_pad,8600,clean,phase22_baseline,1,263,1,262,0,True,0.5504571199417114,0.5504571199417114,0.5913964294232869,0.0008744167000000014,0.5292039313282119,0.0007573604437955682
land_pad__8625.jpg,land_pad,8625,clean,phase22_baseline,1,254,1,253,0,True,0.5450528264045715,0.5450528264045715,0.8355935119353637,0.0009001203000000018,0.5231858790449231,0.000753553215497921
land_pad__8650.jpg,land_pad,8650,clean,phase22_baseline,1,246,1,245,0,True,0.7151458859443665,0.7151458859443665,0.725581471882181,0.0007359340120000038,0.526823764169338,0.0007589334680380668
land_pad__8675.jpg,land_pad,8675,clean,phase22_baseline,1,255,1,254,0,True,0.5659569501876831,0.5659569501876831,0.7338392894829876,0.0008783846279999966,0.5243230956222833,0.0006906721698663311
land_pad__8700.jpg,land_pad,8700,clean,phase22_baseline,1,287,1,286,0,True,0.6107958555221558,0.01697627641260624,0.6625018594903986,0.0009515769300000026,0.5245755337146709,0.0006728838851895816
land_pad2__2050.jpg,land_pad2,2050,clean,phase22_baseline,1,248,1,247,0,True,0.8577773571014404,0.8577773571014404,0.8205570543138202,0.24079716533099993,0.4878172534093184,0.006187289184006201
land_pad2__2075.jpg,land_pad2,2075,clean,phase22_baseline,1,253,1,252,0,True,0.8922051191329956,0.8922051191329956,0.9080383675946438,0.18180394185599996,0.5497938268378177,0.006951637452113909
land_pad2__2100.jpg,land_pad2,2100,clean,phase22_baseline,1,270,1,269,0,True,0.9382067918777466,0.9382067918777466,0.8962238335055563,0.21312163179000002,0.4980218416087705,0.006353675062740339
land_pad2__2125.jpg,land_pad2,2125,clean,phase22_baseline,1,257,1,256,0,True,0.905067503452301,0.905067503452301,0.9647044135987842,0.211238529438,0.516756031256427,0.005784401132326422
land_pad2__2150.jpg,land_pad2,2150,clean,phase22_baseline,1,269,1,268,0,True,0.9267815947532654,0.9267815947532654,0.9013690819017498,0.22493207709999993,0.49581410799918973,0.005359151649078021
land_pad2__2175.jpg,land_pad2,2175,clean,phase22_baseline,1,266,1,265,0,True,0.9113497138023376,0.9113497138023376,0.9531564125687282,0.202008662232,0.516114955337488,0.006313986910498753
land_pad2__2200.jpg,land_pad2,2200,clean,phase22_baseline,1,239,1,238,0,True,0.9280737638473511,0.9280737638473511,0.9416108297630311,0.24893279037200003,0.5026744597492004,0.005615751850005515
land_pad2__2225.jpg,land_pad2,2225,clean,phase22_baseline,1,232,1,231,0,True,0.9256222248077393,0.9256222248077393,0.8911109355530821,0.28852421463800004,0.4797503827223391,0.004365459985948825
land_pad2__2250.jpg,land_pad2,2250,clean,phase22_baseline,1,251,1,250,0,True,0.8899507522583008,0.8899507522583008,0.9482710829693469,0.28441178891999996,0.4812255384897299,0.004138496556377332
land_pad2__2275.jpg,land_pad2,2275,clean,phase22_baseline,1,264,1,263,0,True,0.8845942616462708,0.8845942616462708,0.8673763480818312,0.25798921491200005,0.4942107005853345,0.004078496898300767
land_pad2__2300.jpg,land_pad2,2300,clean,phase22_baseline,1,248,1,247,0,True,0.8943578600883484,0.8943578600883484,0.9215335152787182,0.25757993747200003,0.4887047471999961,0.00493337672826396
land_pad2__2325.jpg,land_pad2,2325,clean,phase22_baseline,1,240,1,239,0,True,0.9434536695480347,0.9434536695480347,0.9256943847813922,0.27903436764600004,0.4722132914524581,0.0036092877020540617
land_pad2__2350.jpg,land_pad2,2350,clean,phase22_baseline,1,241,1,240,0,True,0.8737766742706299,0.8737766742706299,0.9164221367674305,0.2938119927119999,0.46818918124456116,0.0032126118228684233
land_pad2__2375.jpg,land_pad2,2375,clean,phase22_baseline,1,262,1,261,0,True,0.8758946061134338,0.8758946061134338,0.9313259759545628,0.27436936383999994,0.4786924918616469,0.002867185782793241
land_pad2__2400.jpg,land_pad2,2400,clean,phase22_baseline,1,250,1,249,0,True,0.9592565894126892,0.9592565894126892,0.8558098374975519,0.371244923442,0.4828391942431175,0.003131678024614555
land_pad2__2425.jpg,land_pad2,2425,clean,phase22_baseline,1,281,1,280,0,True,0.9303207993507385,0.9303207993507385,0.9633557861621971,0.348776078376,0.46845809736357,0.0020682159556874085
land_pad2__2450.jpg,land_pad2,2450,clean,phase22_baseline,1,279,1,278,0,True,0.9631682634353638,0.9631682634353638,0.7939270060826141,0.5006960249760001,0.46744435349463337,0.0013538288393292201
land_pad2__2475.jpg,land_pad2,2475,clean,phase22_baseline,1,300,1,299,0,True,0.9671371579170227,0.9671371579170227,0.9343896818363484,0.786116673615,0.47737240720306984,0.001223382916753904
land_pad2__2500.jpg,land_pad2,2500,clean,phase22_baseline,1,276,1,275,0,True,0.9805793166160583,0.9805793166160583,0.9611639792518532,0.738113872776,0.5237364227926484,0.0012622370689780197
land_pad2__2525.jpg,land_pad2,2525,clean,phase22_baseline,1,264,1,263,0,True,0.9255503416061401,0.9255503416061401,0.9416290534582932,0.8909045402879998,0.5121382466091844,0.0012297420302335362
land_pad__6500.jpg,land_pad,6500,blur,phase22_baseline,1,298,1,297,0,True,0.012633499689400196,0.0033681215718388557,0.5014022011606235,0.00043225391300000216,0.4835890259135588,0.0001652282375626834
land_pad__6525.jpg,land_pad,6525,blur,phase22_baseline,1,274,0,274,1,False,0.015149612911045551,,0.4196699391260282,0.00047478071399999824,0.48686927424455734,0.00016345856747819432
land_pad__6550.jpg,land_pad,6550,blur,phase22_baseline,1,272,0,272,1,False,0.03842838108539581,,0.49707830058538754,0.0005341330559999971,0.4919774896502244,0.00016139933154923366
land_pad__6575.jpg,land_pad,6575,blur,phase22_baseline,1,266,0,266,1,False,0.015216726809740067,,0.4538686373936474,0.00043225391300000216,0.4876855184135353,0.0001570727990962973
land_pad__6600.jpg,land_pad,6600,blur,phase22_baseline,1,285,1,284,0,True,0.0227708350867033,0.0023954713251441717,0.5483633613103392,0.0006172327699999982,0.4912840393632437,0.00014842326349485905
land_pad__6625.jpg,land_pad,6625,blur,phase22_baseline,1,238,1,237,0,True,0.04923425614833832,0.0015641989884898067,0.7239407615891109,0.00045699006600000185,0.49099088720131345,0.00014304361515128498
land_pad__6650.jpg,land_pad,6650,blur,phase22_baseline,1,268,0,268,1,False,0.026952600106596947,,0.2634757671537094,0.0003531283199999987,0.48826932853515537,0.00014505006048780184
land_pad__6675.jpg,land_pad,6675,blur,phase22_baseline,1,254,0,254,1,False,0.033137883991003036,,0.348322457252567,0.0004035798399999996,0.4879417191438284,0.00014230894463986425
land_pad__6700.jpg,land_pad,6700,blur,phase22_baseline,1,242,0,242,1,False,0.03628077730536461,,0.4114760575718575,0.00039466897200000195,0.48937043154663895,0.00013865518488061408
land_pad__6725.jpg,land_pad,6725,blur,phase22_baseline,1,241,0,241,1,False,0.0284026637673378,,0.36572190362216006,0.00034126064700000026,0.48796182016406187,0.0001328716600762313
land_pad__6750.jpg,land_pad,6750,blur,phase22_baseline,1,249,0,249,1,False,0.029779182747006416,,0.2756031177714251,0.0002908064160000019,0.4890004207172239,0.00012897240819807174
land_pad__6775.jpg,land_pad,6775,blur,phase22_baseline,1,255,0,255,1,False,0.033523451536893845,,0.24860886235818722,0.0003115876680000002,0.488926890238732,0.0001271430209171449
land_pad__6800.jpg,land_pad,6800,blur,phase22_baseline,1,260,0,260,1,False,0.029276806861162186,,0.2540324077629907,0.00033234706800000036,0.4873369856522471,0.0001261188613937766
land_pad__6825.jpg,land_pad,6825,blur,phase22_baseline,1,251,0,251,1,False,0.023508265614509583,,0.24166931196134384,0.00034126064700000026,0.48709407052486775,0.00012551628073039555
land_pad__6850.jpg,land_pad,6850,blur,phase22_baseline,1,242,0,242,1,False,0.03888265788555145,,0.10441130064192172,0.00033234706800000036,0.4868036724587241,0.00012419970316902146
land_pad__7450.jpg,land_pad,7450,blur,phase22_baseline,1,277,1,276,0,True,0.03392009437084198,0.017292477190494537,0.6658325620652442,0.0003481796370000006,0.486562495126996,0.00015161800386386128
land_pad__7475.jpg,land_pad,7475,blur,phase22_baseline,1,272,1,271,0,True,0.10721316933631897,0.03717832639813423,0.6586188938022479,0.0002819146890000002,0.47919070778942846,0.0001502158202181877
land_pad__7500.jpg,land_pad,7500,blur,phase22_baseline,1,300,0,300,1,False,0.07397810369729996,,0.45332778254234235,0.00025717388399999964,0.46462354652594867,0.0001386427231746361
land_pad__7525.jpg,land_pad,7525,blur,phase22_baseline,1,294,0,294,1,False,0.09986424446105957,,0.452431647036745,0.00024925884000000215,0.4543694117553962,0.0001324455187999162
land_pad__7550.jpg,land_pad,7550,blur,phase22_baseline,1,269,1,268,0,True,0.04813561215996742,0.04813561215996742,0.630684568749037,0.0002631124680000017,0.43384125066049817,0.00012474723263879183
land_pad__7575.jpg,land_pad,7575,blur,phase22_baseline,1,300,1,299,0,True,0.03038385510444641,0.0031417144928127527,0.6135137273605478,0.0002828888009999988,0.4134864191657759,0.00010831814083186631
land_pad__7600.jpg,land_pad,7600,blur,phase22_baseline,1,300,0,300,1,False,0.023864246904850006,,0.47409627931314036,0.00025717388399999893,0.41514088208490174,0.00010697742263975554
land_pad__7625.jpg,land_pad,7625,blur,phase22_baseline,1,300,0,300,1,False,0.13177788257598877,,0.36206818727209694,0.00028288880099999953,0.42527992668364273,0.00010353001127691628
land_pad__7650.jpg,land_pad,7650,blur,phase22_baseline,1,300,0,300,1,False,0.08959145098924637,,0.2861560853479094,0.0002700251639999987,0.4448628588305582,8.797549028068433e-05
land_pad__7675.jpg,land_pad,7675,blur,phase22_baseline,1,300,0,300,1,False,0.1806396096944809,,0.43793420936570565,0.0003046600440000029,0.4698555565977157,7.937032193128756e-05
land_pad__7700.jpg,land_pad,7700,blur,phase22_baseline,1,300,0,300,1,False,0.2694604694843292,,0.40851328588139224,0.0002492657639999986,0.48291433063098355,8.028408642958394e-05
land_pad__7725.jpg,land_pad,7725,blur,phase22_baseline,1,300,0,300,1,False,0.24034632742404938,,0.4496723930658823,0.0002443102469999988,0.497830967254732,8.087670724260393e-05
land_pad__7750.jpg,land_pad,7750,blur,phase22_baseline,1,300,0,300,1,False,0.2121332585811615,,0.3622841920805023,0.0002700251639999987,0.5124115847974844,8.218369234445348e-05
land_pad__7775.jpg,land_pad,7775,blur,phase22_baseline,1,300,0,300,1,False,0.3537363111972809,,0.4509020544466317,0.00027696609600000045,0.5227007043425419,7.800254722608369e-05
land_pad__7800.jpg,land_pad,7800,blur,phase22_baseline,1,298,0,298,1,False,0.30599090456962585,,0.26537169304747066,0.00023740248399999945,0.5251890492807038,8.419938857113142e-05
land_pad__7825.jpg,land_pad,7825,blur,phase22_baseline,1,300,0,300,1,False,0.5601358413696289,,0.32326317020903306,0.0002700251639999987,0.5121490108568008,8.360969714561872e-05
land_pad__7850.jpg,land_pad,7850,blur,phase22_baseline,1,300,0,300,1,False,0.2059134989976883,,0.3023962009862556,0.00025717388399999964,0.500919976604926,8.229793134437066e-05
land_pad__7875.jpg,land_pad,7875,blur,phase22_baseline,1,300,0,300,1,False,0.11964791268110275,,0.3349854241824367,0.0002700251639999987,0.49558045982228094,8.247901686545239e-05
land_pad__7900.jpg,land_pad,7900,blur,phase22_baseline,1,300,0,300,1,False,0.1808333545923233,,0.30010450718767706,0.00030466004400000037,0.4912590313977005,8.803735532184876e-05
land_pad__7925.jpg,land_pad,7925,blur,phase22_baseline,1,300,0,300,1,False,0.25195392966270447,,0.4144171228035994,0.0002700251639999987,0.49001504124200257,9.133601515383689e-05
land_pad__7950.jpg,land_pad,7950,blur,phase22_baseline,1,300,0,300,1,False,0.175907164812088,,0.4296182429357529,0.00025717388399999964,0.48393577821010614,8.993893039655246e-05
land_pad__7975.jpg,land_pad,7975,blur,phase22_baseline,1,300,0,300,1,False,0.07127516716718674,,0.38940765181553044,0.00030466004400000037,0.476045165774456,9.01287957763493e-05
land_pad__8000.jpg,land_pad,8000,blur,phase22_baseline,1,300,0,300,1,False,0.07008127123117447,,0.4015844786655546,0.0002443102469999988,0.46068299015360326,8.67749806545983e-05
land_pad__8025.jpg,land_pad,8025,blur,phase22_baseline,1,300,0,300,1,False,0.2314280867576599,,0.4016464506460642,0.0002631124679999995,0.4455579305429455,8.340085390447937e-05
land_pad__8050.jpg,land_pad,8050,blur,phase22_baseline,1,300,1,299,0,True,0.150104358792305,0.046686023473739624,0.5011109887127727,0.0002631124679999995,0.43891503986883373,0.00010084089477297256
land_pad__8075.jpg,land_pad,8075,blur,phase22_baseline,1,287,0,287,1,False,0.07276416569948196,,0.3373887362715523,0.00025717388399999964,0.43823655479529583,0.00011246725371491558
land_pad__8100.jpg,land_pad,8100,blur,phase22_baseline,1,264,1,263,0,True,0.06477542966604233,0.06477542966604233,0.5525133692276294,0.0002492588400000001,0.4437684509871416,0.00012739293929458245
land_pad__8125.jpg,land_pad,8125,blur,phase22_baseline,1,296,0,296,1,False,0.12924949824810028,,0.38603114085097834,0.00025717388399999964,0.4532014695544796,0.00013125080261565104
land_pad__8150.jpg,land_pad,8150,blur,phase22_baseline,1,279,0,279,1,False,0.10295658558607101,,0.4109104150633584,0.0002443102469999988,0.4586218520200284,0.00012965287083764997
land_pad__8175.jpg,land_pad,8175,blur,phase22_baseline,1,297,0,297,1,False,0.04011257737874985,,0.3537769813246788,0.0002017898300000008,0.46432764414724004,0.0001233443415942849
land_pad__8200.jpg,land_pad,8200,blur,phase22_baseline,1,293,0,293,1,False,0.10083504021167755,,0.4201938557977251,0.0002057316929999995,0.4706279485795576,0.00011737945950268391
land_pad__8225.jpg,land_pad,8225,blur,phase22_baseline,1,279,0,279,1,False,0.09197394549846649,,0.4884135533559989,0.0002017898300000008,0.46654575798263026,0.00011724069336193596
land_pad__8250.jpg,land_pad,8250,blur,phase22_baseline,1,297,1,296,0,True,0.09542278945446014,0.03930262103676796,0.5072710749987303,0.00023144660999999938,0.46265671871752545,0.00012109142678483517
land_pad__8275.jpg,land_pad,8275,blur,phase22_baseline,1,297,0,297,1,False,0.11099884659051895,,0.40726702686239497,0.00023740248400000175,0.43877583390335356,0.00012053630136680925
land_pad__8300.jpg,land_pad,8300,blur,phase22_baseline,1,300,1,299,0,True,0.19809295237064362,0.19809295237064362,0.6026904127609259,0.00031850036399999946,0.4279631879023356,0.00011116233690786516
land_pad__8325.jpg,land_pad,8325,blur,phase22_baseline,1,300,0,300,1,False,0.23414625227451324,,0.337890695854355,0.0003481796370000014,0.42138727218294214,9.551010866028777e-05
land_pad__8350.jpg,land_pad,8350,blur,phase22_baseline,1,300,1,299,0,True,0.43958231806755066,0.43958231806755066,0.5345573607730655,0.00042040240000000036,0.3961346110475859,5.8495884475838024e-05
land_pad__8375.jpg,land_pad,8375,blur,phase22_baseline,1,300,0,300,1,False,0.3736473619937897,,0.48983017051647415,0.0007616514600000007,0.406654089370641,4.9798838736653054e-05
land_pad__8400.jpg,land_pad,8400,blur,phase22_baseline,1,298,1,297,0,True,0.35531359910964966,0.35531359910964966,0.7630438878208621,0.0009149615280000012,0.43833947651854055,4.8655648728679216e-05
land_pad__8425.jpg,land_pad,8425,blur,phase22_baseline,1,300,1,299,0,True,0.29700130224227905,0.29700130224227905,0.5090112082065432,0.0007399019399999979,0.4998693045784011,4.687827814072679e-05
land_pad__8450.jpg,land_pad,8450,blur,phase22_baseline,1,297,1,296,0,True,0.4361630976200104,0.4361630976200104,0.8361606946513122,0.0006923806200000022,0.5586377365584028,5.844485243116489e-05
land_pad__8475.jpg,land_pad,8475,blur,phase22_baseline,1,279,1,278,0,True,0.5411298871040344,0.5411298871040344,0.8284969125776361,0.0008308858799999962,0.5552013077222596,8.269451139517311e-05
land_pad__8500.jpg,land_pad,8500,blur,phase22_baseline,1,300,1,299,0,True,0.38261622190475464,0.38261622190475464,0.717622052445078,0.000750753556999999,0.5388410089982903,9.171675874816011e-05
land_pad__8525.jpg,land_pad,8525,blur,phase22_baseline,1,300,1,299,0,True,0.5473198294639587,0.5473198294639587,0.8376890121515993,0.0007962504599999989,0.5299540034971586,8.705364665725131e-05
land_pad__8550.jpg,land_pad,8550,blur,phase22_baseline,1,300,1,299,0,True,0.521072506904602,0.521072506904602,0.7714352795584697,0.0007913174359999958,0.5307831259731945,8.541220246516309e-05
land_pad__8575.jpg,land_pad,8575,blur,phase22_baseline,1,300,1,299,0,True,0.289755254983902,0.289755254983902,0.795934478209163,0.0008308858800000042,0.5316753443957991,9.257013794419576e-05
land_pad__8600.jpg,land_pad,8600,blur,phase22_baseline,1,244,1,243,0,True,0.4717562794685364,0.4717562794685364,0.5931847660766418,0.0008744167000000014,0.5292754059323843,9.239083314138938e-05
land_pad__8625.jpg,land_pad,8625,blur,phase22_baseline,1,264,1,263,0,True,0.5524429082870483,0.5524429082870483,0.8763541630326218,0.0009001203000000018,0.5232546305853741,9.265345016489617e-05
land_pad__8650.jpg,land_pad,8650,blur,phase22_baseline,1,249,1,248,0,True,0.6917414665222168,0.6917414665222168,0.6914930442713003,0.0007359340120000038,0.5268721237639443,9.341340247896965e-05
land_pad__8675.jpg,land_pad,8675,blur,phase22_baseline,1,232,1,231,0,True,0.5695645213127136,0.5695645213127136,0.755171853034064,0.0008783846279999966,0.5243784878586657,8.802324134261067e-05
land_pad__8700.jpg,land_pad,8700,blur,phase22_baseline,1,271,1,270,0,True,0.7281189560890198,0.017458321526646614,0.6627986709497239,0.0009515769300000026,0.5246289321408643,7.843073874976628e-05
land_pad2__2050.jpg,land_pad2,2050,blur,phase22_baseline,1,246,1,245,0,True,0.857123613357544,0.857123613357544,0.818193431168926,0.24079716533099993,0.4878260742738516,0.00016457101040522496
land_pad2__2075.jpg,land_pad2,2075,blur,phase22_baseline,1,263,1,262,0,True,0.8901421427726746,0.8901421427726746,0.9056947329011317,0.18180394185599996,0.5497897267262032,0.0002001207098887193
land_pad2__2100.jpg,land_pad2,2100,blur,phase22_baseline,1,271,1,270,0,True,0.93999844789505,0.93999844789505,0.8903708050393292,0.21312163179000002,0.4980533624289976,0.00018654841910724693
land_pad2__2125.jpg,land_pad2,2125,blur,phase22_baseline,1,245,1,244,0,True,0.9069913625717163,0.9069913625717163,0.9495384598366811,0.211238529438,0.5167406936582019,0.0001915277678953648
land_pad2__2150.jpg,land_pad2,2150,blur,phase22_baseline,1,256,1,255,0,True,0.9251274466514587,0.9251274466514587,0.9090853056935971,0.22493207709999993,0.4958056129713412,0.00016249564784290584
land_pad2__2175.jpg,land_pad2,2175,blur,phase22_baseline,1,252,1,251,0,True,0.9015815854072571,0.9015815854072571,0.9704896378530786,0.202008662232,0.5161303045727377,0.00017367466502139062
land_pad2__2200.jpg,land_pad2,2200,blur,phase22_baseline,1,238,1,237,0,True,0.927579939365387,0.927579939365387,0.9393323228884332,0.24893279037200003,0.5026802317133277,0.00016687455766202172
land_pad2__2225.jpg,land_pad2,2225,blur,phase22_baseline,1,229,1,228,0,True,0.9255616068840027,0.9255616068840027,0.877524406264764,0.28852421463800004,0.4797624580747102,0.00017607755696764262
land_pad2__2250.jpg,land_pad2,2250,blur,phase22_baseline,1,240,1,239,0,True,0.8784452080726624,0.8784452080726624,0.9455900134476102,0.28441178891999996,0.48124356424060316,0.0001690138327353961
land_pad2__2275.jpg,land_pad2,2275,blur,phase22_baseline,1,250,1,249,0,True,0.8862534761428833,0.8862534761428833,0.8721337061158406,0.25798921491200005,0.4942428536838901,0.00016953077442388996
land_pad2__2300.jpg,land_pad2,2300,blur,phase22_baseline,1,255,1,254,0,True,0.8955854773521423,0.8955854773521423,0.9056208897251511,0.25757993747200003,0.4887282695054179,0.00018011661257036154
land_pad2__2325.jpg,land_pad2,2325,blur,phase22_baseline,1,256,1,255,0,True,0.9436610341072083,0.9436610341072083,0.9375667523913161,0.27903436764600004,0.472212434191657,0.00017301744944203836
land_pad2__2350.jpg,land_pad2,2350,blur,phase22_baseline,1,246,1,245,0,True,0.8857616186141968,0.8857616186141968,0.9182854151867935,0.2938119927119999,0.4681772765685487,0.00017412440854721754
land_pad2__2375.jpg,land_pad2,2375,blur,phase22_baseline,1,258,1,257,0,True,0.8824092745780945,0.8824092745780945,0.941517834924588,0.27436936383999994,0.4786850790770722,0.0001797732040965509
land_pad2__2400.jpg,land_pad2,2400,blur,phase22_baseline,1,240,1,239,0,True,0.9562657475471497,0.9562657475471497,0.8719528259437176,0.371244923442,0.4828437016505878,0.00017105947616339993
land_pad2__2425.jpg,land_pad2,2425,blur,phase22_baseline,1,270,1,269,0,True,0.9287274479866028,0.9287274479866028,0.9608738790811958,0.348776078376,0.46845187155548934,0.00015213321268817343
land_pad2__2450.jpg,land_pad2,2450,blur,phase22_baseline,1,279,1,278,0,True,0.9589442014694214,0.9589442014694214,0.802339557620699,0.5006960249760001,0.4674605987807658,0.00016622796171656274
land_pad2__2475.jpg,land_pad2,2475,blur,phase22_baseline,1,298,1,297,0,True,0.9642938375473022,0.9642938375473022,0.937680885022929,0.786116673615,0.4773702427165222,0.00019446126030505542
land_pad2__2500.jpg,land_pad2,2500,blur,phase22_baseline,1,275,1,274,0,True,0.9768247008323669,0.9768247008323669,0.9675328726402669,0.738113872776,0.5237486610633619,0.0002361765149742597
land_pad2__2525.jpg,land_pad2,2525,blur,phase22_baseline,1,262,1,261,0,True,0.9091804623603821,0.9091804623603821,0.9410711483348264,0.8909045402879998,0.5121501241321398,0.0002467303996780879
land_pad__6500.jpg,land_pad,6500,low_light,phase22_baseline,1,296,1,295,0,True,0.05688999220728874,0.0011396013433113694,0.5549793329959994,0.00043225391300000216,0.2012412399389196,0.0007842896028934878
land_pad__6525.jpg,land_pad,6525,low_light,phase22_baseline,1,294,0,294,1,False,0.015057841315865517,,0.49236545566695383,0.00047478071399999824,0.20264357508630987,0.0007853086617513603
land_pad__6550.jpg,land_pad,6550,low_light,phase22_baseline,1,277,1,276,0,True,0.012059050612151623,0.0016195655334740877,0.5766584390117881,0.0005341330559999971,0.2047985813381073,0.0007936363886743235
land_pad__6575.jpg,land_pad,6575,low_light,phase22_baseline,1,275,1,274,0,True,0.01389820221811533,0.0024489054922014475,0.7357616063776491,0.00043225391300000216,0.20298845382192082,0.0007821623673638465
land_pad__6600.jpg,land_pad,6600,low_light,phase22_baseline,1,296,1,295,0,True,0.01708482950925827,0.003926967736333609,0.568916903660804,0.0006172327699999982,0.20448079359541618,0.0007414070905109679
land_pad__6625.jpg,land_pad,6625,low_light,phase22_baseline,1,264,0,264,1,False,0.03063797578215599,,0.2222879699608918,0.00045699006600000185,0.204320074650736,0.0006771706237574632
land_pad__6650.jpg,land_pad,6650,low_light,phase22_baseline,1,268,1,267,0,True,0.037861790508031845,0.010057779960334301,0.6961032335989605,0.0003531283199999987,0.20317088745422482,0.0006466239596222231
land_pad__6675.jpg,land_pad,6675,low_light,phase22_baseline,1,276,1,275,0,True,0.02925632894039154,0.009068503975868225,0.6517074783927319,0.0004035798399999996,0.2030349514926152,0.0006523288248428377
land_pad__6700.jpg,land_pad,6700,low_light,phase22_baseline,1,275,1,274,0,True,0.0713052824139595,0.02077537402510643,0.8973809480074789,0.00039466897200000195,0.20363499526334314,0.0006434134523531101
land_pad__6725.jpg,land_pad,6725,low_light,phase22_baseline,1,259,1,258,0,True,0.029884031042456627,0.012424054555594921,0.7603293995593027,0.00034126064700000026,0.20303604149390533,0.0006210674614576545
land_pad__6750.jpg,land_pad,6750,low_light,phase22_baseline,1,271,1,270,0,True,0.02834533341228962,0.011775212362408638,0.6305913623962748,0.0002908064160000019,0.20345385721976125,0.0006278214299061127
land_pad__6775.jpg,land_pad,6775,low_light,phase22_baseline,1,278,1,277,0,True,0.04726147651672363,0.006721489131450653,0.6201214706692445,0.0003115876680000002,0.20343368249837296,0.0006064738905811419
land_pad__6800.jpg,land_pad,6800,low_light,phase22_baseline,1,277,0,277,1,False,0.02257980778813362,,0.41274133022784404,0.00033234706800000036,0.2027760393356252,0.0006012464044293352
land_pad__6825.jpg,land_pad,6825,low_light,phase22_baseline,1,268,0,268,1,False,0.021036315709352493,,0.4490078571407667,0.00034126064700000026,0.20267509978554515,0.0006027759489184599
land_pad__6850.jpg,land_pad,6850,low_light,phase22_baseline,1,265,0,265,1,False,0.026221955195069313,,0.22434587150289154,0.00033234706800000036,0.2025318169824994,0.0005839617845994526
land_pad__7450.jpg,land_pad,7450,low_light,phase22_baseline,1,279,1,278,0,True,0.05973180755972862,0.035676516592502594,0.6114779553686785,0.0003481796370000006,0.2024848150407455,0.0006254472261209966
land_pad__7475.jpg,land_pad,7475,low_light,phase22_baseline,1,273,1,272,0,True,0.08772486448287964,0.042275991290807724,0.5585568807185578,0.0002819146890000002,0.19936570458730726,0.0005892368460891477
land_pad__7500.jpg,land_pad,7500,low_light,phase22_baseline,1,288,0,288,1,False,0.12678733468055725,,0.43632328952441435,0.00025717388399999964,0.19325366781555128,0.0005513994704584211
land_pad__7525.jpg,land_pad,7525,low_light,phase22_baseline,1,300,0,300,1,False,0.1372837871313095,,0.4056691317749978,0.00024925884000000215,0.1889398538839694,0.000499576175713109
land_pad__7550.jpg,land_pad,7550,low_light,phase22_baseline,1,281,1,280,0,True,0.14772500097751617,0.14772500097751617,0.531310553809387,0.0002631124680000017,0.18034169484572135,0.00044302664606554314
land_pad__7575.jpg,land_pad,7575,low_light,phase22_baseline,1,300,1,299,0,True,0.08375328779220581,0.006402234546840191,0.5353747202740191,0.0002828888009999988,0.17181483585627902,0.00040539227679550446
land_pad__7600.jpg,land_pad,7600,low_light,phase22_baseline,1,300,0,300,1,False,0.06069337576627731,,0.41345088206618175,0.00025717388399999893,0.17251470978075611,0.0003968448214581435
land_pad__7625.jpg,land_pad,7625,low_light,phase22_baseline,1,300,0,300,1,False,0.11196392774581909,,0.3117861840827764,0.00028288880099999953,0.17677312371793932,0.00033463290291305164
land_pad__7650.jpg,land_pad,7650,low_light,phase22_baseline,1,300,0,300,1,False,0.13169068098068237,,0.2736966077185091,0.0002700251639999987,0.18501804475801312,0.00030212072505586844
land_pad__7675.jpg,land_pad,7675,low_light,phase22_baseline,1,300,0,300,1,False,0.15629029273986816,,0.3484604859881385,0.0003046600440000029,0.19550692546478082,0.00028884233150225705
land_pad__7700.jpg,land_pad,7700,low_light,phase22_baseline,1,300,0,300,1,False,0.3032163381576538,,0.415237560013804,0.0002492657639999986,0.20100737453755432,0.00029104188605422047
land_pad__7725.jpg,land_pad,7725,low_light,phase22_baseline,1,300,0,300,1,False,0.21299485862255096,,0.4060903528355779,0.0002443102469999988,0.20728843521043966,0.00029235313722167404
land_pad__7750.jpg,land_pad,7750,low_light,phase22_baseline,1,300,0,300,1,False,0.2538518011569977,,0.33017885100443795,0.0002700251639999987,0.2134243084872776,0.0002773784793454708
land_pad__7775.jpg,land_pad,7775,low_light,phase22_baseline,1,294,0,294,1,False,0.2634976804256439,,0.4268066066757416,0.00027696609600000045,0.21772167930331152,0.000257029698413373
land_pad__7800.jpg,land_pad,7800,low_light,phase22_baseline,1,292,0,292,1,False,0.2909579575061798,,0.24897846261054568,0.00023740248399999945,0.21875404241136837,0.000296711716674952
land_pad__7825.jpg,land_pad,7825,low_light,phase22_baseline,1,300,0,300,1,False,0.4794046878814697,,0.3168236474299148,0.0002700251639999987,0.2132480890260299,0.0003048015099548842
land_pad__7850.jpg,land_pad,7850,low_light,phase22_baseline,1,300,0,300,1,False,0.2431267499923706,,0.30743668363398047,0.00025717388399999964,0.2085100900372098,0.0003226687924596801
land_pad__7875.jpg,land_pad,7875,low_light,phase22_baseline,1,300,0,300,1,False,0.08127915859222412,,0.3094666861568307,0.0002700251639999987,0.2062562776898148,0.00036774629201858565
land_pad__7900.jpg,land_pad,7900,low_light,phase22_baseline,1,300,0,300,1,False,0.07887612283229828,,0.265084602377321,0.00030466004400000037,0.2044328451756737,0.0003790251011121793
land_pad__7925.jpg,land_pad,7925,low_light,phase22_baseline,1,300,0,300,1,False,0.2340216189622879,,0.3868108064325319,0.0002700251639999987,0.20391290680225196,0.000360944361494758
land_pad__7950.jpg,land_pad,7950,low_light,phase22_baseline,1,300,0,300,1,False,0.2568044364452362,,0.4099532251105045,0.00025717388399999964,0.2013844567988268,0.00033299806577328855
land_pad__7975.jpg,land_pad,7975,low_light,phase22_baseline,1,300,0,300,1,False,0.17041312158107758,,0.31085635922684424,0.00030466004400000037,0.19808905318298609,0.000306455521892709
land_pad__8000.jpg,land_pad,8000,low_light,phase22_baseline,1,300,0,300,1,False,0.11194781213998795,,0.3894354724579983,0.0002443102469999988,0.19165036125590804,0.00027760076116010876
land_pad__8025.jpg,land_pad,8025,low_light,phase22_baseline,1,300,0,300,1,False,0.20238307118415833,,0.35241317397613536,0.0002631124679999995,0.1853064373769433,0.0002465541073966462
land_pad__8050.jpg,land_pad,8050,low_light,phase22_baseline,1,300,0,300,1,False,0.1591438204050064,,0.4425692117340662,0.0002631124679999995,0.18251475788045718,0.00028842862055064643
land_pad__8075.jpg,land_pad,8075,low_light,phase22_baseline,1,300,0,300,1,False,0.22511304914951324,,0.27703405190858615,0.00025717388399999964,0.18219525561616376,0.0003166806791106719
land_pad__8100.jpg,land_pad,8100,low_light,phase22_baseline,1,280,0,280,1,False,0.06825041025876999,,0.44214985606538676,0.0002492588400000001,0.18451865349076213,0.0004315841694533739
land_pad__8125.jpg,land_pad,8125,low_light,phase22_baseline,1,295,0,295,1,False,0.15140388906002045,,0.26364469888781156,0.00025717388399999964,0.18845135487160367,0.00047269312790525935
land_pad__8150.jpg,land_pad,8150,low_light,phase22_baseline,1,283,0,283,1,False,0.10111046582460403,,0.3342410698255326,0.0002443102469999988,0.19071515954399312,0.0004927536241054837
land_pad__8175.jpg,land_pad,8175,low_light,phase22_baseline,1,287,0,287,1,False,0.07340584695339203,,0.30087529655351036,0.0002017898300000008,0.1930946672714816,0.0005455646862525204
land_pad__8200.jpg,land_pad,8200,low_light,phase22_baseline,1,293,0,293,1,False,0.16847679018974304,,0.4142938034565243,0.0002057316929999995,0.1957159303029125,0.0005993447526095675
land_pad__8225.jpg,land_pad,8225,low_light,phase22_baseline,1,300,0,300,1,False,0.2058190107345581,,0.41381980529565576,0.0002017898300000008,0.19401126526030898,0.000578982592224505
land_pad__8250.jpg,land_pad,8250,low_light,phase22_baseline,1,290,0,290,1,False,0.15796120464801788,,0.44779185442344477,0.00023144660999999938,0.19243834685051303,0.0005326939522537326
land_pad__8275.jpg,land_pad,8275,low_light,phase22_baseline,1,275,0,275,1,False,0.15405409038066864,,0.3755821442897329,0.00023740248400000175,0.18243964864564818,0.00047708090871119966
land_pad__8300.jpg,land_pad,8300,low_light,phase22_baseline,1,282,1,281,0,True,0.18511712551116943,0.18511712551116943,0.5445287242629658,0.00031850036399999946,0.17793363373924048,0.0003390042807053528
land_pad__8325.jpg,land_pad,8325,low_light,phase22_baseline,1,272,0,272,1,False,0.23762784898281097,,0.3233620018369694,0.0003481796370000014,0.17516213672215897,0.0002467885038600442
land_pad__8350.jpg,land_pad,8350,low_light,phase22_baseline,1,300,1,299,0,True,0.4369737207889557,0.4369737207889557,0.5453112099090671,0.00042040240000000036,0.16455666466742586,0.0001254578735487358
land_pad__8375.jpg,land_pad,8375,low_light,phase22_baseline,1,300,0,300,1,False,0.33726269006729126,,0.4602714421503546,0.0007616514600000007,0.16897621260316126,6.977119611832992e-05
land_pad__8400.jpg,land_pad,8400,low_light,phase22_baseline,1,300,1,299,0,True,0.2671821713447571,0.2671821713447571,0.6932251954551351,0.0009149615280000012,0.18231227365502567,8.37671612712302e-05
land_pad__8425.jpg,land_pad,8425,low_light,phase22_baseline,1,300,1,299,0,True,0.3793056309223175,0.3793056309223175,0.7123759255537501,0.0007399019399999979,0.2080846093912494,6.750940099285205e-05
land_pad__8450.jpg,land_pad,8450,low_light,phase22_baseline,1,300,1,299,0,True,0.36091119050979614,0.36091119050979614,0.8496365014438095,0.0006923806200000022,0.2326683666031983,7.606986832434505e-05
land_pad__8475.jpg,land_pad,8475,low_light,phase22_baseline,1,300,1,299,0,True,0.32978808879852295,0.32978808879852295,0.8826840130564915,0.0008308858799999962,0.2312716986867152,0.00011157576506988262
land_pad__8500.jpg,land_pad,8500,low_light,phase22_baseline,1,298,1,297,0,True,0.31845977902412415,0.31845977902412415,0.8831562389712747,0.000750753556999999,0.22443288706896167,0.00013811736418299712
land_pad__8525.jpg,land_pad,8525,low_light,phase22_baseline,1,300,1,299,0,True,0.5847976207733154,0.5847976207733154,0.7872072840522636,0.0007962504599999989,0.22066964403816228,0.00012178399915561077
land_pad__8550.jpg,land_pad,8550,low_light,phase22_baseline,1,300,1,299,0,True,0.3521074652671814,0.3521074652671814,0.7871267815076357,0.0007913174359999958,0.22107216095587445,0.00012102943539901455
land_pad__8575.jpg,land_pad,8575,low_light,phase22_baseline,1,300,1,299,0,True,0.2993091642856598,0.2993091642856598,0.957524289675448,0.0008308858800000042,0.22142682255003976,0.00012143881979255932
land_pad__8600.jpg,land_pad,8600,low_light,phase22_baseline,1,246,1,245,0,True,0.2630632519721985,0.2630632519721985,0.5968683605807011,0.0008744167000000014,0.22044037138244665,0.00012610665928732478
land_pad__8625.jpg,land_pad,8625,low_light,phase22_baseline,1,263,1,262,0,True,0.38592958450317383,0.38592958450317383,0.8569853161403101,0.0009001203000000018,0.2179163938754185,0.00012560816855482709
land_pad__8650.jpg,land_pad,8650,low_light,phase22_baseline,1,238,1,237,0,True,0.6931359171867371,0.6931359171867371,0.7015168433123256,0.0007359340120000038,0.21942952125358992,0.00012647360823757721
land_pad__8675.jpg,land_pad,8675,low_light,phase22_baseline,1,252,1,251,0,True,0.49864470958709717,0.49864470958709717,0.7765199159666496,0.0008783846279999966,0.21838359325403242,0.0001161261034027153
land_pad__8700.jpg,land_pad,8700,low_light,phase22_baseline,1,254,1,253,0,True,0.6267953515052795,0.6267953515052795,0.6559799661114499,0.0009515769300000026,0.21858120156621935,0.00011117355087870504
land_pad2__2050.jpg,land_pad2,2050,low_light,phase22_baseline,1,230,1,229,0,True,0.8610953092575073,0.8610953092575073,0.8308397490264928,0.24079716533099993,0.2029570765249952,0.0010770207257771963
land_pad2__2075.jpg,land_pad2,2075,low_light,phase22_baseline,1,251,1,250,0,True,0.8964086174964905,0.8964086174964905,0.9166965126324264,0.18180394185599996,0.22893699738236775,0.0012096273042780255
land_pad2__2100.jpg,land_pad2,2100,low_light,phase22_baseline,1,250,1,249,0,True,0.941697359085083,0.941697359085083,0.8993091938888556,0.21312163179000002,0.20720760055960125,0.00110422847956369
land_pad2__2125.jpg,land_pad2,2125,low_light,phase22_baseline,1,227,1,226,0,True,0.9015370011329651,0.9015370011329651,0.9644746660271385,0.211238529438,0.21505457803257175,0.0010025007802965651
land_pad2__2150.jpg,land_pad2,2150,low_light,phase22_baseline,1,256,1,255,0,True,0.9207791090011597,0.9207791090011597,0.9168486058875994,0.22493207709999993,0.2062801374689456,0.0009304979819013211
land_pad2__2175.jpg,land_pad2,2175,low_light,phase22_baseline,1,261,1,260,0,True,0.8686001896858215,0.8686001896858215,0.9562983201629045,0.202008662232,0.21482755908059126,0.0010975097143733474
land_pad2__2200.jpg,land_pad2,2200,low_light,phase22_baseline,1,241,1,240,0,True,0.9089257717132568,0.9089257717132568,0.9193777760277799,0.24893279037200003,0.20920137971665087,0.0009742062383191958
land_pad2__2225.jpg,land_pad2,2225,low_light,phase22_baseline,1,222,1,221,0,True,0.9117653965950012,0.9117653965950012,0.8793871997780847,0.28852421463800004,0.199612122459046,0.0007563417436270848
land_pad2__2250.jpg,land_pad2,2250,low_light,phase22_baseline,1,254,1,253,0,True,0.8607983589172363,0.8607983589172363,0.955107763397999,0.28441178891999996,0.2001875578020702,0.0007147856009874088
land_pad2__2275.jpg,land_pad2,2275,low_light,phase22_baseline,1,266,1,265,0,True,0.8868576288223267,0.8868576288223267,0.8766296230392239,0.25798921491200005,0.20564178461372798,0.0007071459405259175
land_pad2__2300.jpg,land_pad2,2300,low_light,phase22_baseline,1,273,1,272,0,True,0.8563694357872009,0.8563694357872009,0.9257619662745906,0.25757993747200003,0.2033265559302936,0.0008567644490987496
land_pad2__2325.jpg,land_pad2,2325,low_light,phase22_baseline,1,255,1,254,0,True,0.935366153717041,0.935366153717041,0.9425837362094704,0.27903436764600004,0.19631105549130626,0.0006265573971469044
land_pad2__2350.jpg,land_pad2,2350,low_light,phase22_baseline,1,231,1,230,0,True,0.8630655407905579,0.8630655407905579,0.9267841193369377,0.2938119927119999,0.19460024609979307,0.0005585390295947278
land_pad2__2375.jpg,land_pad2,2375,low_light,phase22_baseline,1,256,1,255,0,True,0.8838061690330505,0.8838061690330505,0.9474932621743811,0.27436936383999994,0.1990418190438043,0.0004987375229653532
land_pad2__2400.jpg,land_pad2,2400,low_light,phase22_baseline,1,241,1,240,0,True,0.9582371115684509,0.9582371115684509,0.8593723399660222,0.371244923442,0.20081650018351588,0.0005421331888525529
land_pad2__2425.jpg,land_pad2,2425,low_light,phase22_baseline,1,258,1,257,0,True,0.9300265312194824,0.9300265312194824,0.9565958104853322,0.348776078376,0.19471271406209498,0.0003631943336550384
land_pad2__2450.jpg,land_pad2,2450,low_light,phase22_baseline,1,244,1,243,0,True,0.9660404920578003,0.9660404920578003,0.8262545092084479,0.5006960249760001,0.19447808449612417,0.00023908096177431383
land_pad2__2475.jpg,land_pad2,2475,low_light,phase22_baseline,1,237,1,236,0,True,0.968979001045227,0.968979001045227,0.9322650318057428,0.786116673615,0.1985175516972872,0.0002165426612952884
land_pad2__2500.jpg,land_pad2,2500,low_light,phase22_baseline,1,280,1,279,0,True,0.927751362323761,0.927751362323761,0.9704810469939963,0.738113872776,0.2180673532355932,0.00022534306659708882
land_pad2__2525.jpg,land_pad2,2525,low_light,phase22_baseline,1,240,1,239,0,True,0.90875643491745,0.90875643491745,0.9397287059975207,0.8909045402879998,0.2132298964778063,0.0002185066751744557
land_pad__6500.jpg,land_pad,6500,noise,phase22_baseline,1,209,0,209,1,False,0.012999391183257103,,0.1367173232467255,0.00043225391300000216,0.48240423330123844,0.009920245691291674
land_pad__6525.jpg,land_pad,6525,noise,phase22_baseline,1,206,0,206,1,False,0.014243539422750473,,0.011213921789686845,0.00047478071399999824,0.4858901582813759,0.009956856232022856
land_pad__6550.jpg,land_pad,6550,noise,phase22_baseline,1,214,0,214,1,False,0.011100039817392826,,0.013095235413416876,0.0005341330559999971,0.4909580785503805,0.009996124743427648
land_pad__6575.jpg,land_pad,6575,noise,phase22_baseline,1,224,0,224,1,False,0.013827969320118427,,0.004365099731127896,0.00043225391300000216,0.4868749841445542,0.009943292512277664
land_pad__6600.jpg,land_pad,6600,noise,phase22_baseline,1,234,0,234,1,False,0.012713254429399967,,0.04432918210518152,0.0006172327699999982,0.4903467701399849,0.009740706764437407
land_pad__6625.jpg,land_pad,6625,noise,phase22_baseline,1,212,0,212,1,False,0.018461858853697777,,0.052470056428046995,0.00045699006600000185,0.4900351965683501,0.009384994704131566
land_pad__6650.jpg,land_pad,6650,noise,phase22_baseline,1,229,0,229,1,False,0.017091477289795876,,0.06046813255843694,0.0003531283199999987,0.48744943034050003,0.009200573228687552
land_pad__6675.jpg,land_pad,6675,noise,phase22_baseline,1,224,0,224,1,False,0.024584289640188217,,0.05802469372372703,0.0004035798399999996,0.48698266928980716,0.009265291918619883
land_pad__6700.jpg,land_pad,6700,noise,phase22_baseline,1,227,0,227,1,False,0.0185098797082901,,0.09940842545465263,0.00039466897200000195,0.48844816244789613,0.00922417122194655
land_pad__6725.jpg,land_pad,6725,noise,phase22_baseline,1,210,0,210,1,False,0.02933073416352272,,0.044225164509632306,0.00034126064700000026,0.4868994568069728,0.009129743502566432
land_pad__6750.jpg,land_pad,6750,noise,phase22_baseline,1,207,0,207,1,False,0.03113568015396595,,0.13326921524406712,0.0002908064160000019,0.4877700613961652,0.009167295019383143
land_pad__6775.jpg,land_pad,6775,noise,phase22_baseline,1,233,0,233,1,False,0.049421850591897964,,0.036891270313962436,0.0003115876680000002,0.48770585605326594,0.009049657787754201
land_pad__6800.jpg,land_pad,6800,noise,phase22_baseline,1,224,0,224,1,False,0.03685934096574783,,0.03259701431738683,0.00033234706800000036,0.48609977212378724,0.009008945159490803
land_pad__6825.jpg,land_pad,6825,noise,phase22_baseline,1,218,0,218,1,False,0.030559245496988297,,0.024808548422814207,0.00034126064700000026,0.48586887416365665,0.00902610906987757
land_pad__6850.jpg,land_pad,6850,noise,phase22_baseline,1,220,0,220,1,False,0.039470281451940536,,0.008963765483611963,0.00033234706800000036,0.48560651356842144,0.008919987820382558
land_pad__7450.jpg,land_pad,7450,noise,phase22_baseline,1,241,1,240,0,True,0.01638759858906269,0.0018645081436261535,0.6817346518138823,0.0003481796370000006,0.4860688797028804,0.008913679811532488
land_pad__7475.jpg,land_pad,7475,noise,phase22_baseline,1,240,1,239,0,True,0.03913719952106476,0.03913719952106476,0.6778145292183005,0.0002819146890000002,0.47869590926782707,0.008639964046987811
land_pad__7500.jpg,land_pad,7500,noise,phase22_baseline,1,260,0,260,1,False,0.032190512865781784,,0.3698089038707065,0.00025717388399999964,0.4642528297170504,0.008392595839244
land_pad__7525.jpg,land_pad,7525,noise,phase22_baseline,1,281,0,281,1,False,0.081041119992733,,0.3939315062679387,0.00024925884000000215,0.453984059448748,0.008026296683128459
land_pad__7550.jpg,land_pad,7550,noise,phase22_baseline,1,257,1,256,0,True,0.02302979677915573,0.002332342555746436,0.6516295107493065,0.0002631124680000017,0.4334644903569021,0.007727428398639317
land_pad__7575.jpg,land_pad,7575,noise,phase22_baseline,1,246,1,245,0,True,0.025020146742463112,0.0021158603485673666,0.5780457114877737,0.0002828888009999988,0.41274338351761336,0.0075561578881191095
land_pad__7600.jpg,land_pad,7600,noise,phase22_baseline,1,236,0,236,1,False,0.04452836513519287,,0.46383427181160874,0.00025717388399999893,0.4142948665283723,0.007498375675095228
land_pad__7625.jpg,land_pad,7625,noise,phase22_baseline,1,264,0,264,1,False,0.059394754469394684,,0.38655299664900966,0.00028288880099999953,0.42423333149468345,0.007132525191227181
land_pad__7650.jpg,land_pad,7650,noise,phase22_baseline,1,269,0,269,1,False,0.030895188450813293,,0.26915665278671114,0.0002700251639999987,0.4441190124696924,0.007031441644450655
land_pad__7675.jpg,land_pad,7675,noise,phase22_baseline,1,246,0,246,1,False,0.030001649633049965,,0.3800198716581639,0.0003046600440000029,0.4690966247741544,0.007006231395520951
land_pad__7700.jpg,land_pad,7700,noise,phase22_baseline,1,250,0,250,1,False,0.04569113999605179,,0.47229077357726507,0.0002492657639999986,0.48223634594949705,0.007023733490906226
land_pad__7725.jpg,land_pad,7725,noise,phase22_baseline,1,261,0,261,1,False,0.026727771386504173,,0.42390957155926823,0.0002443102469999988,0.4971781263040741,0.007116086173007246
land_pad__7750.jpg,land_pad,7750,noise,phase22_baseline,1,280,0,280,1,False,0.022691765800118446,,0.23219794254740478,0.0002700251639999987,0.5116963771537902,0.007106494571627259
land_pad__7775.jpg,land_pad,7775,noise,phase22_baseline,1,257,1,256,0,True,0.07923871278762817,0.010974012315273285,0.5276377326542814,0.00027696609600000045,0.5214963692871616,0.007049576343817372
land_pad__7800.jpg,land_pad,7800,noise,phase22_baseline,1,255,0,255,1,False,0.1126958578824997,,0.2766641673319715,0.00023740248399999945,0.5239233483163902,0.007334610312028373
land_pad__7825.jpg,land_pad,7825,noise,phase22_baseline,1,244,0,244,1,False,0.024686848744750023,,0.3031230064440248,0.0002700251639999987,0.5112813659508267,0.007290051276524949
land_pad__7850.jpg,land_pad,7850,noise,phase22_baseline,1,256,0,256,1,False,0.02610403671860695,,0.3094396435421389,0.00025717388399999964,0.5003960040630283,0.007342513877460128
land_pad__7875.jpg,land_pad,7875,noise,phase22_baseline,1,270,0,270,1,False,0.03931388631463051,,0.3857622917599306,0.0002700251639999987,0.49509945893266916,0.007570524055352561
land_pad__7900.jpg,land_pad,7900,noise,phase22_baseline,1,268,0,268,1,False,0.041142787784338,,0.41012346869716465,0.00030466004400000037,0.49070937982184953,0.007626634401125566
land_pad__7925.jpg,land_pad,7925,noise,phase22_baseline,1,252,0,252,1,False,0.06775722652673721,,0.3979639035502293,0.0002700251639999987,0.4894250712554402,0.007537176901717826
land_pad__7950.jpg,land_pad,7950,noise,phase22_baseline,1,251,0,251,1,False,0.026196282356977463,,0.41846567228018544,0.00025717388399999964,0.4834607160819721,0.007374856540343368
land_pad__7975.jpg,land_pad,7975,noise,phase22_baseline,1,245,0,245,1,False,0.014161617495119572,,0.48983080015347386,0.00030466004400000037,0.4754727482997725,0.007172212430347366
land_pad__8000.jpg,land_pad,8000,noise,phase22_baseline,1,260,0,260,1,False,0.014054902829229832,,0.3706543191001532,0.0002443102469999988,0.4602537701437863,0.006911810421294792
land_pad__8025.jpg,land_pad,8025,noise,phase22_baseline,1,226,0,226,1,False,0.04544294625520706,,0.47157637021240306,0.0002631124679999995,0.4452020897303027,0.006625000756760086
land_pad__8050.jpg,land_pad,8050,noise,phase22_baseline,1,219,0,219,1,False,0.050659433007240295,,0.40248465372301134,0.0002631124679999995,0.43872324618986364,0.006814732464406357
land_pad__8075.jpg,land_pad,8075,noise,phase22_baseline,1,222,0,222,1,False,0.010486062616109848,,0.454020579813103,0.00025717388399999964,0.4380501413006299,0.006938090765264474
land_pad__8100.jpg,land_pad,8100,noise,phase22_baseline,1,233,1,232,0,True,0.020831065252423286,0.020831065252423286,0.5315127525648872,0.0002492588400000001,0.44348519805401027,0.007589031706416437
land_pad__8125.jpg,land_pad,8125,noise,phase22_baseline,1,229,1,228,0,True,0.020366067066788673,0.020366067066788673,0.5325184554331162,0.00025717388399999964,0.45288441494432885,0.007821641038406543
land_pad__8150.jpg,land_pad,8150,noise,phase22_baseline,1,220,1,219,0,True,0.0160885788500309,0.0160885788500309,0.6571388193909204,0.0002443102469999988,0.4582011852231822,0.007947978280531934
land_pad__8175.jpg,land_pad,8175,noise,phase22_baseline,1,249,1,248,0,True,0.013295551761984825,0.0011937562376260757,0.5005995039434693,0.0002017898300000008,0.4639537271566179,0.008267912826314242
land_pad__8200.jpg,land_pad,8200,noise,phase22_baseline,1,248,0,248,1,False,0.03933854028582573,,0.45849548094379045,0.0002057316929999995,0.470325428612945,0.008600182730564784
land_pad__8225.jpg,land_pad,8225,noise,phase22_baseline,1,260,0,260,1,False,0.01912560686469078,,0.4904944808860211,0.0002017898300000008,0.4662063796805761,0.008494583913446773
land_pad__8250.jpg,land_pad,8250,noise,phase22_baseline,1,223,0,223,1,False,0.011555557139217854,,0.46400450704692603,0.00023144660999999938,0.4624305182362647,0.008270041623232275
land_pad__8275.jpg,land_pad,8275,noise,phase22_baseline,1,237,1,236,0,True,0.03163313865661621,0.002567777642980218,0.5577768308712377,0.00023740248400000175,0.43868578272915065,0.007909084017918611
land_pad__8300.jpg,land_pad,8300,noise,phase22_baseline,1,220,1,219,0,True,0.0550805889070034,0.0550805889070034,0.7133247489754366,0.00031850036399999946,0.4279577534119174,0.007124483734463257
land_pad__8325.jpg,land_pad,8325,noise,phase22_baseline,1,209,0,209,1,False,0.11863276362419128,,0.3076220249423163,0.0003481796370000014,0.4211521926520259,0.006603105785371101
land_pad__8350.jpg,land_pad,8350,noise,phase22_baseline,1,226,1,225,0,True,0.21153989434242249,0.21153989434242249,0.5880585853090016,0.00042040240000000036,0.3962043323400745,0.005842495091497789
land_pad__8375.jpg,land_pad,8375,noise,phase22_baseline,1,243,1,242,0,True,0.28378528356552124,0.28378528356552124,0.5353874899235169,0.0007616514600000007,0.4064909382878508,0.005523600185366092
land_pad__8400.jpg,land_pad,8400,noise,phase22_baseline,1,253,1,252,0,True,0.2818969488143921,0.2818969488143921,0.7590830488987427,0.0009149615280000012,0.4377707169485426,0.00568891794494603
land_pad__8425.jpg,land_pad,8425,noise,phase22_baseline,1,248,0,248,1,False,0.1857513189315796,,0.48739664767408075,0.0007399019399999979,0.49898494502630864,0.005734908045582232
land_pad__8450.jpg,land_pad,8450,noise,phase22_baseline,1,232,1,231,0,True,0.1767674684524536,0.1767674684524536,0.8553985482811381,0.0006923806200000022,0.5571541672223346,0.00601515241183015
land_pad__8475.jpg,land_pad,8475,noise,phase22_baseline,1,254,1,253,0,True,0.45723220705986023,0.45723220705986023,0.7274216847892241,0.0008308858799999962,0.5532830644909155,0.00633843371947798
land_pad__8500.jpg,land_pad,8500,noise,phase22_baseline,1,247,1,246,0,True,0.11070481687784195,0.11070481687784195,0.7312371993081247,0.000750753556999999,0.5368895614571819,0.0064978124249738915
land_pad__8525.jpg,land_pad,8525,noise,phase22_baseline,1,244,1,243,0,True,0.3602811098098755,0.3602811098098755,0.815823374250549,0.0007962504599999989,0.5279979903634576,0.006373420496323505
land_pad__8550.jpg,land_pad,8550,noise,phase22_baseline,1,247,1,246,0,True,0.4634668827056885,0.4634668827056885,0.6342395359053813,0.0007913174359999958,0.5288409531405729,0.006412896181367302
land_pad__8575.jpg,land_pad,8575,noise,phase22_baseline,1,243,1,242,0,True,0.2940638065338135,0.2940638065338135,0.7050615844338591,0.0008308858800000042,0.5296641097020743,0.006427845430034381
land_pad__8600.jpg,land_pad,8600,noise,phase22_baseline,1,249,1,248,0,True,0.4357636570930481,0.4357636570930481,0.5771127378896708,0.0008744167000000014,0.5273046603257295,0.0064490882376589806
land_pad__8625.jpg,land_pad,8625,noise,phase22_baseline,1,246,1,245,0,True,0.2978664040565491,0.2978664040565491,0.7794531952027445,0.0009001203000000018,0.5213546264503515,0.006454956812651522
land_pad__8650.jpg,land_pad,8650,noise,phase22_baseline,1,266,1,265,0,True,0.4571755528450012,0.4571755528450012,0.7399433049974877,0.0007359340120000038,0.5250161192183674,0.006462028678201779
land_pad__8675.jpg,land_pad,8675,noise,phase22_baseline,1,222,1,221,0,True,0.5293181538581848,0.5293181538581848,0.7562512451354659,0.0008783846279999966,0.5225278441023521,0.006355737925116817
land_pad__8700.jpg,land_pad,8700,noise,phase22_baseline,1,233,1,232,0,True,0.4682433605194092,0.4682433605194092,0.6593461420027248,0.0009515769300000026,0.5228945034687255,0.0063380051179919815
land_pad2__2050.jpg,land_pad2,2050,noise,phase22_baseline,1,240,1,239,0,True,0.8827484846115112,0.8827484846115112,0.8134054177207581,0.24079716533099993,0.4864199532145069,0.011691042148652329
land_pad2__2075.jpg,land_pad2,2075,noise,phase22_baseline,1,237,1,236,0,True,0.8973475694656372,0.8973475694656372,0.9001616768232207,0.18180394185599996,0.5481234018001545,0.012492005938234938
land_pad2__2100.jpg,land_pad2,2100,noise,phase22_baseline,1,254,1,253,0,True,0.9328877925872803,0.9328877925872803,0.8879640689363361,0.21312163179000002,0.4966856668243871,0.011878486575527999
land_pad2__2125.jpg,land_pad2,2125,noise,phase22_baseline,1,243,1,242,0,True,0.9155684113502502,0.9155684113502502,0.9276841616983156,0.211238529438,0.5152644129784475,0.011283792223810794
land_pad2__2150.jpg,land_pad2,2150,noise,phase22_baseline,1,257,1,256,0,True,0.9073739647865295,0.9073739647865295,0.9215085517257018,0.22493207709999993,0.4943262096900261,0.01085545323963367
land_pad2__2175.jpg,land_pad2,2175,noise,phase22_baseline,1,260,1,259,0,True,0.8262655138969421,0.8262655138969421,0.9182469753577358,0.202008662232,0.5147018908535548,0.011851238078936868
land_pad2__2200.jpg,land_pad2,2200,noise,phase22_baseline,1,238,1,237,0,True,0.8962365388870239,0.8962365388870239,0.8920206194588688,0.24893279037200003,0.5012374385109326,0.011089039865500111
land_pad2__2225.jpg,land_pad2,2225,noise,phase22_baseline,1,232,1,231,0,True,0.9151783585548401,0.9151783585548401,0.8668997285745325,0.28852421463800004,0.4783964420806287,0.009795913711462967
land_pad2__2250.jpg,land_pad2,2250,noise,phase22_baseline,1,242,1,241,0,True,0.8425279855728149,0.8425279855728149,0.8941539156872624,0.28441178891999996,0.47981615130552285,0.00956186303283869
land_pad2__2275.jpg,land_pad2,2275,noise,phase22_baseline,1,248,1,247,0,True,0.9129927754402161,0.9129927754402161,0.9100608520598724,0.25798921491200005,0.4924437697039068,0.009430979232204276
land_pad2__2300.jpg,land_pad2,2300,noise,phase22_baseline,1,255,1,254,0,True,0.8706304430961609,0.8706304430961609,0.8880842202567664,0.25757993747200003,0.48729679524880465,0.010330542477632494
land_pad2__2325.jpg,land_pad2,2325,noise,phase22_baseline,1,260,1,259,0,True,0.9136742949485779,0.9136742949485779,0.9332796714089434,0.27903436764600004,0.47073353130239326,0.009038387288270371
land_pad2__2350.jpg,land_pad2,2350,noise,phase22_baseline,1,218,1,217,0,True,0.8637134432792664,0.8637134432792664,0.9079225586381431,0.2938119927119999,0.46674199312593206,0.008629939465173448
land_pad2__2375.jpg,land_pad2,2375,noise,phase22_baseline,1,239,1,238,0,True,0.8688845634460449,0.8688845634460449,0.9322287563742125,0.27436936383999994,0.4770955934234676,0.008273658514748313
land_pad2__2400.jpg,land_pad2,2400,noise,phase22_baseline,1,235,1,234,0,True,0.9588954448699951,0.9588954448699951,0.8778733337890988,0.371244923442,0.48122797062783995,0.008552381987494256
land_pad2__2425.jpg,land_pad2,2425,noise,phase22_baseline,1,223,1,222,0,True,0.9187542200088501,0.9187542200088501,0.9326556616709296,0.348776078376,0.4669173320523297,0.007524913103236226
land_pad2__2450.jpg,land_pad2,2450,noise,phase22_baseline,1,277,1,276,0,True,0.96758633852005,0.96758633852005,0.8294587951546398,0.5006960249760001,0.46598563308477425,0.006840991637931261
land_pad2__2475.jpg,land_pad2,2475,noise,phase22_baseline,1,266,1,265,0,True,0.966303825378418,0.966303825378418,0.8973037872937538,0.786116673615,0.47556513851589,0.00671230494742539
land_pad2__2500.jpg,land_pad2,2500,noise,phase22_baseline,1,270,1,269,0,True,0.9108967781066895,0.9108967781066895,0.9690425456615822,0.738113872776,0.5211086352695091,0.0067085349408829735
land_pad2__2525.jpg,land_pad2,2525,noise,phase22_baseline,1,266,1,265,0,True,0.9223065972328186,0.9223065972328186,0.9431562243137485,0.8909045402879998,0.5088726221389115,0.006536781115733671
land_pad__6500.jpg,land_pad,6500,occlusion,phase22_baseline,1,265,1,264,0,True,0.011228031478822231,0.003606029786169529,0.6383584607789481,0.00043225391300000216,0.4835849141649198,0.004573808474992561
land_pad__6525.jpg,land_pad,6525,occlusion,phase22_baseline,1,258,1,257,0,True,0.012888293713331223,0.006106811109930277,0.5468499591066618,0.00047478071399999824,0.48688468554393743,0.004582675531330415
land_pad__6550.jpg,land_pad,6550,occlusion,phase22_baseline,1,247,1,246,0,True,0.01717374660074711,0.0022064142394810915,0.5434836515248868,0.0005341330559999971,0.4919990414195059,0.004615406689568219
land_pad__6575.jpg,land_pad,6575,occlusion,phase22_baseline,1,256,1,255,0,True,0.012880543246865273,0.003927122335880995,0.5094439323676625,0.00043225391300000216,0.4876999677188942,0.004546229026872748
land_pad__6600.jpg,land_pad,6600,occlusion,phase22_baseline,1,272,0,272,1,False,0.015397391282022,,0.4558027101667819,0.0006172327699999982,0.49130054842193027,0.00434321852544681
land_pad__6625.jpg,land_pad,6625,occlusion,phase22_baseline,1,232,1,231,0,True,0.021067658439278603,0.0025239090900868177,0.7322217139571047,0.00045699006600000185,0.4909827529212229,0.003966418538243935
land_pad__6650.jpg,land_pad,6650,occlusion,phase22_baseline,1,263,0,263,1,False,0.01730935461819172,,0.30962412288240193,0.0003531283199999987,0.4882481142395829,0.0038002353330093388
land_pad__6675.jpg,land_pad,6675,occlusion,phase22_baseline,1,255,1,254,0,True,0.01965486630797386,0.004740387666970491,0.5843872673938252,0.0004035798399999996,0.48791714174818984,0.0038359407372656534
land_pad__6700.jpg,land_pad,6700,occlusion,phase22_baseline,1,258,1,257,0,True,0.021430030465126038,0.009961391799151897,0.5191905737759664,0.00039466897200000195,0.4893237476835533,0.00378696390399867
land_pad__6725.jpg,land_pad,6725,occlusion,phase22_baseline,1,256,1,255,0,True,0.01742596924304962,0.007623370736837387,0.5520773720973767,0.00034126064700000026,0.487900314610835,0.003657102304539395
land_pad__6750.jpg,land_pad,6750,occlusion,phase22_baseline,1,247,1,246,0,True,0.02800717018544674,0.005153004080057144,0.590011812823822,0.0002908064160000019,0.4889227978851337,0.003720553067740243
land_pad__6775.jpg,land_pad,6775,occlusion,phase22_baseline,1,248,1,247,0,True,0.03020571731030941,0.007029879372566938,0.6333278899446886,0.0003115876680000002,0.48885920154651397,0.0035884599928939663
land_pad__6800.jpg,land_pad,6800,occlusion,phase22_baseline,1,253,0,253,1,False,0.026414524763822556,,0.4318600932952875,0.00033234706800000036,0.48728703954330727,0.003558123119697467
land_pad__6825.jpg,land_pad,6825,occlusion,phase22_baseline,1,256,0,256,1,False,0.040466077625751495,,0.38054853694869534,0.00034126064700000026,0.4870395161542458,0.0035729426469175403
land_pad__6850.jpg,land_pad,6850,occlusion,phase22_baseline,1,243,0,243,1,False,0.03175855800509453,,0.14592426038372966,0.00033234706800000036,0.4867495370209822,0.0034605231971308057
land_pad__7450.jpg,land_pad,7450,occlusion,phase22_baseline,1,283,1,282,0,True,0.0311527531594038,0.0311527531594038,0.7273222148646185,0.0003481796370000006,0.4865519403458198,0.0036423367876392775
land_pad__7475.jpg,land_pad,7475,occlusion,phase22_baseline,1,263,1,262,0,True,0.10945034772157669,0.032006967812776566,0.6059340294403662,0.0002819146890000002,0.4791772592681724,0.0034155449840225453
land_pad__7500.jpg,land_pad,7500,occlusion,phase22_baseline,1,287,0,287,1,False,0.1429702788591385,,0.4776081923397126,0.00025717388399999964,0.46458024515796986,0.0032219288840843506
land_pad__7525.jpg,land_pad,7525,occlusion,phase22_baseline,1,300,0,300,1,False,0.20413599908351898,,0.48872177606982176,0.00024925884000000215,0.4543009588985727,0.0029039489678739905
land_pad__7550.jpg,land_pad,7550,occlusion,phase22_baseline,1,280,1,279,0,True,0.05959393456578255,0.05959393456578255,0.6383795575201069,0.0002631124680000017,0.4337623050866288,0.002610018403010227
land_pad__7575.jpg,land_pad,7575,occlusion,phase22_baseline,1,300,1,299,0,True,0.030468730255961418,0.0029731886461377144,0.6193924759839808,0.0002828888009999988,0.4134048513823971,0.0024254478953053106
land_pad__7600.jpg,land_pad,7600,occlusion,phase22_baseline,1,300,0,300,1,False,0.023450670763850212,,0.4467614599125022,0.00025717388399999893,0.4150566998500298,0.0023726581310139425
land_pad__7625.jpg,land_pad,7625,occlusion,phase22_baseline,1,300,0,300,1,False,0.17630845308303833,,0.3704920339700557,0.00028288880099999953,0.42520881670623645,0.002011081663717073
land_pad__7650.jpg,land_pad,7650,occlusion,phase22_baseline,1,300,0,300,1,False,0.11145443469285965,,0.2963392964232231,0.0002700251639999987,0.44481509660320684,0.0018687195056410523
land_pad__7675.jpg,land_pad,7675,occlusion,phase22_baseline,1,300,0,300,1,False,0.22736361622810364,,0.41189160757563525,0.0003046600440000029,0.4698185741340134,0.0017686775062866144
land_pad__7700.jpg,land_pad,7700,occlusion,phase22_baseline,1,300,0,300,1,False,0.2939017713069916,,0.40632680684172023,0.0002492657639999986,0.4829077789862181,0.0017867912099054214
land_pad__7725.jpg,land_pad,7725,occlusion,phase22_baseline,1,300,0,300,1,False,0.3720824420452118,,0.4812038919468533,0.0002443102469999988,0.497822251123419,0.0017907110882407254
land_pad__7750.jpg,land_pad,7750,occlusion,phase22_baseline,1,300,0,300,1,False,0.226895272731781,,0.32700344313212715,0.0002700251639999987,0.5123903278328222,0.0017015333172056806
land_pad__7775.jpg,land_pad,7775,occlusion,phase22_baseline,1,300,0,300,1,False,0.20433655381202698,,0.4140292683009133,0.00027696609600000045,0.5226784931418749,0.0015866289444738456
land_pad__7800.jpg,land_pad,7800,occlusion,phase22_baseline,1,294,0,294,1,False,0.2970452904701233,,0.2740049507466493,0.00023740248399999945,0.5251589249034108,0.0018559457318216446
land_pad__7825.jpg,land_pad,7825,occlusion,phase22_baseline,1,300,0,300,1,False,0.4848456382751465,,0.37292767093024615,0.0002700251639999987,0.5121272767741362,0.0018590087184656378
land_pad__7850.jpg,land_pad,7850,occlusion,phase22_baseline,1,300,0,300,1,False,0.2505509853363037,,0.22212276154362853,0.00025717388399999964,0.5008688124874272,0.0019565777161416357
land_pad__7875.jpg,land_pad,7875,occlusion,phase22_baseline,1,300,0,300,1,False,0.12646807730197906,,0.36169743508257135,0.0002700251639999987,0.4955285780882743,0.0022225040082686576
land_pad__7900.jpg,land_pad,7900,occlusion,phase22_baseline,1,300,0,300,1,False,0.21609601378440857,,0.2811811223212922,0.00030466004400000037,0.49119925976111667,0.0022777075207732708
land_pad__7925.jpg,land_pad,7925,occlusion,phase22_baseline,1,300,0,300,1,False,0.2996285557746887,,0.3597806086279639,0.0002700251639999987,0.48997262428788196,0.0021690703762125467
land_pad__7950.jpg,land_pad,7950,occlusion,phase22_baseline,1,300,0,300,1,False,0.21635550260543823,,0.40690302268293166,0.00025717388399999964,0.4838875155907035,0.0020399461635799416
land_pad__7975.jpg,land_pad,7975,occlusion,phase22_baseline,1,300,0,300,1,False,0.08743869513273239,,0.38640733277532346,0.00030466004400000037,0.4759875198343384,0.0018698643670482604
land_pad__8000.jpg,land_pad,8000,occlusion,phase22_baseline,1,300,0,300,1,False,0.13326776027679443,,0.41525538922144584,0.0002443102469999988,0.46063035589201556,0.0016949572838022972
land_pad__8025.jpg,land_pad,8025,occlusion,phase22_baseline,1,300,0,300,1,False,0.26057004928588867,,0.374541054038072,0.0002631124679999995,0.44550651816892506,0.0015071944673157955
land_pad__8050.jpg,land_pad,8050,occlusion,phase22_baseline,1,285,1,284,0,True,0.20893830060958862,0.06669481098651886,0.5135701122451054,0.0002631124679999995,0.43887331337816377,0.0017338447053729627
land_pad__8075.jpg,land_pad,8075,occlusion,phase22_baseline,1,296,0,296,1,False,0.18482045829296112,,0.2922397620759794,0.00025717388399999964,0.4381903752032698,0.0018711526018275883
land_pad__8100.jpg,land_pad,8100,occlusion,phase22_baseline,1,281,1,280,0,True,0.08563830703496933,0.08563830703496933,0.5149237578346201,0.0002492588400000001,0.4437037956792969,0.002558174997709984
land_pad__8125.jpg,land_pad,8125,occlusion,phase22_baseline,1,278,0,278,1,False,0.11813117563724518,,0.3516901637110932,0.00025717388399999964,0.4531309065172225,0.002755706170749144
land_pad__8150.jpg,land_pad,8150,occlusion,phase22_baseline,1,256,0,256,1,False,0.10377749055624008,,0.3520131080886512,0.0002443102469999988,0.4585525806924852,0.0028674473918903994
land_pad__8175.jpg,land_pad,8175,occlusion,phase22_baseline,1,275,0,275,1,False,0.04980315640568733,,0.42743937756514944,0.0002017898300000008,0.46426273670386553,0.0031629397110143013
land_pad__8200.jpg,land_pad,8200,occlusion,phase22_baseline,1,283,0,283,1,False,0.1127588152885437,,0.4048567294560282,0.0002057316929999995,0.47056201319902347,0.003469149895211206
land_pad__8225.jpg,land_pad,8225,occlusion,phase22_baseline,1,299,0,299,1,False,0.15424968302249908,,0.4953243493796215,0.0002017898300000008,0.4665056917074486,0.0033445457477917625
land_pad__8250.jpg,land_pad,8250,occlusion,phase22_baseline,1,285,1,284,0,True,0.1289576292037964,0.0471971295773983,0.5211947076003365,0.00023144660999999938,0.4626225640507644,0.0031216918163320447
land_pad__8275.jpg,land_pad,8275,occlusion,phase22_baseline,1,293,0,293,1,False,0.1712014079093933,,0.43941835155059006,0.00023740248400000175,0.43873074431261766,0.0027798168688051555
land_pad__8300.jpg,land_pad,8300,occlusion,phase22_baseline,1,296,1,295,0,True,0.19818583130836487,0.19818583130836487,0.6135006211275887,0.00031850036399999946,0.4279257477156715,0.0019937926545640517
land_pad__8325.jpg,land_pad,8325,occlusion,phase22_baseline,1,291,0,291,1,False,0.2741154432296753,,0.30765082891432494,0.0003481796370000014,0.4213235594740779,0.0014687412174366815
land_pad__8350.jpg,land_pad,8350,occlusion,phase22_baseline,1,300,1,299,0,True,0.5088858604431152,0.5088858604431152,0.505351802295289,0.00042040240000000036,0.3960433535018483,0.0007315921855407023
land_pad__8375.jpg,land_pad,8375,occlusion,phase22_baseline,1,293,1,292,0,True,0.5318115949630737,0.5318115949630737,0.5273543995869134,0.0007616514600000007,0.4065445306644516,0.0003911766710165982
land_pad__8400.jpg,land_pad,8400,occlusion,phase22_baseline,1,300,1,299,0,True,0.2809353768825531,0.2809353768825531,0.6489750842412844,0.0009149615280000012,0.43829195478969457,0.0005137743901369899
land_pad__8425.jpg,land_pad,8425,occlusion,phase22_baseline,1,300,1,299,0,True,0.20244035124778748,0.0960158035159111,0.6760905269007691,0.0007399019399999979,0.49985453719437395,0.0003810369305669947
land_pad__8450.jpg,land_pad,8450,occlusion,phase22_baseline,1,300,1,299,0,True,0.35509538650512695,0.35509538650512695,0.7221263748768207,0.0006923806200000022,0.558646712583262,0.00043280526398058
land_pad__8475.jpg,land_pad,8475,occlusion,phase22_baseline,1,276,1,275,0,True,0.35225823521614075,0.35225823521614075,0.6778211840173657,0.0008308858799999962,0.555353551034132,0.0006464770254260743
land_pad__8500.jpg,land_pad,8500,occlusion,phase22_baseline,1,285,1,284,0,True,0.4247454106807709,0.4247454106807709,0.759418836196078,0.000750753556999999,0.5388779759459602,0.0008063990986476867
land_pad__8525.jpg,land_pad,8525,occlusion,phase22_baseline,1,290,1,289,0,True,0.6530996561050415,0.6530996561050415,0.8371373311847892,0.0007962504599999989,0.5300111024971269,0.0007129419248332167
land_pad__8550.jpg,land_pad,8550,occlusion,phase22_baseline,1,280,1,279,0,True,0.3504026234149933,0.3504026234149933,0.7272055350692317,0.0007913174359999958,0.5308093791003541,0.0007301217767865106
land_pad__8575.jpg,land_pad,8575,occlusion,phase22_baseline,1,278,1,277,0,True,0.22774069011211395,0.22774069011211395,0.6661710363671811,0.0008308858800000042,0.5316976370556372,0.0007206638974636629
land_pad__8600.jpg,land_pad,8600,occlusion,phase22_baseline,1,260,1,259,0,True,0.46247467398643494,0.46247467398643494,0.5628949743955375,0.0008744167000000014,0.5292895022480015,0.0007588063176026537
land_pad__8625.jpg,land_pad,8625,occlusion,phase22_baseline,1,255,1,254,0,True,0.44555214047431946,0.44555214047431946,0.8216830363168245,0.0009001203000000018,0.5232645453302056,0.0007544037288716953
land_pad__8650.jpg,land_pad,8650,occlusion,phase22_baseline,1,245,1,244,0,True,0.6851155757904053,0.6851155757904053,0.699066494856422,0.0007359340120000038,0.5268789159072151,0.0007594406362179874
land_pad__8675.jpg,land_pad,8675,occlusion,phase22_baseline,1,252,1,251,0,True,0.5389932990074158,0.5389932990074158,0.7272338961464238,0.0008783846279999966,0.5243878905744214,0.0006916081513068703
land_pad__8700.jpg,land_pad,8700,occlusion,phase22_baseline,1,282,1,281,0,True,0.41893261671066284,0.026562796905636787,0.5391929490346846,0.0009515769300000026,0.5246603365908468,0.0006744271552862611
land_pad2__2050.jpg,land_pad2,2050,occlusion,phase22_baseline,1,278,1,277,0,True,0.5659257769584656,0.5659257769584656,0.8454928735177736,0.24079716533099993,0.5128770308644144,0.006012902097846757
land_pad2__2075.jpg,land_pad2,2075,occlusion,phase22_baseline,1,265,1,264,0,True,0.6035497188568115,0.6035497188568115,0.8915335880033526,0.18180394185599996,0.559601258908821,0.006648261598100355
land_pad2__2100.jpg,land_pad2,2100,occlusion,phase22_baseline,1,300,1,299,0,True,0.7245398163795471,0.7245398163795471,0.9275565727760896,0.21312163179000002,0.5091833151756961,0.006036236379633543
land_pad2__2125.jpg,land_pad2,2125,occlusion,phase22_baseline,1,297,1,296,0,True,0.6507394313812256,0.6507394313812256,0.9800266190905892,0.211238529438,0.53055982699003,0.0054528441111915535
land_pad2__2150.jpg,land_pad2,2150,occlusion,phase22_baseline,1,300,1,299,0,True,0.5206766128540039,0.5206766128540039,0.8240554499030215,0.22493207709999993,0.5138789088474202,0.0050972849282943395
land_pad2__2175.jpg,land_pad2,2175,occlusion,phase22_baseline,1,280,1,279,0,True,0.5773656368255615,0.5773656368255615,0.8628670896114662,0.202008662232,0.5390091678806023,0.006179843866309407
land_pad2__2200.jpg,land_pad2,2200,occlusion,phase22_baseline,1,283,1,282,0,True,0.6600959897041321,0.6600959897041321,0.9468232599039289,0.24893279037200003,0.5311414571090698,0.0054319960428188315
land_pad2__2225.jpg,land_pad2,2225,occlusion,phase22_baseline,1,273,1,272,0,True,0.5851830840110779,0.5851830840110779,0.9323860962751842,0.28852421463800004,0.5074844686453177,0.004166603314003643
land_pad2__2250.jpg,land_pad2,2250,occlusion,phase22_baseline,1,296,1,295,0,True,0.5035644173622131,0.5035644173622131,0.9722639142612122,0.28441178891999996,0.5061819675306847,0.003896369871643549
land_pad2__2275.jpg,land_pad2,2275,occlusion,phase22_baseline,1,300,1,299,0,True,0.5972228050231934,0.5972228050231934,0.8719290270419403,0.25798921491200005,0.51858933584631,0.003909121260218141
land_pad2__2300.jpg,land_pad2,2300,occlusion,phase22_baseline,1,300,1,299,0,True,0.398618221282959,0.398618221282959,0.9394804950070134,0.25757993747200003,0.5172246542310319,0.004857464105492818
land_pad2__2325.jpg,land_pad2,2325,occlusion,phase22_baseline,1,300,1,299,0,True,0.12946385145187378,0.12946385145187378,0.9690559013885092,0.27903436764600004,0.4848696804542908,0.0033617458241179416
land_pad2__2350.jpg,land_pad2,2350,occlusion,phase22_baseline,1,288,1,287,0,True,0.3734031021595001,0.3734031021595001,0.9442014197236989,0.2938119927119999,0.4788699409684781,0.0029357071803822734
land_pad2__2375.jpg,land_pad2,2375,occlusion,phase22_baseline,1,296,1,295,0,True,0.07294424623250961,0.07294424623250961,0.9568828701770591,0.27436936383999994,0.4860777471155114,0.0025897978548092273
land_pad2__2400.jpg,land_pad2,2400,occlusion,phase22_baseline,1,294,1,293,0,True,0.10350919514894485,0.05156562849879265,0.822546579924303,0.371244923442,0.492980240410064,0.0026239437791911457
land_pad2__2425.jpg,land_pad2,2425,occlusion,phase22_baseline,1,300,1,299,0,True,0.16764776408672333,0.16764776408672333,0.9718973976353361,0.348776078376,0.4762390230857619,0.001774619410456889
land_pad2__2450.jpg,land_pad2,2450,occlusion,phase22_baseline,1,300,1,299,0,True,0.02587558515369892,0.016300903633236885,0.8043118280655611,0.5006960249760001,0.4752468232280905,0.001026535344103626
land_pad2__2475.jpg,land_pad2,2475,occlusion,phase22_baseline,1,300,1,299,0,True,0.2667290270328522,0.013643649406731129,0.7107104303103605,0.786116673615,0.4833943346155007,0.00076311079059327
land_pad2__2500.jpg,land_pad2,2500,occlusion,phase22_baseline,1,281,1,280,0,True,0.02414584532380104,0.02414584532380104,0.8485287266341665,0.738113872776,0.5295351016490206,0.0009105024991744391
land_pad2__2525.jpg,land_pad2,2525,occlusion,phase22_baseline,1,269,1,268,0,True,0.32655856013298035,0.012582685798406601,0.8326321547057277,0.8909045402879998,0.5165267353266626,0.0008274519474468262
land_pad__6500.jpg,land_pad,6500,mixed,phase22_baseline,1,211,0,211,1,False,0.018689578399062157,,0.004925872835377992,0.00043225391300000216,0.2008059104912663,0.0026920333406402546
land_pad__6525.jpg,land_pad,6525,mixed,phase22_baseline,1,220,0,220,1,False,0.014964682050049305,,0.00435571581967902,0.00047478071399999824,0.20226288146844973,0.0027014240998116186
land_pad__6550.jpg,land_pad,6550,mixed,phase22_baseline,1,192,0,192,1,False,0.014302954077720642,,0.017726755034771467,0.0005341330559999971,0.2043096207237717,0.002704814830700451
land_pad__6575.jpg,land_pad,6575,mixed,phase22_baseline,1,226,0,226,1,False,0.01782144233584404,,0.011819932442773982,0.00043225391300000216,0.20263444778013284,0.0027082120550671663
land_pad__6600.jpg,land_pad,6600,mixed,phase22_baseline,1,210,0,210,1,False,0.014096910133957863,,0.0503121432317774,0.0006172327699999982,0.20400917990552753,0.002712012717834877
land_pad__6625.jpg,land_pad,6625,mixed,phase22_baseline,1,198,0,198,1,False,0.012839972972869873,,0.025481477255509248,0.00045699006600000185,0.2038835077994829,0.0027070898748511856
land_pad__6650.jpg,land_pad,6650,mixed,phase22_baseline,1,185,0,185,1,False,0.011526312679052353,,0.003053686204395564,0.0003531283199999987,0.2028532083237619,0.0026987553652184533
land_pad__6675.jpg,land_pad,6675,mixed,phase22_baseline,1,206,0,206,1,False,0.014751494862139225,,0.007377551243431501,0.0004035798399999996,0.20259044819068708,0.0027063328578414737
land_pad__6700.jpg,land_pad,6700,mixed,phase22_baseline,1,196,0,196,1,False,0.016261586919426918,,0.003741610874688198,0.00039466897200000195,0.2031791458625762,0.002718107877688703
land_pad__6725.jpg,land_pad,6725,mixed,phase22_baseline,1,198,0,198,1,False,0.011765262112021446,,0.0027240534347026317,0.00034126064700000026,0.2024392328159745,0.002731831423634354
land_pad__6750.jpg,land_pad,6750,mixed,phase22_baseline,1,195,0,195,1,False,0.01797456666827202,,0.002374290844120466,0.0002908064160000019,0.20273427017586568,0.0027318418974937005
land_pad__6775.jpg,land_pad,6775,mixed,phase22_baseline,1,209,0,209,1,False,0.018273809924721718,,0.002847144256014545,0.0003115876680000002,0.20272963864013457,0.0027388894663823646
land_pad__6800.jpg,land_pad,6800,mixed,phase22_baseline,1,198,0,198,1,False,0.01487649418413639,,0.003037726919384977,0.00033234706800000036,0.20204459416381504,0.002733428533533858
land_pad__6825.jpg,land_pad,6825,mixed,phase22_baseline,1,193,0,193,1,False,0.017299382016062737,,0.0026522609246107786,0.00034126064700000026,0.20194962440727787,0.0027377318175014656
land_pad__6850.jpg,land_pad,6850,mixed,phase22_baseline,1,205,0,205,1,False,0.020903734490275383,,0.0039851411523949285,0.00033234706800000036,0.20186080287865849,0.0027380651240735167
land_pad__7450.jpg,land_pad,7450,mixed,phase22_baseline,1,204,1,203,0,True,0.016113612800836563,0.001179623999632895,0.5698581197680936,0.0003481796370000006,0.2027247976379633,0.0026389501851768575
land_pad__7475.jpg,land_pad,7475,mixed,phase22_baseline,1,211,0,211,1,False,0.0143159544095397,,0.42556364897807164,0.0002819146890000002,0.19987351718125201,0.0026056323812326584
land_pad__7500.jpg,land_pad,7500,mixed,phase22_baseline,1,228,0,228,1,False,0.014828652143478394,,0.46903362524716663,0.00025717388399999964,0.1940006212619453,0.002567104896504614
land_pad__7525.jpg,land_pad,7525,mixed,phase22_baseline,1,243,1,242,0,True,0.015339874662458897,0.005849852226674557,0.5001404646710538,0.00024925884000000215,0.1898141900790022,0.0025425523019947326
land_pad__7550.jpg,land_pad,7550,mixed,phase22_baseline,1,226,0,226,1,False,0.014531291089951992,,0.0024199596154848256,0.0002631124680000017,0.181281698769726,0.0025366915566555955
land_pad__7575.jpg,land_pad,7575,mixed,phase22_baseline,1,209,0,209,1,False,0.013479792512953281,,0.4704821629966069,0.0002828888009999988,0.1725931976316638,0.002536019795490046
land_pad__7600.jpg,land_pad,7600,mixed,phase22_baseline,1,214,0,214,1,False,0.021326838061213493,,0.39368888254803663,0.00025717388399999893,0.17324963054386874,0.002534411662269704
land_pad__7625.jpg,land_pad,7625,mixed,phase22_baseline,1,216,0,216,1,False,0.020143715664744377,,0.2744727206914891,0.00028288880099999953,0.1773593504616369,0.002541809470646074
land_pad__7650.jpg,land_pad,7650,mixed,phase22_baseline,1,227,0,227,1,False,0.017134787514805794,,0.36653367572815443,0.0002700251639999987,0.18561000079674828,0.0025627868163563988
land_pad__7675.jpg,land_pad,7675,mixed,phase22_baseline,1,229,0,229,1,False,0.012856284156441689,,0.2592254265355411,0.0003046600440000029,0.19585367388232003,0.002592600066220588
land_pad__7700.jpg,land_pad,7700,mixed,phase22_baseline,1,224,0,224,1,False,0.013401268981397152,,0.24374232653929095,0.0002492657639999986,0.20122582863953953,0.0025945097864279805
land_pad__7725.jpg,land_pad,7725,mixed,phase22_baseline,1,226,0,226,1,False,0.011510053649544716,,0.3851404403408512,0.0002443102469999988,0.20735956070387862,0.0026273103095888176
land_pad__7750.jpg,land_pad,7750,mixed,phase22_baseline,1,220,0,220,1,False,0.009730934165418148,,0.0017323518931800339,0.0002700251639999987,0.21324496642446913,0.0026732394966452726
land_pad__7775.jpg,land_pad,7775,mixed,phase22_baseline,1,235,0,235,1,False,0.0372944213449955,,0.43021969426495044,0.00027696609600000045,0.21705534328329956,0.0027038491164589964
land_pad__7800.jpg,land_pad,7800,mixed,phase22_baseline,1,219,0,219,1,False,0.04605811461806297,,0.25233344676118463,0.00023740248399999945,0.21790708813486662,0.0027435441144199064
land_pad__7825.jpg,land_pad,7825,mixed,phase22_baseline,1,211,0,211,1,False,0.013618625700473785,,0.3110551748794755,0.0002700251639999987,0.2127978447920398,0.0027024703352142377
land_pad__7850.jpg,land_pad,7850,mixed,phase22_baseline,1,206,0,206,1,False,0.012732642702758312,,0.35572868130823476,0.00025717388399999964,0.20850699458870606,0.002658456855640348
land_pad__7875.jpg,land_pad,7875,mixed,phase22_baseline,1,225,0,225,1,False,0.012892656028270721,,0.36961384623129395,0.0002700251639999987,0.20637026622331153,0.0026369982595639127
land_pad__7900.jpg,land_pad,7900,mixed,phase22_baseline,1,234,0,234,1,False,0.010174171067774296,,0.4151470767354324,0.00030466004400000037,0.2044761271486117,0.002646534748520471
land_pad__7925.jpg,land_pad,7925,mixed,phase22_baseline,1,250,0,250,1,False,0.016126826405525208,,0.38338710584338004,0.0002700251639999987,0.2039375035929313,0.0026550262191499447
land_pad__7950.jpg,land_pad,7950,mixed,phase22_baseline,1,205,0,205,1,False,0.013542025350034237,,0.34944736609269367,0.00025717388399999964,0.20154086616545228,0.0026258772679089203
land_pad__7975.jpg,land_pad,7975,mixed,phase22_baseline,1,217,0,217,1,False,0.00995025783777237,,0.47346839100934146,0.00030466004400000037,0.19833132439501244,0.002605376645496861
land_pad__8000.jpg,land_pad,8000,mixed,phase22_baseline,1,196,0,196,1,False,0.010292774066329002,,0.27528975210067136,0.0002443102469999988,0.1922138880439116,0.002566598173863761
land_pad__8025.jpg,land_pad,8025,mixed,phase22_baseline,1,221,1,220,0,True,0.01046249270439148,0.009615212678909302,0.539519049816573,0.0002631124679999995,0.1861764678729296,0.00252398293714509
land_pad__8050.jpg,land_pad,8050,mixed,phase22_baseline,1,211,0,211,1,False,0.016810651868581772,,0.34138018993066843,0.0002631124679999995,0.18354314500516025,0.002514242003350931
land_pad__8075.jpg,land_pad,8075,mixed,phase22_baseline,1,209,0,209,1,False,0.010104985907673836,,0.0017065332216476333,0.00025717388399999964,0.18332686314773908,0.0025105966420139085
land_pad__8100.jpg,land_pad,8100,mixed,phase22_baseline,1,204,1,203,0,True,0.01119183748960495,0.0022174001205712557,0.5027713870509372,0.0002492588400000001,0.18555008175785478,0.0025222597699808154
land_pad__8125.jpg,land_pad,8125,mixed,phase22_baseline,1,208,1,207,0,True,0.011258873157203197,0.01097931805998087,0.5809272741000104,0.00025717388399999964,0.1895093155544425,0.002531543734807391
land_pad__8150.jpg,land_pad,8150,mixed,phase22_baseline,1,202,1,201,0,True,0.011117284186184406,0.004810334648936987,0.7827368388639953,0.0002443102469999988,0.1916522619699015,0.0025426027273308663
land_pad__8175.jpg,land_pad,8175,mixed,phase22_baseline,1,222,0,222,1,False,0.014978338964283466,,0.0014698485700419656,0.0002017898300000008,0.19398217269918377,0.0025534895552098043
land_pad__8200.jpg,land_pad,8200,mixed,phase22_baseline,1,217,1,216,0,True,0.01568707451224327,0.010556962341070175,0.5506755706458747,0.0002057316929999995,0.19656269450801492,0.002566087378073034
land_pad__8225.jpg,land_pad,8225,mixed,phase22_baseline,1,206,0,206,1,False,0.014771029353141785,,0.35059458692507983,0.0002017898300000008,0.1948028234214202,0.002561113101119658
land_pad__8250.jpg,land_pad,8250,mixed,phase22_baseline,1,210,0,210,1,False,0.016435058787465096,,0.38511648339648047,0.00023144660999999938,0.19322258144423693,0.0025593584433593274
land_pad__8275.jpg,land_pad,8275,mixed,phase22_baseline,1,214,0,214,1,False,0.010485914535820484,,0.35760429395613225,0.00023740248400000175,0.18338887685103358,0.0025270099996382153
land_pad__8300.jpg,land_pad,8300,mixed,phase22_baseline,1,221,1,220,0,True,0.021653328090906143,0.021653328090906143,0.8355590435176969,0.00031850036399999946,0.17902014392206358,0.002515086447197972
land_pad__8325.jpg,land_pad,8325,mixed,phase22_baseline,1,212,0,212,1,False,0.027858393266797066,,0.2920603132392406,0.0003481796370000014,0.17621348369610207,0.0025057560053272326
land_pad__8350.jpg,land_pad,8350,mixed,phase22_baseline,1,225,1,224,0,True,0.0461883507668972,0.0461883507668972,0.59468265353426,0.00042040240000000036,0.16603638214840105,0.002446064991941653
land_pad__8375.jpg,land_pad,8375,mixed,phase22_baseline,1,244,1,243,0,True,0.10522068291902542,0.020756281912326813,0.5175087228025117,0.0007616514600000007,0.17035001376659994,0.002453661241696049
land_pad__8400.jpg,land_pad,8400,mixed,phase22_baseline,1,237,1,236,0,True,0.09407225251197815,0.09407225251197815,0.7190676621083268,0.0009149615280000012,0.18319908474026897,0.0025145434228166915
land_pad__8425.jpg,land_pad,8425,mixed,phase22_baseline,1,225,1,224,0,True,0.11003898084163666,0.11003898084163666,0.7570960575812581,0.0007399019399999979,0.2082716241321786,0.0026092612783593316
land_pad__8450.jpg,land_pad,8450,mixed,phase22_baseline,1,213,1,212,0,True,0.08813584595918655,0.08813584595918655,0.8112689642015564,0.0006923806200000022,0.23158385798858067,0.002788718297017488
land_pad__8475.jpg,land_pad,8475,mixed,phase22_baseline,1,237,1,236,0,True,0.11663513630628586,0.11663513630628586,0.7480502260435415,0.0008308858799999962,0.22937854100107735,0.002884783705106771
land_pad__8500.jpg,land_pad,8500,mixed,phase22_baseline,1,240,1,239,0,True,0.17099574208259583,0.17099574208259583,0.7826256794462455,0.000750753556999999,0.222451516858984,0.0028819279447579423
land_pad__8525.jpg,land_pad,8525,mixed,phase22_baseline,1,225,1,224,0,True,0.2414660006761551,0.2414660006761551,0.748556590855034,0.0007962504599999989,0.21881845334169955,0.0028619779492512322
land_pad__8550.jpg,land_pad,8550,mixed,phase22_baseline,1,233,1,232,0,True,0.2412475347518921,0.2412475347518921,0.8279982754794769,0.0007913174359999958,0.21918225000005817,0.002866661880119207
land_pad__8575.jpg,land_pad,8575,mixed,phase22_baseline,1,214,1,213,0,True,0.1281920224428177,0.1281920224428177,0.7522147325814784,0.0008308858800000042,0.21947182183746597,0.0028874875130834934
land_pad__8600.jpg,land_pad,8600,mixed,phase22_baseline,1,235,1,234,0,True,0.11862444132566452,0.11862444132566452,0.6774515412477045,0.0008744167000000014,0.21841841511019525,0.002885198548321666
land_pad__8625.jpg,land_pad,8625,mixed,phase22_baseline,1,227,1,226,0,True,0.13502049446105957,0.13502049446105957,0.7520425123037744,0.0009001203000000018,0.2159445660254899,0.002896762736404701
land_pad__8650.jpg,land_pad,8650,mixed,phase22_baseline,1,228,1,227,0,True,0.2857041656970978,0.2857041656970978,0.6550037925644578,0.0007359340120000038,0.21752485067176275,0.0028881706474942585
land_pad__8675.jpg,land_pad,8675,mixed,phase22_baseline,1,226,1,225,0,True,0.1817963421344757,0.1817963421344757,0.7184443999319153,0.0008783846279999966,0.21657029658818736,0.002864337858042994
land_pad__8700.jpg,land_pad,8700,mixed,phase22_baseline,1,224,1,223,0,True,0.12073908746242523,0.09573931992053986,0.611652170443305,0.0009515769300000026,0.21681925521026432,0.0028526983461603797
land_pad2__2050.jpg,land_pad2,2050,mixed,phase22_baseline,1,264,1,263,0,True,0.023793751373887062,0.012245455756783485,0.618643200524674,0.24079716533099993,0.21158726453353804,0.0026022864042585456
land_pad2__2075.jpg,land_pad2,2075,mixed,phase22_baseline,1,269,1,268,0,True,0.02133489027619362,0.02133489027619362,0.7482611388937344,0.18180394185599996,0.2313358574815167,0.0026925456898686927
land_pad2__2100.jpg,land_pad2,2100,mixed,phase22_baseline,1,288,1,287,0,True,0.011988900601863861,0.011842787265777588,0.7317244879506032,0.21312163179000002,0.210381564067289,0.002639865861536957
land_pad2__2125.jpg,land_pad2,2125,mixed,phase22_baseline,1,274,1,273,0,True,0.01247364841401577,0.01247364841401577,0.6816865006820784,0.211238529438,0.2190028497521275,0.0026651606819176384
land_pad2__2150.jpg,land_pad2,2150,mixed,phase22_baseline,1,300,1,299,0,True,0.02532663755118847,0.0019539170898497105,0.7367590133268542,0.22493207709999993,0.21221739777048576,0.002638526075093475
land_pad2__2175.jpg,land_pad2,2175,mixed,phase22_baseline,1,267,1,266,0,True,0.04303175210952759,0.0077121201902627945,0.6115541754088523,0.202008662232,0.2222155839462748,0.002664958297463967
land_pad2__2200.jpg,land_pad2,2200,mixed,phase22_baseline,1,266,1,265,0,True,0.027841810137033463,0.00538874976336956,0.6986460092025687,0.24893279037200003,0.2188232128846997,0.002606264404154555
land_pad2__2225.jpg,land_pad2,2225,mixed,phase22_baseline,1,261,1,260,0,True,0.021944906562566757,0.007552493363618851,0.6779210778353183,0.28852421463800004,0.20970287728532735,0.0025461916147178276
land_pad2__2250.jpg,land_pad2,2250,mixed,phase22_baseline,1,292,1,291,0,True,0.02254311367869377,0.008534678258001804,0.6777469007139592,0.28441178891999996,0.20921966148206195,0.0025573762684961356
land_pad2__2275.jpg,land_pad2,2275,mixed,phase22_baseline,1,266,1,265,0,True,0.026582449674606323,0.00905394647270441,0.6723233333269893,0.25798921491200005,0.21407854975987778,0.002570834010480706
land_pad2__2300.jpg,land_pad2,2300,mixed,phase22_baseline,1,272,1,271,0,True,0.0209440216422081,0.011196550913155079,0.8144014685514013,0.25757993747200003,0.21346417693304356,0.0025484944586267365
land_pad2__2325.jpg,land_pad2,2325,mixed,phase22_baseline,1,300,1,299,0,True,0.07655173540115356,0.008522392250597477,0.65932724996752,0.27903436764600004,0.2019538059780636,0.002578633718126371
land_pad2__2350.jpg,land_pad2,2350,mixed,phase22_baseline,1,267,1,266,0,True,0.037060678005218506,0.0026178478728979826,0.5788927399864521,0.2938119927119999,0.19975559921249927,0.0025642021572520523
land_pad2__2375.jpg,land_pad2,2375,mixed,phase22_baseline,1,243,1,242,0,True,0.028570933267474174,0.0017026682617142797,0.6077930042640982,0.27436936383999994,0.20245643621711987,0.0025895366767797502
land_pad2__2400.jpg,land_pad2,2400,mixed,phase22_baseline,1,273,1,272,0,True,0.030586306005716324,0.030586306005716324,0.7457064105980769,0.371244923442,0.20561091546687005,0.002533598942107586
land_pad2__2425.jpg,land_pad2,2425,mixed,phase22_baseline,1,289,1,288,0,True,0.0784984603524208,0.016631683334708214,0.7065582335953262,0.348776078376,0.19841198061147597,0.0025372043744038425
land_pad2__2450.jpg,land_pad2,2450,mixed,phase22_baseline,1,277,1,276,0,True,0.06539807468652725,0.06539807468652725,0.654761482140787,0.5006960249760001,0.19822302248746365,0.002406648960277916
land_pad2__2475.jpg,land_pad2,2475,mixed,phase22_baseline,1,272,1,271,0,True,0.13797979056835175,0.13797979056835175,0.7716715827557706,0.786116673615,0.19943718694949603,0.002174893364672824
land_pad2__2500.jpg,land_pad2,2500,mixed,phase22_baseline,1,250,1,249,0,True,0.22668315470218658,0.22668315470218658,0.6850464138948873,0.738113872776,0.21926376735633105,0.002233145840682276
land_pad2__2525.jpg,land_pad2,2525,mixed,phase22_baseline,1,231,1,230,0,True,0.08663288503885269,0.08663288503885269,0.7386810355889643,0.8909045402879998,0.21493148934595502,0.002082820834804487
