frame_id,condition,target_index,x0,y0,x1,y1,detected
land_pad__6500.jpg,clean,0,0.6615964999999999,0.2757545,0.6796575,0.2996875,True
land_pad__6525.jpg,clean,0,0.6454375000000001,0.27991699999999997,0.6644485,0.304891,True
land_pad__6550.jpg,clean,0,0.6321295,0.283038,0.6511404999999999,0.311134,True
land_pad__6575.jpg,clean,0,0.6254755,0.2903225,0.6435365000000001,0.31425549999999997,True
land_pad__6600.jpg,clean,0,0.598859,0.2934445,0.6216729999999999,0.32049950000000005,True
land_pad__6625.jpg,clean,0,0.558935,0.2861605,0.578897,0.30905350000000004,True
land_pad__6650.jpg,clean,0,0.542776,0.278876,0.558936,0.300728,True
land_pad__6675.jpg,clean,0,0.543726,0.27991699999999997,0.559886,0.304891,True
land_pad__6700.jpg,clean,0,0.5456274999999999,0.279917,0.5636885,0.301769,True
land_pad__6725.jpg,clean,0,0.5484785,0.2778355,0.5627375,0.3017685,True
land_pad__6750.jpg,clean,0,0.5484789999999999,0.276795,0.561787,0.298647,False
land_pad__6775.jpg,clean,0,0.5484785,0.274714,0.5627375,0.296566,True
land_pad__6800.jpg,clean,0,0.5465785,0.271592,0.5617875,0.293444,False
land_pad__6825.jpg,clean,0,0.5465774999999999,0.2705515,0.5608365,0.2944845,False
land_pad__6850.jpg,clean,0,0.5446765,0.272633,0.5598855,0.294485,False
land_pad__7450.jpg,clean,0,0.7119775,0.0686785,0.7271865000000001,0.0915715,True
land_pad__7475.jpg,clean,0,0.7157795,0.2247655,0.7300385,0.2445365,True
land_pad__7500.jpg,clean,0,0.7195815,0.342352,0.7319384999999999,0.36316400000000004,False
land_pad__7525.jpg,clean,0,0.7195819999999999,0.401665,0.73289,0.420395,False
land_pad__7550.jpg,clean,0,0.711027,0.33610850000000003,0.7243350000000001,0.3558795,True
land_pad__7575.jpg,clean,0,0.6749055,0.2164415,0.6872625,0.2393345,True
land_pad__7600.jpg,clean,0,0.6787075,0.224766,0.6910645,0.245578,False
land_pad__7625.jpg,clean,0,0.6673005000000001,0.2903225,0.6796575,0.31321550000000004,False
land_pad__7650.jpg,clean,0,0.6235745,0.369407,0.6359315,0.39125899999999997,False
land_pad__7675.jpg,clean,0,0.5674899999999999,0.4047865,0.580798,0.42767950000000005,False
land_pad__7700.jpg,clean,0,0.5275665,0.413111,0.5389735,0.434963,False
land_pad__7725.jpg,clean,0,0.4838405,0.41623350000000003,0.49619749999999996,0.4360045,False
land_pad__7750.jpg,clean,0,0.45722450000000003,0.434964,0.4695815,0.456816,False
land_pad__7775.jpg,clean,0,0.45057,0.46826199999999996,0.463878,0.489074,False
land_pad__7800.jpg,clean,0,0.4420155,0.517169,0.45342249999999995,0.537981,False
land_pad__7825.jpg,clean,0,0.43821350000000003,0.569199,0.4505705,0.591051,False
land_pad__7850.jpg,clean,0,0.4524715,0.623309,0.4648285,0.644121,False
land_pad__7875.jpg,clean,0,0.46958150000000004,0.661811,0.4819385,0.683663,False
land_pad__7900.jpg,clean,0,0.43346,0.6711754999999999,0.446768,0.6940685,False
land_pad__7925.jpg,clean,0,0.3982895,0.6784600000000001,0.41064649999999997,0.700312,False
land_pad__7950.jpg,clean,0,0.4106465,0.710718,0.4230035,0.73153,False
land_pad__7975.jpg,clean,0,0.411597,0.7148804999999999,0.424905,0.7377735,False
land_pad__8000.jpg,clean,0,0.39258550000000003,0.6524455,0.4049425,0.6722165,False
land_pad__8025.jpg,clean,0,0.363118,0.5275755,0.376426,0.5473465,False
land_pad__8050.jpg,clean,0,0.3327,0.4661815,0.346008,0.4859525,True
land_pad__8075.jpg,clean,0,0.3165405,0.450572,0.32889749999999995,0.471384,False
land_pad__8100.jpg,clean,0,0.28327,0.443288,0.296578,0.46201800000000004,True
land_pad__8125.jpg,clean,0,0.27756650000000005,0.42247599999999996,0.2899235,0.443288,False
land_pad__8150.jpg,clean,0,0.27756650000000005,0.3975025,0.2899235,0.41727349999999996,False
land_pad__8175.jpg,clean,0,0.26901149999999996,0.397503,0.2804185,0.415193,False
land_pad__8200.jpg,clean,0,0.25570350000000003,0.4079085,0.2680605,0.42455750000000003,False
land_pad__8225.jpg,clean,0,0.2614065,0.412071,0.27281350000000004,0.429761,False
land_pad__8250.jpg,clean,0,0.28327050000000004,0.41103,0.2956275,0.42976000000000003,True
land_pad__8275.jpg,clean,0,0.26901149999999996,0.39750199999999997,0.2804185,0.418314,False
land_pad__8300.jpg,clean,0,0.250951,0.3714885,0.26425899999999997,0.3954215,True
land_pad__8325.jpg,clean,0,0.23764249999999998,0.36420349999999996,0.2528515,0.3870965,False
land_pad__8350.jpg,clean,0,0.201521,0.3444325,0.217681,0.3704475,True
land_pad__8375.jpg,clean,0,0.1720535,0.3205,0.1929665,0.35692,False
land_pad__8400.jpg,clean,0,0.189164,0.314256,0.212928,0.352758,True
land_pad__8425.jpg,clean,0,0.3013305,0.408949,0.32224349999999996,0.444329,True
land_pad__8450.jpg,clean,0,0.4828895,0.30281,0.5019005000000001,0.33923000000000003,True
land_pad__8475.jpg,clean,0,0.644487,0.169615,0.6673009999999999,0.206035,True
land_pad__8500.jpg,clean,0,0.7100765,0.2029135,0.7319395,0.2372525,True
land_pad__8525.jpg,clean,0,0.6768065,0.314256,0.6986694999999999,0.350676,True
land_pad__8550.jpg,clean,0,0.6406850000000001,0.3277835,0.664449,0.3610825,True
land_pad__8575.jpg,clean,0,0.678707,0.324662,0.7015210000000001,0.361082,True
land_pad__8600.jpg,clean,0,0.6596955,0.24453699999999998,0.6844105,0.27991699999999997,True
land_pad__8625.jpg,clean,0,0.6368825,0.201873,0.6615975000000001,0.238293,True
land_pad__8650.jpg,clean,0,0.624525,0.185224,0.6473390000000001,0.217482,True
land_pad__8675.jpg,clean,0,0.589353,0.25390199999999996,0.6121669999999999,0.292404,True
land_pad__8700.jpg,clean,0,0.5313685,0.302809,0.5560835000000001,0.34131100000000003,True
land_pad2__2050.jpg,clean,0,0.5057035000000001,0.3631635,0.9039925,0.9677425,True
land_pad2__2075.jpg,clean,0,0.0009510000000000074,0.431842,0.325095,0.9927159999999999,True
land_pad2__2100.jpg,clean,0,0.04562749999999999,0.439126,0.4306085,0.992716,True
land_pad2__2125.jpg,clean,0,0.168251,0.45265349999999993,0.554183,1.0,True
land_pad2__2150.jpg,clean,0,0.15589400000000003,0.17273700000000003,0.51616,0.797087,True
land_pad2__2175.jpg,clean,0,0.13308000000000003,0.005203000000000013,0.5028520000000001,0.551509,True
land_pad2__2200.jpg,clean,0,0.274715,0.023933499999999996,0.681559,0.6357965000000001,True
land_pad2__2225.jpg,clean,0,0.40304199999999996,0.009365499999999971,0.843156,0.6649324999999999,True
land_pad2__2250.jpg,clean,0,0.398289,0.04578600000000005,0.8174910000000001,0.724246,True
land_pad2__2275.jpg,clean,0,0.49144499999999997,0.08428750000000002,0.884981,0.7398545000000001,True
land_pad2__2300.jpg,clean,0,0.6064639999999999,0.011446500000000026,1.0,0.6659735,True
land_pad2__2325.jpg,clean,0,0.155894,0.05098849999999999,0.56654,0.7304895,True
land_pad2__2350.jpg,clean,0,0.21768099999999999,0.10613900000000004,0.641635,0.799167,True
land_pad2__2375.jpg,clean,0,0.284221,0.150885,0.6777569999999999,0.8480749999999999,True
land_pad2__2400.jpg,clean,0,0.228137,0.19875150000000003,0.724335,0.9469305000000001,True
land_pad2__2425.jpg,clean,0,0.24524750000000003,0.27055199999999996,0.7233845,1.0,True
land_pad2__2450.jpg,clean,0,0.177757,0.250781,0.847909,0.997919,True
land_pad2__2475.jpg,clean,0,0.1330805,0.06139450000000002,0.9752855,0.9947975,True
land_pad2__2500.jpg,clean,0,0.16254799999999997,0.020812000000000053,0.91635,1.0,True
land_pad2__2525.jpg,clean,0,0.058936000000000044,0.022893000000000052,0.989544,0.980229,True
land_pad__6500.jpg,blur,0,0.6615964999999999,0.2757545,0.6796575,0.2996875,True
land_pad__6525.jpg,blur,0,0.6454375000000001,0.27991699999999997,0.6644485,0.304891,False
land_pad__6550.jpg,blur,0,0.6321295,0.283038,0.6511404999999999,0.311134,False
land_pad__6575.jpg,blur,0,0.6254755,0.2903225,0.6435365000000001,0.31425549999999997,False
land_pad__6600.jpg,blur,0,0.598859,0.2934445,0.6216729999999999,0.32049950000000005,True
land_pad__6625.jpg,blur,0,0.558935,0.2861605,0.578897,0.30905350000000004,True
land_pad__6650.jpg,blur,0,0.542776,0.278876,0.558936,0.300728,False
land_pad__6675.jpg,blur,0,0.543726,0.27991699999999997,0.559886,0.304891,False
land_pad__6700.jpg,blur,0,0.5456274999999999,0.279917,0.5636885,0.301769,False
land_pad__6725.jpg,blur,0,0.5484785,0.2778355,0.5627375,0.3017685,False
land_pad__6750.jpg,blur,0,0.5484789999999999,0.276795,0.561787,0.298647,False
land_pad__6775.jpg,blur,0,0.5484785,0.274714,0.5627375,0.296566,False
land_pad__6800.jpg,blur,0,0.5465785,0.271592,0.5617875,0.293444,False
land_pad__6825.jpg,blur,0,0.5465774999999999,0.2705515,0.5608365,0.2944845,False
land_pad__6850.jpg,blur,0,0.5446765,0.272633,0.5598855,0.294485,False
land_pad__7450.jpg,blur,0,0.7119775,0.0686785,0.7271865000000001,0.0915715,True
land_pad__7475.jpg,blur,0,0.7157795,0.2247655,0.7300385,0.2445365,True
land_pad__7500.jpg,blur,0,0.7195815,0.342352,0.7319384999999999,0.36316400000000004,False
land_pad__7525.jpg,blur,0,0.7195819999999999,0.401665,0.73289,0.420395,False
land_pad__7550.jpg,blur,0,0.711027,0.33610850000000003,0.7243350000000001,0.3558795,True
land_pad__7575.jpg,blur,0,0.6749055,0.2164415,0.6872625,0.2393345,True
land_pad__7600.jpg,blur,0,0.6787075,0.224766,0.6910645,0.245578,False
land_pad__7625.jpg,blur,0,0.6673005000000001,0.2903225,0.6796575,0.31321550000000004,False
land_pad__7650.jpg,blur,0,0.6235745,0.369407,0.6359315,0.39125899999999997,False
land_pad__7675.jpg,blur,0,0.5674899999999999,0.4047865,0.580798,0.42767950000000005,False
land_pad__7700.jpg,blur,0,0.5275665,0.413111,0.5389735,0.434963,False
land_pad__7725.jpg,blur,0,0.4838405,0.41623350000000003,0.49619749999999996,0.4360045,False
land_pad__7750.jpg,blur,0,0.45722450000000003,0.434964,0.4695815,0.456816,False
land_pad__7775.jpg,blur,0,0.45057,0.46826199999999996,0.463878,0.489074,False
land_pad__7800.jpg,blur,0,0.4420155,0.517169,0.45342249999999995,0.537981,False
land_pad__7825.jpg,blur,0,0.43821350000000003,0.569199,0.4505705,0.591051,False
land_pad__7850.jpg,blur,0,0.4524715,0.623309,0.4648285,0.644121,False
land_pad__7875.jpg,blur,0,0.46958150000000004,0.661811,0.4819385,0.683663,False
land_pad__7900.jpg,blur,0,0.43346,0.6711754999999999,0.446768,0.6940685,False
land_pad__7925.jpg,blur,0,0.3982895,0.6784600000000001,0.41064649999999997,0.700312,False
land_pad__7950.jpg,blur,0,0.4106465,0.710718,0.4230035,0.73153,False
land_pad__7975.jpg,blur,0,0.411597,0.7148804999999999,0.424905,0.7377735,False
land_pad__8000.jpg,blur,0,0.39258550000000003,0.6524455,0.4049425,0.6722165,False
land_pad__8025.jpg,blur,0,0.363118,0.5275755,0.376426,0.5473465,False
land_pad__8050.jpg,blur,0,0.3327,0.4661815,0.346008,0.4859525,True
land_pad__8075.jpg,blur,0,0.3165405,0.450572,0.32889749999999995,0.471384,False
land_pad__8100.jpg,blur,0,0.28327,0.443288,0.296578,0.46201800000000004,True
land_pad__8125.jpg,blur,0,0.27756650000000005,0.42247599999999996,0.2899235,0.443288,False
land_pad__8150.jpg,blur,0,0.27756650000000005,0.3975025,0.2899235,0.41727349999999996,False
land_pad__8175.jpg,blur,0,0.26901149999999996,0.397503,0.2804185,0.415193,False
land_pad__8200.jpg,blur,0,0.25570350000000003,0.4079085,0.2680605,0.42455750000000003,False
land_pad__8225.jpg,blur,0,0.2614065,0.412071,0.27281350000000004,0.429761,False
land_pad__8250.jpg,blur,0,0.28327050000000004,0.41103,0.2956275,0.42976000000000003,True
land_pad__8275.jpg,blur,0,0.26901149999999996,0.39750199999999997,0.2804185,0.418314,False
land_pad__8300.jpg,blur,0,0.250951,0.3714885,0.26425899999999997,0.3954215,True
land_pad__8325.jpg,blur,0,0.23764249999999998,0.36420349999999996,0.2528515,0.3870965,False
land_pad__8350.jpg,blur,0,0.201521,0.3444325,0.217681,0.3704475,True
land_pad__8375.jpg,blur,0,0.1720535,0.3205,0.1929665,0.35692,False
land_pad__8400.jpg,blur,0,0.189164,0.314256,0.212928,0.352758,True
land_pad__8425.jpg,blur,0,0.3013305,0.408949,0.32224349999999996,0.444329,True
land_pad__8450.jpg,blur,0,0.4828895,0.30281,0.5019005000000001,0.33923000000000003,True
land_pad__8475.jpg,blur,0,0.644487,0.169615,0.6673009999999999,0.206035,True
land_pad__8500.jpg,blur,0,0.7100765,0.2029135,0.7319395,0.2372525,True
land_pad__8525.jpg,blur,0,0.6768065,0.314256,0.6986694999999999,0.350676,True
land_pad__8550.jpg,blur,0,0.6406850000000001,0.3277835,0.664449,0.3610825,True
land_pad__8575.jpg,blur,0,0.678707,0.324662,0.7015210000000001,0.361082,True
land_pad__8600.jpg,blur,0,0.6596955,0.24453699999999998,0.6844105,0.27991699999999997,True
land_pad__8625.jpg,blur,0,0.6368825,0.201873,0.6615975000000001,0.238293,True
land_pad__8650.jpg,blur,0,0.624525,0.185224,0.6473390000000001,0.217482,True
land_pad__8675.jpg,blur,0,0.589353,0.25390199999999996,0.6121669999999999,0.292404,True
land_pad__8700.jpg,blur,0,0.5313685,0.302809,0.5560835000000001,0.34131100000000003,True
land_pad2__2050.jpg,blur,0,0.5057035000000001,0.3631635,0.9039925,0.9677425,True
land_pad2__2075.jpg,blur,0,0.0009510000000000074,0.431842,0.325095,0.9927159999999999,True
land_pad2__2100.jpg,blur,0,0.04562749999999999,0.439126,0.4306085,0.992716,True
land_pad2__2125.jpg,blur,0,0.168251,0.45265349999999993,0.554183,1.0,True
land_pad2__2150.jpg,blur,0,0.15589400000000003,0.17273700000000003,0.51616,0.797087,True
land_pad2__2175.jpg,blur,0,0.13308000000000003,0.005203000000000013,0.5028520000000001,0.551509,True
land_pad2__2200.jpg,blur,0,0.274715,0.023933499999999996,0.681559,0.6357965000000001,True
land_pad2__2225.jpg,blur,0,0.40304199999999996,0.009365499999999971,0.843156,0.6649324999999999,True
land_pad2__2250.jpg,blur,0,0.398289,0.04578600000000005,0.8174910000000001,0.724246,True
land_pad2__2275.jpg,blur,0,0.49144499999999997,0.08428750000000002,0.884981,0.7398545000000001,True
land_pad2__2300.jpg,blur,0,0.6064639999999999,0.011446500000000026,1.0,0.6659735,True
land_pad2__2325.jpg,blur,0,0.155894,0.05098849999999999,0.56654,0.7304895,True
land_pad2__2350.jpg,blur,0,0.21768099999999999,0.10613900000000004,0.641635,0.799167,True
land_pad2__2375.jpg,blur,0,0.284221,0.150885,0.6777569999999999,0.8480749999999999,True
land_pad2__2400.jpg,blur,0,0.228137,0.19875150000000003,0.724335,0.9469305000000001,True
land_pad2__2425.jpg,blur,0,0.24524750000000003,0.27055199999999996,0.7233845,1.0,True
land_pad2__2450.jpg,blur,0,0.177757,0.250781,0.847909,0.997919,True
land_pad2__2475.jpg,blur,0,0.1330805,0.06139450000000002,0.9752855,0.9947975,True
land_pad2__2500.jpg,blur,0,0.16254799999999997,0.020812000000000053,0.91635,1.0,True
land_pad2__2525.jpg,blur,0,0.058936000000000044,0.022893000000000052,0.989544,0.980229,True
land_pad__6500.jpg,low_light,0,0.6615964999999999,0.2757545,0.6796575,0.2996875,True
land_pad__6525.jpg,low_light,0,0.6454375000000001,0.27991699999999997,0.6644485,0.304891,False
land_pad__6550.jpg,low_light,0,0.6321295,0.283038,0.6511404999999999,0.311134,True
land_pad__6575.jpg,low_light,0,0.6254755,0.2903225,0.6435365000000001,0.31425549999999997,True
land_pad__6600.jpg,low_light,0,0.598859,0.2934445,0.6216729999999999,0.32049950000000005,True
land_pad__6625.jpg,low_light,0,0.558935,0.2861605,0.578897,0.30905350000000004,False
land_pad__6650.jpg,low_light,0,0.542776,0.278876,0.558936,0.300728,True
land_pad__6675.jpg,low_light,0,0.543726,0.27991699999999997,0.559886,0.304891,True
land_pad__6700.jpg,low_light,0,0.5456274999999999,0.279917,0.5636885,0.301769,True
land_pad__6725.jpg,low_light,0,0.5484785,0.2778355,0.5627375,0.3017685,True
land_pad__6750.jpg,low_light,0,0.5484789999999999,0.276795,0.561787,0.298647,True
land_pad__6775.jpg,low_light,0,0.5484785,0.274714,0.5627375,0.296566,True
land_pad__6800.jpg,low_light,0,0.5465785,0.271592,0.5617875,0.293444,False
land_pad__6825.jpg,low_light,0,0.5465774999999999,0.2705515,0.5608365,0.2944845,False
land_pad__6850.jpg,low_light,0,0.5446765,0.272633,0.5598855,0.294485,False
land_pad__7450.jpg,low_light,0,0.7119775,0.0686785,0.7271865000000001,0.0915715,True
land_pad__7475.jpg,low_light,0,0.7157795,0.2247655,0.7300385,0.2445365,True
land_pad__7500.jpg,low_light,0,0.7195815,0.342352,0.7319384999999999,0.36316400000000004,False
land_pad__7525.jpg,low_light,0,0.7195819999999999,0.401665,0.73289,0.420395,False
land_pad__7550.jpg,low_light,0,0.711027,0.33610850000000003,0.7243350000000001,0.3558795,True
land_pad__7575.jpg,low_light,0,0.6749055,0.2164415,0.6872625,0.2393345,True
land_pad__7600.jpg,low_light,0,0.6787075,0.224766,0.6910645,0.245578,False
land_pad__7625.jpg,low_light,0,0.6673005000000001,0.2903225,0.6796575,0.31321550000000004,False
land_pad__7650.jpg,low_light,0,0.6235745,0.369407,0.6359315,0.39125899999999997,False
land_pad__7675.jpg,low_light,0,0.5674899999999999,0.4047865,0.580798,0.42767950000000005,False
land_pad__7700.jpg,low_light,0,0.5275665,0.413111,0.5389735,0.434963,False
land_pad__7725.jpg,low_light,0,0.4838405,0.41623350000000003,0.49619749999999996,0.4360045,False
land_pad__7750.jpg,low_light,0,0.45722450000000003,0.434964,0.4695815,0.456816,False
land_pad__7775.jpg,low_light,0,0.45057,0.46826199999999996,0.463878,0.489074,False
land_pad__7800.jpg,low_light,0,0.4420155,0.517169,0.45342249999999995,0.537981,False
land_pad__7825.jpg,low_light,0,0.43821350000000003,0.569199,0.4505705,0.591051,False
land_pad__7850.jpg,low_light,0,0.4524715,0.623309,0.4648285,0.644121,False
land_pad__7875.jpg,low_light,0,0.46958150000000004,0.661811,0.4819385,0.683663,False
land_pad__7900.jpg,low_light,0,0.43346,0.6711754999999999,0.446768,0.6940685,False
land_pad__7925.jpg,low_light,0,0.3982895,0.6784600000000001,0.41064649999999997,0.700312,False
land_pad__7950.jpg,low_light,0,0.4106465,0.710718,0.4230035,0.73153,False
land_pad__7975.jpg,low_light,0,0.411597,0.7148804999999999,0.424905,0.7377735,False
land_pad__8000.jpg,low_light,0,0.39258550000000003,0.6524455,0.4049425,0.6722165,False
land_pad__8025.jpg,low_light,0,0.363118,0.5275755,0.376426,0.5473465,False
land_pad__8050.jpg,low_light,0,0.3327,0.4661815,0.346008,0.4859525,False
land_pad__8075.jpg,low_light,0,0.3165405,0.450572,0.32889749999999995,0.471384,False
land_pad__8100.jpg,low_light,0,0.28327,0.443288,0.296578,0.46201800000000004,False
land_pad__8125.jpg,low_light,0,0.27756650000000005,0.42247599999999996,0.2899235,0.443288,False
land_pad__8150.jpg,low_light,0,0.27756650000000005,0.3975025,0.2899235,0.41727349999999996,False
land_pad__8175.jpg,low_light,0,0.26901149999999996,0.397503,0.2804185,0.415193,False
land_pad__8200.jpg,low_light,0,0.25570350000000003,0.4079085,0.2680605,0.42455750000000003,False
land_pad__8225.jpg,low_light,0,0.2614065,0.412071,0.27281350000000004,0.429761,False
land_pad__8250.jpg,low_light,0,0.28327050000000004,0.41103,0.2956275,0.42976000000000003,False
land_pad__8275.jpg,low_light,0,0.26901149999999996,0.39750199999999997,0.2804185,0.418314,False
land_pad__8300.jpg,low_light,0,0.250951,0.3714885,0.26425899999999997,0.3954215,True
land_pad__8325.jpg,low_light,0,0.23764249999999998,0.36420349999999996,0.2528515,0.3870965,False
land_pad__8350.jpg,low_light,0,0.201521,0.3444325,0.217681,0.3704475,True
land_pad__8375.jpg,low_light,0,0.1720535,0.3205,0.1929665,0.35692,False
land_pad__8400.jpg,low_light,0,0.189164,0.314256,0.212928,0.352758,True
land_pad__8425.jpg,low_light,0,0.3013305,0.408949,0.32224349999999996,0.444329,True
land_pad__8450.jpg,low_light,0,0.4828895,0.30281,0.5019005000000001,0.33923000000000003,True
land_pad__8475.jpg,low_light,0,0.644487,0.169615,0.6673009999999999,0.206035,True
land_pad__8500.jpg,low_light,0,0.7100765,0.2029135,0.7319395,0.2372525,True
land_pad__8525.jpg,low_light,0,0.6768065,0.314256,0.6986694999999999,0.350676,True
land_pad__8550.jpg,low_light,0,0.6406850000000001,0.3277835,0.664449,0.3610825,True
land_pad__8575.jpg,low_light,0,0.678707,0.324662,0.7015210000000001,0.361082,True
land_pad__8600.jpg,low_light,0,0.6596955,0.24453699999999998,0.6844105,0.27991699999999997,True
land_pad__8625.jpg,low_light,0,0.6368825,0.201873,0.6615975000000001,0.238293,True
land_pad__8650.jpg,low_light,0,0.624525,0.185224,0.6473390000000001,0.217482,True
land_pad__8675.jpg,low_light,0,0.589353,0.25390199999999996,0.6121669999999999,0.292404,True
land_pad__8700.jpg,low_light,0,0.5313685,0.302809,0.5560835000000001,0.34131100000000003,True
land_pad2__2050.jpg,low_light,0,0.5057035000000001,0.3631635,0.9039925,0.9677425,True
land_pad2__2075.jpg,low_light,0,0.0009510000000000074,0.431842,0.325095,0.9927159999999999,True
land_pad2__2100.jpg,low_light,0,0.04562749999999999,0.439126,0.4306085,0.992716,True
land_pad2__2125.jpg,low_light,0,0.168251,0.45265349999999993,0.554183,1.0,True
land_pad2__2150.jpg,low_light,0,0.15589400000000003,0.17273700000000003,0.51616,0.797087,True
land_pad2__2175.jpg,low_light,0,0.13308000000000003,0.005203000000000013,0.5028520000000001,0.551509,True
land_pad2__2200.jpg,low_light,0,0.274715,0.023933499999999996,0.681559,0.6357965000000001,True
land_pad2__2225.jpg,low_light,0,0.40304199999999996,0.009365499999999971,0.843156,0.6649324999999999,True
land_pad2__2250.jpg,low_light,0,0.398289,0.04578600000000005,0.8174910000000001,0.724246,True
land_pad2__2275.jpg,low_light,0,0.49144499999999997,0.08428750000000002,0.884981,0.7398545000000001,True
land_pad2__2300.jpg,low_light,0,0.6064639999999999,0.011446500000000026,1.0,0.6659735,True
land_pad2__2325.jpg,low_light,0,0.155894,0.05098849999999999,0.56654,0.7304895,True
land_pad2__2350.jpg,low_light,0,0.21768099999999999,0.10613900000000004,0.641635,0.799167,True
land_pad2__2375.jpg,low_light,0,0.284221,0.150885,0.6777569999999999,0.8480749999999999,True
land_pad2__2400.jpg,low_light,0,0.228137,0.19875150000000003,0.724335,0.9469305000000001,True
land_pad2__2425.jpg,low_light,0,0.24524750000000003,0.27055199999999996,0.7233845,1.0,True
land_pad2__2450.jpg,low_light,0,0.177757,0.250781,0.847909,0.997919,True
land_pad2__2475.jpg,low_light,0,0.1330805,0.06139450000000002,0.9752855,0.9947975,True
land_pad2__2500.jpg,low_light,0,0.16254799999999997,0.020812000000000053,0.91635,1.0,True
land_pad2__2525.jpg,low_light,0,0.058936000000000044,0.022893000000000052,0.989544,0.980229,True
land_pad__6500.jpg,noise,0,0.6615964999999999,0.2757545,0.6796575,0.2996875,False
land_pad__6525.jpg,noise,0,0.6454375000000001,0.27991699999999997,0.6644485,0.304891,False
land_pad__6550.jpg,noise,0,0.6321295,0.283038,0.6511404999999999,0.311134,False
land_pad__6575.jpg,noise,0,0.6254755,0.2903225,0.6435365000000001,0.31425549999999997,False
land_pad__6600.jpg,noise,0,0.598859,0.2934445,0.6216729999999999,0.32049950000000005,False
land_pad__6625.jpg,noise,0,0.558935,0.2861605,0.578897,0.30905350000000004,False
land_pad__6650.jpg,noise,0,0.542776,0.278876,0.558936,0.300728,False
land_pad__6675.jpg,noise,0,0.543726,0.27991699999999997,0.559886,0.304891,False
land_pad__6700.jpg,noise,0,0.5456274999999999,0.279917,0.5636885,0.301769,False
land_pad__6725.jpg,noise,0,0.5484785,0.2778355,0.5627375,0.3017685,False
land_pad__6750.jpg,noise,0,0.5484789999999999,0.276795,0.561787,0.298647,False
land_pad__6775.jpg,noise,0,0.5484785,0.274714,0.5627375,0.296566,False
land_pad__6800.jpg,noise,0,0.5465785,0.271592,0.5617875,0.293444,False
land_pad__6825.jpg,noise,0,0.5465774999999999,0.2705515,0.5608365,0.2944845,False
land_pad__6850.jpg,noise,0,0.5446765,0.272633,0.5598855,0.294485,False
land_pad__7450.jpg,noise,0,0.7119775,0.0686785,0.7271865000000001,0.0915715,True
land_pad__7475.jpg,noise,0,0.7157795,0.2247655,0.7300385,0.2445365,True
land_pad__7500.jpg,noise,0,0.7195815,0.342352,0.7319384999999999,0.36316400000000004,False
land_pad__7525.jpg,noise,0,0.7195819999999999,0.401665,0.73289,0.420395,False
land_pad__7550.jpg,noise,0,0.711027,0.33610850000000003,0.7243350000000001,0.3558795,True
land_pad__7575.jpg,noise,0,0.6749055,0.2164415,0.6872625,0.2393345,True
land_pad__7600.jpg,noise,0,0.6787075,0.224766,0.6910645,0.245578,False
land_pad__7625.jpg,noise,0,0.6673005000000001,0.2903225,0.6796575,0.31321550000000004,False
land_pad__7650.jpg,noise,0,0.6235745,0.369407,0.6359315,0.39125899999999997,False
land_pad__7675.jpg,noise,0,0.5674899999999999,0.4047865,0.580798,0.42767950000000005,False
land_pad__7700.jpg,noise,0,0.5275665,0.413111,0.5389735,0.434963,False
land_pad__7725.jpg,noise,0,0.4838405,0.41623350000000003,0.49619749999999996,0.4360045,False
land_pad__7750.jpg,noise,0,0.45722450000000003,0.434964,0.4695815,0.456816,False
land_pad__7775.jpg,noise,0,0.45057,0.46826199999999996,0.463878,0.489074,True
land_pad__7800.jpg,noise,0,0.4420155,0.517169,0.45342249999999995,0.537981,False
land_pad__7825.jpg,noise,0,0.43821350000000003,0.569199,0.4505705,0.591051,False
land_pad__7850.jpg,noise,0,0.4524715,0.623309,0.4648285,0.644121,False
land_pad__7875.jpg,noise,0,0.46958150000000004,0.661811,0.4819385,0.683663,False
land_pad__7900.jpg,noise,0,0.43346,0.6711754999999999,0.446768,0.6940685,False
land_pad__7925.jpg,noise,0,0.3982895,0.6784600000000001,0.41064649999999997,0.700312,False
land_pad__7950.jpg,noise,0,0.4106465,0.710718,0.4230035,0.73153,False
land_pad__7975.jpg,noise,0,0.411597,0.7148804999999999,0.424905,0.7377735,False
land_pad__8000.jpg,noise,0,0.39258550000000003,0.6524455,0.4049425,0.6722165,False
land_pad__8025.jpg,noise,0,0.363118,0.5275755,0.376426,0.5473465,False
land_pad__8050.jpg,noise,0,0.3327,0.4661815,0.346008,0.4859525,False
land_pad__8075.jpg,noise,0,0.3165405,0.450572,0.32889749999999995,0.471384,False
land_pad__8100.jpg,noise,0,0.28327,0.443288,0.296578,0.46201800000000004,True
land_pad__8125.jpg,noise,0,0.27756650000000005,0.42247599999999996,0.2899235,0.443288,True
land_pad__8150.jpg,noise,0,0.27756650000000005,0.3975025,0.2899235,0.41727349999999996,True
land_pad__8175.jpg,noise,0,0.26901149999999996,0.397503,0.2804185,0.415193,True
land_pad__8200.jpg,noise,0,0.25570350000000003,0.4079085,0.2680605,0.42455750000000003,False
land_pad__8225.jpg,noise,0,0.2614065,0.412071,0.27281350000000004,0.429761,False
land_pad__8250.jpg,noise,0,0.28327050000000004,0.41103,0.2956275,0.42976000000000003,False
land_pad__8275.jpg,noise,0,0.26901149999999996,0.39750199999999997,0.2804185,0.418314,True
land_pad__8300.jpg,noise,0,0.250951,0.3714885,0.26425899999999997,0.3954215,True
land_pad__8325.jpg,noise,0,0.23764249999999998,0.36420349999999996,0.2528515,0.3870965,False
land_pad__8350.jpg,noise,0,0.201521,0.3444325,0.217681,0.3704475,True
land_pad__8375.jpg,noise,0,0.1720535,0.3205,0.1929665,0.35692,True
land_pad__8400.jpg,noise,0,0.189164,0.314256,0.212928,0.352758,True
land_pad__8425.jpg,noise,0,0.3013305,0.408949,0.32224349999999996,0.444329,False
land_pad__8450.jpg,noise,0,0.4828895,0.30281,0.5019005000000001,0.33923000000000003,True
land_pad__8475.jpg,noise,0,0.644487,0.169615,0.6673009999999999,0.206035,True
land_pad__8500.jpg,noise,0,0.7100765,0.2029135,0.7319395,0.2372525,True
land_pad__8525.jpg,noise,0,0.6768065,0.314256,0.6986694999999999,0.350676,True
land_pad__8550.jpg,noise,0,0.6406850000000001,0.3277835,0.664449,0.3610825,True
land_pad__8575.jpg,noise,0,0.678707,0.324662,0.7015210000000001,0.361082,True
land_pad__8600.jpg,noise,0,0.6596955,0.24453699999999998,0.6844105,0.27991699999999997,True
land_pad__8625.jpg,noise,0,0.6368825,0.201873,0.6615975000000001,0.238293,True
land_pad__8650.jpg,noise,0,0.624525,0.185224,0.6473390000000001,0.217482,True
land_pad__8675.jpg,noise,0,0.589353,0.25390199999999996,0.6121669999999999,0.292404,True
land_pad__8700.jpg,noise,0,0.5313685,0.302809,0.5560835000000001,0.34131100000000003,True
land_pad2__2050.jpg,noise,0,0.5057035000000001,0.3631635,0.9039925,0.9677425,True
land_pad2__2075.jpg,noise,0,0.0009510000000000074,0.431842,0.325095,0.9927159999999999,True
land_pad2__2100.jpg,noise,0,0.04562749999999999,0.439126,0.4306085,0.992716,True
land_pad2__2125.jpg,noise,0,0.168251,0.45265349999999993,0.554183,1.0,True
land_pad2__2150.jpg,noise,0,0.15589400000000003,0.17273700000000003,0.51616,0.797087,True
land_pad2__2175.jpg,noise,0,0.13308000000000003,0.005203000000000013,0.5028520000000001,0.551509,True
land_pad2__2200.jpg,noise,0,0.274715,0.023933499999999996,0.681559,0.6357965000000001,True
land_pad2__2225.jpg,noise,0,0.40304199999999996,0.009365499999999971,0.843156,0.6649324999999999,True
land_pad2__2250.jpg,noise,0,0.398289,0.04578600000000005,0.8174910000000001,0.724246,True
land_pad2__2275.jpg,noise,0,0.49144499999999997,0.08428750000000002,0.884981,0.7398545000000001,True
land_pad2__2300.jpg,noise,0,0.6064639999999999,0.011446500000000026,1.0,0.6659735,True
land_pad2__2325.jpg,noise,0,0.155894,0.05098849999999999,0.56654,0.7304895,True
land_pad2__2350.jpg,noise,0,0.21768099999999999,0.10613900000000004,0.641635,0.799167,True
land_pad2__2375.jpg,noise,0,0.284221,0.150885,0.6777569999999999,0.8480749999999999,True
land_pad2__2400.jpg,noise,0,0.228137,0.19875150000000003,0.724335,0.9469305000000001,True
land_pad2__2425.jpg,noise,0,0.24524750000000003,0.27055199999999996,0.7233845,1.0,True
land_pad2__2450.jpg,noise,0,0.177757,0.250781,0.847909,0.997919,True
land_pad2__2475.jpg,noise,0,0.1330805,0.06139450000000002,0.9752855,0.9947975,True
land_pad2__2500.jpg,noise,0,0.16254799999999997,0.020812000000000053,0.91635,1.0,True
land_pad2__2525.jpg,noise,0,0.058936000000000044,0.022893000000000052,0.989544,0.980229,True
land_pad__6500.jpg,occlusion,0,0.6615964999999999,0.2757545,0.6796575,0.2996875,True
land_pad__6525.jpg,occlusion,0,0.6454375000000001,0.27991699999999997,0.6644485,0.304891,True
land_pad__6550.jpg,occlusion,0,0.6321295,0.283038,0.6511404999999999,0.311134,True
land_pad__6575.jpg,occlusion,0,0.6254755,0.2903225,0.6435365000000001,0.31425549999999997,True
land_pad__6600.jpg,occlusion,0,0.598859,0.2934445,0.6216729999999999,0.32049950000000005,False
land_pad__6625.jpg,occlusion,0,0.558935,0.2861605,0.578897,0.30905350000000004,True
land_pad__6650.jpg,occlusion,0,0.542776,0.278876,0.558936,0.300728,False
land_pad__6675.jpg,occlusion,0,0.543726,0.27991699999999997,0.559886,0.304891,True
land_pad__6700.jpg,occlusion,0,0.5456274999999999,0.279917,0.5636885,0.301769,True
land_pad__6725.jpg,occlusion,0,0.5484785,0.2778355,0.5627375,0.3017685,True
land_pad__6750.jpg,occlusion,0,0.5484789999999999,0.276795,0.561787,0.298647,True
land_pad__6775.jpg,occlusion,0,0.5484785,0.274714,0.5627375,0.296566,True
land_pad__6800.jpg,occlusion,0,0.5465785,0.271592,0.5617875,0.293444,False
land_pad__6825.jpg,occlusion,0,0.5465774999999999,0.2705515,0.5608365,0.2944845,False
land_pad__6850.jpg,occlusion,0,0.5446765,0.272633,0.5598855,0.294485,False
land_pad__7450.jpg,occlusion,0,0.7119775,0.0686785,0.7271865000000001,0.0915715,True
land_pad__7475.jpg,occlusion,0,0.7157795,0.2247655,0.7300385,0.2445365,True
land_pad__7500.jpg,occlusion,0,0.7195815,0.342352,0.7319384999999999,0.36316400000000004,False
land_pad__7525.jpg,occlusion,0,0.7195819999999999,0.401665,0.73289,0.420395,False
land_pad__7550.jpg,occlusion,0,0.711027,0.33610850000000003,0.7243350000000001,0.3558795,True
land_pad__7575.jpg,occlusion,0,0.6749055,0.2164415,0.6872625,0.2393345,True
land_pad__7600.jpg,occlusion,0,0.6787075,0.224766,0.6910645,0.245578,False
land_pad__7625.jpg,occlusion,0,0.6673005000000001,0.2903225,0.6796575,0.31321550000000004,False
land_pad__7650.jpg,occlusion,0,0.6235745,0.369407,0.6359315,0.39125899999999997,False
land_pad__7675.jpg,occlusion,0,0.5674899999999999,0.4047865,0.580798,0.42767950000000005,False
land_pad__7700.jpg,occlusion,0,0.5275665,0.413111,0.5389735,0.434963,False
land_pad__7725.jpg,occlusion,0,0.4838405,0.41623350000000003,0.49619749999999996,0.4360045,False
land_pad__7750.jpg,occlusion,0,0.45722450000000003,0.434964,0.4695815,0.456816,False
land_pad__7775.jpg,occlusion,0,0.45057,0.46826199999999996,0.463878,0.489074,False
land_pad__7800.jpg,occlusion,0,0.4420155,0.517169,0.45342249999999995,0.537981,False
land_pad__7825.jpg,occlusion,0,0.43821350000000003,0.569199,0.4505705,0.591051,False
land_pad__7850.jpg,occlusion,0,0.4524715,0.623309,0.4648285,0.644121,False
land_pad__7875.jpg,occlusion,0,0.46958150000000004,0.661811,0.4819385,0.683663,False
land_pad__7900.jpg,occlusion,0,0.43346,0.6711754999999999,0.446768,0.6940685,False
land_pad__7925.jpg,occlusion,0,0.3982895,0.6784600000000001,0.41064649999999997,0.700312,False
land_pad__7950.jpg,occlusion,0,0.4106465,0.710718,0.4230035,0.73153,False
land_pad__7975.jpg,occlusion,0,0.411597,0.7148804999999999,0.424905,0.7377735,False
land_pad__8000.jpg,occlusion,0,0.39258550000000003,0.6524455,0.4049425,0.6722165,False
land_pad__8025.jpg,occlusion,0,0.363118,0.5275755,0.376426,0.5473465,False
land_pad__8050.jpg,occlusion,0,0.3327,0.4661815,0.346008,0.4859525,True
land_pad__8075.jpg,occlusion,0,0.3165405,0.450572,0.32889749999999995,0.471384,False
land_pad__8100.jpg,occlusion,0,0.28327,0.443288,0.296578,0.46201800000000004,True
land_pad__8125.jpg,occlusion,0,0.27756650000000005,0.42247599999999996,0.2899235,0.443288,False
land_pad__8150.jpg,occlusion,0,0.27756650000000005,0.3975025,0.2899235,0.41727349999999996,False
land_pad__8175.jpg,occlusion,0,0.26901149999999996,0.397503,0.2804185,0.415193,False
land_pad__8200.jpg,occlusion,0,0.25570350000000003,0.4079085,0.2680605,0.42455750000000003,False
land_pad__8225.jpg,occlusion,0,0.2614065,0.412071,0.27281350000000004,0.429761,False
land_pad__8250.jpg,occlusion,0,0.28327050000000004,0.41103,0.2956275,0.42976000000000003,True
land_pad__8275.jpg,occlusion,0,0.26901149999999996,0.39750199999999997,0.2804185,0.418314,False
land_pad__8300.jpg,occlusion,0,0.250951,0.3714885,0.26425899999999997,0.3954215,True
land_pad__8325.jpg,occlusion,0,0.23764249999999998,0.36420349999999996,0.2528515,0.3870965,False
land_pad__8350.jpg,occlusion,0,0.201521,0.3444325,0.217681,0.3704475,True
land_pad__8375.jpg,occlusion,0,0.1720535,0.3205,0.1929665,0.35692,True
land_pad__8400.jpg,occlusion,0,0.189164,0.314256,0.212928,0.352758,True
land_pad__8425.jpg,occlusion,0,0.3013305,0.408949,0.32224349999999996,0.444329,True
land_pad__8450.jpg,occlusion,0,0.4828895,0.30281,0.5019005000000001,0.33923000000000003,True
land_pad__8475.jpg,occlusion,0,0.644487,0.169615,0.6673009999999999,0.206035,True
land_pad__8500.jpg,occlusion,0,0.7100765,0.2029135,0.7319395,0.2372525,True
land_pad__8525.jpg,occlusion,0,0.6768065,0.314256,0.6986694999999999,0.350676,True
land_pad__8550.jpg,occlusion,0,0.6406850000000001,0.3277835,0.664449,0.3610825,True
land_pad__8575.jpg,occlusion,0,0.678707,0.324662,0.7015210000000001,0.361082,True
land_pad__8600.jpg,occlusion,0,0.6596955,0.24453699999999998,0.6844105,0.27991699999999997,True
land_pad__8625.jpg,occlusion,0,0.6368825,0.201873,0.6615975000000001,0.238293,True
land_pad__8650.jpg,occlusion,0,0.624525,0.185224,0.6473390000000001,0.217482,True
land_pad__8675.jpg,occlusion,0,0.589353,0.25390199999999996,0.6121669999999999,0.292404,True
land_pad__8700.jpg,occlusion,0,0.5313685,0.302809,0.5560835000000001,0.34131100000000003,True
land_pad2__2050.jpg,occlusion,0,0.5057035000000001,0.3631635,0.9039925,0.9677425,True
land_pad2__2075.jpg,occlusion,0,0.0009510000000000074,0.431842,0.325095,0.9927159999999999,True
land_pad2__2100.jpg,occlusion,0,0.04562749999999999,0.439126,0.4306085,0.992716,True
land_pad2__2125.jpg,occlusion,0,0.168251,0.45265349999999993,0.554183,1.0,True
land_pad2__2150.jpg,occlusion,0,0.15589400000000003,0.17273700000000003,0.51616,0.797087,True
land_pad2__2175.jpg,occlusion,0,0.13308000000000003,0.005203000000000013,0.5028520000000001,0.551509,True
land_pad2__2200.jpg,occlusion,0,0.274715,0.023933499999999996,0.681559,0.6357965000000001,True
land_pad2__2225.jpg,occlusion,0,0.40304199999999996,0.009365499999999971,0.843156,0.6649324999999999,True
land_pad2__2250.jpg,occlusion,0,0.398289,0.04578600000000005,0.8174910000000001,0.724246,True
land_pad2__2275.jpg,occlusion,0,0.49144499999999997,0.08428750000000002,0.884981,0.7398545000000001,True
land_pad2__2300.jpg,occlusion,0,0.6064639999999999,0.011446500000000026,1.0,0.6659735,True
land_pad2__2325.jpg,occlusion,0,0.155894,0.05098849999999999,0.56654,0.7304895,True
land_pad2__2350.jpg,occlusion,0,0.21768099999999999,0.10613900000000004,0.641635,0.799167,True
land_pad2__2375.jpg,occlusion,0,0.284221,0.150885,0.6777569999999999,0.8480749999999999,True
land_pad2__2400.jpg,occlusion,0,0.228137,0.19875150000000003,0.724335,0.9469305000000001,True
land_pad2__2425.jpg,occlusion,0,0.24524750000000003,0.27055199999999996,0.7233845,1.0,True
land_pad2__2450.jpg,occlusion,0,0.177757,0.250781,0.847909,0.997919,True
land_pad2__2475.jpg,occlusion,0,0.1330805,0.06139450000000002,0.9752855,0.9947975,True
land_pad2__2500.jpg,occlusion,0,0.16254799999999997,0.020812000000000053,0.91635,1.0,True
land_pad2__2525.jpg,occlusion,0,0.058936000000000044,0.022893000000000052,0.989544,0.980229,True
land_pad__6500.jpg,mixed,0,0.6615964999999999,0.2757545,0.6796575,0.2996875,False
land_pad__6525.jpg,mixed,0,0.6454375000000001,0.27991699999999997,0.6644485,0.304891,False
land_pad__6550.jpg,mixed,0,0.6321295,0.283038,0.6511404999999999,0.311134,False
land_pad__6575.jpg,mixed,0,0.6254755,0.2903225,0.6435365000000001,0.31425549999999997,False
land_pad__6600.jpg,mixed,0,0.598859,0.2934445,0.6216729999999999,0.32049950000000005,False
land_pad__6625.jpg,mixed,0,0.558935,0.2861605,0.578897,0.30905350000000004,False
land_pad__6650.jpg,mixed,0,0.542776,0.278876,0.558936,0.300728,False
land_pad__6675.jpg,mixed,0,0.543726,0.27991699999999997,0.559886,0.304891,False
land_pad__6700.jpg,mixed,0,0.5456274999999999,0.279917,0.5636885,0.301769,False
land_pad__6725.jpg,mixed,0,0.5484785,0.2778355,0.5627375,0.3017685,False
land_pad__6750.jpg,mixed,0,0.5484789999999999,0.276795,0.561787,0.298647,False
land_pad__6775.jpg,mixed,0,0.5484785,0.274714,0.5627375,0.296566,False
land_pad__6800.jpg,mixed,0,0.5465785,0.271592,0.5617875,0.293444,False
land_pad__6825.jpg,mixed,0,0.5465774999999999,0.2705515,0.5608365,0.2944845,False
land_pad__6850.jpg,mixed,0,0.5446765,0.272633,0.5598855,0.294485,False
land_pad__7450.jpg,mixed,0,0.7119775,0.0686785,0.7271865000000001,0.0915715,True
land_pad__7475.jpg,mixed,0,0.7157795,0.2247655,0.7300385,0.2445365,False
land_pad__7500.jpg,mixed,0,0.7195815,0.342352,0.7319384999999999,0.36316400000000004,False
land_pad__7525.jpg,mixed,0,0.7195819999999999,0.401665,0.73289,0.420395,True
land_pad__7550.jpg,mixed,0,0.711027,0.33610850000000003,0.7243350000000001,0.3558795,False
land_pad__7575.jpg,mixed,0,0.6749055,0.2164415,0.6872625,0.2393345,False
land_pad__7600.jpg,mixed,0,0.6787075,0.224766,0.6910645,0.245578,False
land_pad__7625.jpg,mixed,0,0.6673005000000001,0.2903225,0.6796575,0.31321550000000004,False
land_pad__7650.jpg,mixed,0,0.6235745,0.369407,0.6359315,0.39125899999999997,False
land_pad__7675.jpg,mixed,0,0.5674899999999999,0.4047865,0.580798,0.42767950000000005,False
land_pad__7700.jpg,mixed,0,0.5275665,0.413111,0.5389735,0.434963,False
land_pad__7725.jpg,mixed,0,0.4838405,0.41623350000000003,0.49619749999999996,0.4360045,False
land_pad__7750.jpg,mixed,0,0.45722450000000003,0.434964,0.4695815,0.456816,False
land_pad__7775.jpg,mixed,0,0.45057,0.46826199999999996,0.463878,0.489074,False
land_pad__7800.jpg,mixed,0,0.4420155,0.517169,0.45342249999999995,0.537981,False
land_pad__7825.jpg,mixed,0,0.43821350000000003,0.569199,0.4505705,0.591051,False
land_pad__7850.jpg,mixed,0,0.4524715,0.623309,0.4648285,0.644121,False
land_pad__7875.jpg,mixed,0,0.46958150000000004,0.661811,0.4819385,0.683663,False
land_pad__7900.jpg,mixed,0,0.43346,0.6711754999999999,0.446768,0.6940685,False
land_pad__7925.jpg,mixed,0,0.3982895,0.6784600000000001,0.41064649999999997,0.700312,False
land_pad__7950.jpg,mixed,0,0.4106465,0.710718,0.4230035,0.73153,False
land_pad__7975.jpg,mixed,0,0.411597,0.7148804999999999,0.424905,0.7377735,False
land_pad__8000.jpg,mixed,0,0.39258550000000003,0.6524455,0.4049425,0.6722165,False
land_pad__8025.jpg,mixed,0,0.363118,0.5275755,0.376426,0.5473465,True
land_pad__8050.jpg,mixed,0,0.3327,0.4661815,0.346008,0.4859525,False
land_pad__8075.jpg,mixed,0,0.3165405,0.450572,0.32889749999999995,0.471384,False
land_pad__8100.jpg,mixed,0,0.28327,0.443288,0.296578,0.46201800000000004,True
land_pad__8125.jpg,mixed,0,0.27756650000000005,0.42247599999999996,0.2899235,0.443288,True
land_pad__8150.jpg,mixed,0,0.27756650000000005,0.3975025,0.2899235,0.41727349999999996,True
land_pad__8175.jpg,mixed,0,0.26901149999999996,0.397503,0.2804185,0.415193,False
land_pad__8200.jpg,mixed,0,0.25570350000000003,0.4079085,0.2680605,0.42455750000000003,True
land_pad__8225.jpg,mixed,0,0.2614065,0.412071,0.27281350000000004,0.429761,False
land_pad__8250.jpg,mixed,0,0.28327050000000004,0.41103,0.2956275,0.42976000000000003,False
land_pad__8275.jpg,mixed,0,0.26901149999999996,0.39750199999999997,0.2804185,0.418314,False
land_pad__8300.jpg,mixed,0,0.250951,0.3714885,0.26425899999999997,0.3954215,True
land_pad__8325.jpg,mixed,0,0.23764249999999998,0.36420349999999996,0.2528515,0.3870965,False
land_pad__8350.jpg,mixed,0,0.201521,0.3444325,0.217681,0.3704475,True
land_pad__8375.jpg,mixed,0,0.1720535,0.3205,0.1929665,0.35692,True
land_pad__8400.jpg,mixed,0,0.189164,0.314256,0.212928,0.352758,True
land_pad__8425.jpg,mixed,0,0.3013305,0.408949,0.32224349999999996,0.444329,True
land_pad__8450.jpg,mixed,0,0.4828895,0.30281,0.5019005000000001,0.33923000000000003,True
land_pad__8475.jpg,mixed,0,0.644487,0.169615,0.6673009999999999,0.206035,True
land_pad__8500.jpg,mixed,0,0.7100765,0.2029135,0.7319395,0.2372525,True
land_pad__8525.jpg,mixed,0,0.6768065,0.314256,0.6986694999999999,0.350676,True
land_pad__8550.jpg,mixed,0,0.6406850000000001,0.3277835,0.664449,0.3610825,True
land_pad__8575.jpg,mixed,0,0.678707,0.324662,0.7015210000000001,0.361082,True
land_pad__8600.jpg,mixed,0,0.6596955,0.24453699999999998,0.6844105,0.27991699999999997,True
land_pad__8625.jpg,mixed,0,0.6368825,0.201873,0.6615975000000001,0.238293,True
land_pad__8650.jpg,mixed,0,0.624525,0.185224,0.6473390000000001,0.217482,True
land_pad__8675.jpg,mixed,0,0.589353,0.25390199999999996,0.6121669999999999,0.292404,True
land_pad__8700.jpg,mixed,0,0.5313685,0.302809,0.5560835000000001,0.34131100000000003,True
land_pad2__2050.jpg,mixed,0,0.5057035000000001,0.3631635,0.9039925,0.9677425,True
land_pad2__2075.jpg,mixed,0,0.0009510000000000074,0.431842,0.325095,0.9927159999999999,True
land_pad2__2100.jpg,mixed,0,0.04562749999999999,0.439126,0.4306085,0.992716,True
land_pad2__2125.jpg,mixed,0,0.168251,0.45265349999999993,0.554183,1.0,True
land_pad2__2150.jpg,mixed,0,0.15589400000000003,0.17273700000000003,0.51616,0.797087,True
land_pad2__2175.jpg,mixed,0,0.13308000000000003,0.005203000000000013,0.5028520000000001,0.551509,True
land_pad2__2200.jpg,mixed,0,0.274715,0.023933499999999996,0.681559,0.6357965000000001,True
land_pad2__2225.jpg,mixed,0,0.40304199999999996,0.009365499999999971,0.843156,0.6649324999999999,True
land_pad2__2250.jpg,mixed,0,0.398289,0.04578600000000005,0.8174910000000001,0.724246,True
land_pad2__2275.jpg,mixed,0,0.49144499999999997,0.08428750000000002,0.884981,0.7398545000000001,True
land_pad2__2300.jpg,mixed,0,0.6064639999999999,0.011446500000000026,1.0,0.6659735,True
land_pad2__2325.jpg,mixed,0,0.155894,0.05098849999999999,0.56654,0.7304895,True
land_pad2__2350.jpg,mixed,0,0.21768099999999999,0.10613900000000004,0.641635,0.799167,True
land_pad2__2375.jpg,mixed,0,0.284221,0.150885,0.6777569999999999,0.8480749999999999,True
land_pad2__2400.jpg,mixed,0,0.228137,0.19875150000000003,0.724335,0.9469305000000001,True
land_pad2__2425.jpg,mixed,0,0.24524750000000003,0.27055199999999996,0.7233845,1.0,True
land_pad2__2450.jpg,mixed,0,0.177757,0.250781,0.847909,0.997919,True
land_pad2__2475.jpg,mixed,0,0.1330805,0.06139450000000002,0.9752855,0.9947975,True
land_pad2__2500.jpg,mixed,0,0.16254799999999997,0.020812000000000053,0.91635,1.0,True
land_pad2__2525.jpg,mixed,0,0.058936000000000044,0.022893000000000052,0.989544,0.980229,True
