frame_id,label_sha256,label_text
land_pad__6500.jpg,51640b1d3de4656f6fc1afc64a4ee6f2748ebf4805253d426bf9a255b2077bc4,"0 0.670627 0.287721 0.018061 0.023933
"
land_pad__6525.jpg,a225e211cd8c78fb20fafc8d2bae4ec34350075954198e5c0976be37f451ca98,"0 0.654943 0.292404 0.019011 0.024974
"
land_pad__6550.jpg,5a1f431305ee0e535c35e9b11bd869aff299fdd8c2092bcaef90b049c2665d8a,"0 0.641635 0.297086 0.019011 0.028096
"
land_pad__6575.jpg,1cdbf293aaf7ae8cb877ff159c3f9acacddcbb27756bd62e05761b9c6d68e5d8,"0 0.634506 0.302289 0.018061 0.023933
"
land_pad__6600.jpg,0a888f6e3db22380450ce475077cdc761aea1a93d924b5a8610e1bbf5e01c783,"0 0.610266 0.306972 0.022814 0.027055
"
land_pad__6625.jpg,e0331afcb3838a49f63c8b05e8444822a4c4a17297550d14295072767b2eee1e,"0 0.568916 0.297607 0.019962 0.022893
"
land_pad__6650.jpg,22128c3eb36a4e736b6d63a0dbf25d5fade603166a4dd06fe1140e4a31876c36,"0 0.550856 0.289802 0.01616 0.021852
"
land_pad__6675.jpg,75cbfbb4ed9de149c2e307da2c80e59ff9a36a5ca6153727227e4ada44470930,"0 0.551806 0.292404 0.01616 0.024974
"
land_pad__6700.jpg,614b9d7d3d2f5ccbc601ed8269ded8c028eefed6ed08ddc1c24cd5c1206ad28c,"0 0.554658 0.290843 0.018061 0.021852
"
land_pad__6725.jpg,f843aef58e57e1079596faeb8c6cdd242c1df4fd1dd2dc0f8992a12427eaabaa,"0 0.555608 0.289802 0.014259 0.023933
"
land_pad__6750.jpg,4ecc60fb612d47f3815ee45761d6b04bdc7eb9b70bc29f08faac99438bafcdb9,"0 0.555133 0.287721 0.013308 0.021852
"
land_pad__6775.jpg,76b70d1a5ec5f4e4d1dc1b9176340df264f35f2e22e7801dea90c42faa8e71ec,"0 0.555608 0.28564 0.014259 0.021852
"
land_pad__6800.jpg,cfdcb5e2e7aa3fc57245480f2b3fedc37651f00272a10a86ed3fedb23808eeee,"0 0.554183 0.282518 0.015209 0.021852
"
land_pad__6825.jpg,6470a60aa4629edfe8401d4f2276e03ce0c5f0f65a3de13d508e44d47213052b,"0 0.553707 0.282518 0.014259 0.023933
"
land_pad__6850.jpg,74792a134bbddda5ca6a26446077fd3cd26577d5e5ccf3f5c1d9ab472102312d,"0 0.552281 0.283559 0.015209 0.021852
"
land_pad__7450.jpg,a41402090b64c18347e3a6039e8db77ce203fa4bad005c6adc2999722f1388dc,"0 0.719582 0.080125 0.015209 0.022893
"
land_pad__7475.jpg,1aa27389e1356d9403ae31f65ff7126170c031f625ef862de0f68cc030aab000,"0 0.722909 0.234651 0.014259 0.019771
"
land_pad__7500.jpg,bfd84ecfbd4ec5d72b0f501e42d1412017adc79d62c8bd517ac5a3296e9cf98a,"0 0.72576 0.352758 0.012357 0.020812
"
land_pad__7525.jpg,fae75b0bdd0da2a2173b1f8f695b61c180c975b8b20c82de4af92699d16aadee,"0 0.726236 0.41103 0.013308 0.01873
"
land_pad__7550.jpg,64b70e917d941aaea741efd961989aef80b398727e3ad7613b7f8ca9013b8c74,"0 0.717681 0.345994 0.013308 0.019771
"
land_pad__7575.jpg,6dc94ed95b986caeabfcc7487e14cf03b4fb4b13ec98fe8380643de4025d3b38,"0 0.681084 0.227888 0.012357 0.022893
"
land_pad__7600.jpg,e183472390793264f73d2b3f332dad845e0d9d60a08694f9d428153c75460490,"0 0.684886 0.235172 0.012357 0.020812
"
land_pad__7625.jpg,aaa875ddd2f0957fb2b9c4da67a7912027db8184c088fce971aec07a82012970,"0 0.673479 0.301769 0.012357 0.022893
"
land_pad__7650.jpg,27119e6cc6fc57030a61ee8cb893e1b60e63f534054b98a412620722a17c4ef9,"0 0.629753 0.380333 0.012357 0.021852
"
land_pad__7675.jpg,ed90aca892a3cdce05134ddc7296b93779d857214c265c21d1936420c9515aef,"0 0.574144 0.416233 0.013308 0.022893
"
land_pad__7700.jpg,f622f2d0702dbcd74931e960d44d3ded3bf2e4f89cfe50e0351d6c6fda826806,"0 0.53327 0.424037 0.011407 0.021852
"
land_pad__7725.jpg,07c5f6ae6fdfbc2e8eb929ec09c10656e4f61c9c89d531aebd4df5feb7ba0f57,"0 0.490019 0.426119 0.012357 0.019771
"
land_pad__7750.jpg,e71e71dc8f38697d37d835722e93d1af2d2c2ca3b53b2253630ea63af1ef5ed9,"0 0.463403 0.44589 0.012357 0.021852
"
land_pad__7775.jpg,2431eb43bb3b0f0b2f7d4f50193e501e23936c54ae1ff4ff81e9ebe2c1b15eeb,"0 0.457224 0.478668 0.013308 0.020812
"
land_pad__7800.jpg,7a87632277819d7ac47437d836bbdfc65fdc61d9bfa6e39a2cfc0c10f783ed14,"0 0.447719 0.527575 0.011407 0.020812
"
land_pad__7825.jpg,fa69b1c645b47b95c1a67c611c197318e1b431f8a50d433ead1b3c72c8fabaa0,"0 0.444392 0.580125 0.012357 0.021852
"
land_pad__7850.jpg,1914977714149ca3512dbbf5b11085cc5bca917dc8f3f709a6e63478eeb265cb,"0 0.45865 0.633715 0.012357 0.020812
"
land_pad__7875.jpg,382a4535877851ad6f81a72d77d4dfc42f8633522b2e760dad3955d9815e549d,"0 0.47576 0.672737 0.012357 0.021852
"
land_pad__7900.jpg,09a8a54e1c98155424e003c3df46b2c4085f7395840826499f0a478c23790099,"0 0.440114 0.682622 0.013308 0.022893
"
land_pad__7925.jpg,6fac819e94f2b891da38a222c0a0e31059776a01029fcaf417554c241a7945b5,"0 0.404468 0.689386 0.012357 0.021852
"
land_pad__7950.jpg,96ee3b57f5f46a295614aea5e91c21e4feb7206658ffa198dbd3f2cb1260308b,"0 0.416825 0.721124 0.012357 0.020812
"
land_pad__7975.jpg,c2f73ab38e8cd0161363ad8cf51cf00c0c8f6b0926d16e03651932f09dd84cb9,"0 0.418251 0.726327 0.013308 0.022893
"
land_pad__8000.jpg,e4063174117555e4428cce002dc8a98e9bf23e4d6b30c358920afe7a57076316,"0 0.398764 0.662331 0.012357 0.019771
"
land_pad__8025.jpg,861ec79b6bbc53a6b72b304eeb9bf1e9a49f237f867092c802673d061fd65c73,"0 0.369772 0.537461 0.013308 0.019771
"
land_pad__8050.jpg,6381539e7c66c71ef65a8c07ec9845cf2d022203cda45117f9bf1fc341b4a027,"0 0.339354 0.476067 0.013308 0.019771
"
land_pad__8075.jpg,46b1724f5962af05fd7c22a9b4fef5f4487a39c8e17be08b99f48331ad03fe3c,"0 0.322719 0.460978 0.012357 0.020812
"
land_pad__8100.jpg,d5c2b4b7723d1d633c7ae3c00ac74ed274d44f71c1387b0dd2b60ebf29940a0b,"0 0.289924 0.452653 0.013308 0.01873
"
land_pad__8125.jpg,27beb29c2af8b4a70484de5a0bc24ae5bbe85f60ae1ccb0630f183fa792b80f5,"0 0.283745 0.432882 0.012357 0.020812
"
land_pad__8150.jpg,f87d536456b0afe650f6a108d8c488589e2376836039e0be750998cd01c113d7,"0 0.283745 0.407388 0.012357 0.019771
"
land_pad__8175.jpg,8e3f21d654597bf9573cc454e5ae15597d0465ac6b36c26faa707ba8a55b2a87,"0 0.274715 0.406348 0.011407 0.01769
"
land_pad__8200.jpg,7d278bcae45692204724bf60164ca0d1a1e911ce88929e6191f092853b6b1b07,"0 0.261882 0.416233 0.012357 0.016649
"
land_pad__8225.jpg,7c7e2e2e273f9d87235a36c1bbf1d200b48c90860ddd407a67f445571f0ad3d0,"0 0.26711 0.420916 0.011407 0.01769
"
land_pad__8250.jpg,d0a7dd237afab2a948411292c50dee46a64bde0d8a6a728823d8de0fdfbba94c,"0 0.289449 0.420395 0.012357 0.01873
"
land_pad__8275.jpg,673dc179246af7e819c5b3eb2656fb351bf195c1b672d1ffe569d42cb767a3db,"0 0.274715 0.407908 0.011407 0.020812
"
land_pad__8300.jpg,2a0e8af2f45359532c43447ac2a264750429ee0827e43d1b8816564b34f64a04,"0 0.257605 0.383455 0.013308 0.023933
"
land_pad__8325.jpg,3d08310e00486ca341ff468be021dda220469547b4c03249660ac6adb4a99e33,"0 0.245247 0.37565 0.015209 0.022893
"
land_pad__8350.jpg,6f5c30072dd8aed52ba6e47151b47d631a9d03fac6eae1ef886f9f10f8255a02,"0 0.209601 0.35744 0.01616 0.026015
"
land_pad__8375.jpg,20a2d735e2941f3cce972e5dfa72de4c69d210fbd58021374a0417dcf669dfb6,"0 0.18251 0.33871 0.020913 0.03642
"
land_pad__8400.jpg,63db1ef5ee99ea091e26fe063564f75e3fc98171de4493b444e7107a8b20ddb4,"0 0.201046 0.333507 0.023764 0.038502
"
land_pad__8425.jpg,de72004ecea516562b59c15a59db3a200e2f28f9a439546e8afdb81ceca42cd1,"0 0.311787 0.426639 0.020913 0.03538
"
land_pad__8450.jpg,30d8adbc2b59f778834b2c7163397040c27c065f14d643a5968a53b7d9c4a59c,"0 0.492395 0.32102 0.019011 0.03642
"
land_pad__8475.jpg,bfd53fbe9fa7d5111a610202c9319d80af21f6c46cae2d68c104a7371103e2fc,"0 0.655894 0.187825 0.022814 0.03642
"
land_pad__8500.jpg,39c15a955cf0d48ea5684547981f730961781f42f5c888d0989a5234df91e0d3,"0 0.721008 0.220083 0.021863 0.034339
"
land_pad__8525.jpg,ba7e0af43190f33a32c699ce98effe7439e2f5c9bd8b92a29001cbe940083914,"0 0.687738 0.332466 0.021863 0.03642
"
land_pad__8550.jpg,abe728f55db27701c50ca734a5ff477dfa015818a4b35579c48ca9948b001eb4,"0 0.652567 0.344433 0.023764 0.033299
"
land_pad__8575.jpg,3917186d66aaac29c9c932039d5522defe50ddf1e3904931ffcc8488d10e2844,"0 0.690114 0.342872 0.022814 0.03642
"
land_pad__8600.jpg,fdeaccaa9616dfaae97b5ac9222550e439be7cdbdea5273b8f5d4103ee939d5c,"0 0.672053 0.262227 0.024715 0.03538
"
land_pad__8625.jpg,728462766d04d009381c42cf092cf98cc7d0794f8a695b8951a87570a8b97b17,"0 0.64924 0.220083 0.024715 0.03642
"
land_pad__8650.jpg,ff4085f86e6e9e435405d9ed6332dd3b537ebf159e6deb128d8b9b2fa4aa818f,"0 0.635932 0.201353 0.022814 0.032258
"
land_pad__8675.jpg,640c4d7ea3b82b7502d6645f89121e8aa4f4eef1ea255e643ab5de2bda3ecea3,"0 0.60076 0.273153 0.022814 0.038502
"
land_pad__8700.jpg,2cf5490ce6ba072437b1d6c6550530cf67f62b5ea7daf1d7b9130eb303a7b473,"0 0.543726 0.32206 0.024715 0.038502
"
land_pad2__2050.jpg,8ffb1d0c2394b602444712861260aa08f81e6946b446a7f508f1cf5cef1d606a,"0 0.704848 0.665453 0.398289 0.604579
"
land_pad2__2075.jpg,15ed271e590c558ae8cc002c04dc9a12b58614a8af93e45780e78200db22c784,"0 0.163023 0.712279 0.324144 0.560874
"
land_pad2__2100.jpg,1c37612c3da22a1789eeac00653a09f81f88415be654db1125b706576c515fa7,"0 0.238118 0.715921 0.384981 0.55359
"
land_pad2__2125.jpg,15f2062c83f2eaac61ca91c6bdd3725c84c1c45e85b32e5faeae05d5b268df4f,"0 0.361217 0.726327 0.385932 0.547347
"
land_pad2__2150.jpg,9db83eaa76388abd9e5a5f7f23621d0172c094f12040f6720a7d546fc1a6b739,"0 0.336027 0.484912 0.360266 0.62435
"
land_pad2__2175.jpg,05899dd9d3244d37e156a2f1a121d069322785b3edce8ef3bf858d99a20f2423,"0 0.317966 0.278356 0.369772 0.546306
"
land_pad2__2200.jpg,a8787464b834a02b138f68699fc43132018a75c0b4cbaffb87d70c88006684cf,"0 0.478137 0.329865 0.406844 0.611863
"
land_pad2__2225.jpg,a1316a0b2db08400fecdf9aba41cec5a34d7b582e5ceca7f6ad023c5198d4e4c,"0 0.623099 0.337149 0.440114 0.655567
"
land_pad2__2250.jpg,005da16c9d31660c8e7a9a5bb0de5311e8e512128a6997d0cdbebc8b459ed3b4,"0 0.60789 0.385016 0.419202 0.67846
"
land_pad2__2275.jpg,66737c94ff8dea0dd8c60616a44cceb639e580dec57e03df38a92e3f7772c2d9,"0 0.688213 0.412071 0.393536 0.655567
"
land_pad2__2300.jpg,bbf3727844a751e7941202dd81992a31aea89335af63cd0f73d6bc5391829df1,"0 0.803232 0.33871 0.393536 0.654527
"
land_pad2__2325.jpg,8115abe25864ddb8484b4f947fa2ce2b0b4ffafea9cdb7a95e81c15e400cd229,"0 0.361217 0.390739 0.410646 0.679501
"
land_pad2__2350.jpg,f96774afce2c68c35b0dba5a3e713f5cc4dac45924c9e60fe6a1bd1e3057d6fe,"0 0.429658 0.452653 0.423954 0.693028
"
land_pad2__2375.jpg,9328787568a6a854d195226aa4cac467034b0f3082b4e794e9201c43e43e35a4,"0 0.480989 0.49948 0.393536 0.69719
"
land_pad2__2400.jpg,0f5f6db4ed15bffbd4dbc59f5714eacbcee65adc828257d1e61189c06a34fdc5,"0 0.476236 0.572841 0.496198 0.748179
"
land_pad2__2425.jpg,f177bc33fd0664ea11c9977630952ad43ae4fc8d0d637aa066d2b9f95b7bd82f,"0 0.484316 0.635276 0.478137 0.729448
"
land_pad2__2450.jpg,cf93b05f5e2ec1926ba80f638ac135fcb54fb55cb298d9bfec3151eefc85eac3,"0 0.512833 0.62435 0.670152 0.747138
"
land_pad2__2475.jpg,b586cf3c1d58c05d3672ae7496cca9e09bd1e71ebc2424bc1e7681dfb1dfef32,"0 0.554183 0.528096 0.842205 0.933403
"
land_pad2__2500.jpg,59d6b983a0b7f45d21944014720d51e468b3f63f3e4cc0d5fda056fbbdcae626,"0 0.539449 0.510406 0.753802 0.979188
"
land_pad2__2525.jpg,b6210b6e877cf704d786f59eec447f613daccb2e33243f45d62c144995f27015,"0 0.52424 0.501561 0.930608 0.957336
"
