frame_id,dose_index,gt_x0,gt_y0,gt_x1,gt_y1,box_pixel_area,mask_x0,mask_y0,mask_x1,mask_y1,mask_pixel_area,achieved_mask_image_fraction,target_index,masked_box_pixels,achieved_target_box_mask_fraction,visible_annotation_box_fraction
land_pad__6500.jpg,0,695,265,715,288,460,705,276,705,276,0,0.0,0,0,0.0,1.0
land_pad__6500.jpg,1,695,265,715,288,460,701,272,709,281,72,7.121858963452994e-05,0,72,0.1565217391304348,0.8434782608695652
land_pad__6500.jpg,2,695,265,715,288,460,699,270,710,283,143,0.0001414480321908025,0,143,0.3108695652173913,0.6891304347826087
land_pad__6500.jpg,3,695,265,715,288,460,698,269,711,284,195,0.00019288368026018523,0,195,0.42391304347826086,0.5760869565217391
land_pad__6500.jpg,4,695,265,715,288,460,697,267,712,285,270,0.00026706971112948726,0,270,0.5869565217391305,0.4130434782608695
land_pad__6500.jpg,5,695,265,715,288,460,696,266,713,286,340,0.0003363100066075025,0,340,0.7391304347826086,0.26086956521739135
land_pad__6525.jpg,0,679,269,699,294,500,689,281,689,281,0,0.0,0,0,0.0,1.0
land_pad__6525.jpg,1,679,269,699,294,500,685,276,693,286,80,7.913176626058882e-05,0,80,0.16,0.84
land_pad__6525.jpg,2,679,269,699,294,500,683,274,694,288,154,0.00015232865005163348,0,154,0.308,0.692
land_pad__6525.jpg,3,679,269,699,294,500,682,273,695,290,221,0.00021860150429487663,0,221,0.442,0.558
land_pad__6525.jpg,4,679,269,699,294,500,681,272,696,291,285,0.00028190691730334765,0,285,0.57,0.43000000000000005
land_pad__6525.jpg,5,679,269,699,294,500,680,270,697,292,374,0.0003699410072682527,0,374,0.748,0.252
land_pad__6550.jpg,0,665,271,685,299,560,675,285,675,285,0,0.0,0,0,0.0,1.0
land_pad__6550.jpg,1,665,271,685,299,560,671,279,679,290,88,8.704494288664771e-05,0,88,0.15714285714285714,0.8428571428571429
land_pad__6550.jpg,2,665,271,685,299,560,669,277,680,292,165,0.00016320926791246445,0,165,0.29464285714285715,0.7053571428571428
land_pad__6550.jpg,3,665,271,685,299,560,668,275,681,294,247,0.00024431932832956796,0,247,0.44107142857142856,0.5589285714285714
land_pad__6550.jpg,4,665,271,685,299,560,667,274,682,296,330,0.0003264185358249289,0,330,0.5892857142857143,0.4107142857142857
land_pad__6550.jpg,5,665,271,685,299,560,666,273,683,297,408,0.000403572007929003,0,408,0.7285714285714285,0.27142857142857146
land_pad__6575.jpg,0,658,278,678,302,480,668,290,668,290,0,0.0,0,0,0.0,1.0
land_pad__6575.jpg,1,658,278,678,302,480,664,285,672,294,72,7.121858963452994e-05,0,72,0.15,0.85
land_pad__6575.jpg,2,658,278,678,302,480,662,283,673,296,143,0.0001414480321908025,0,143,0.29791666666666666,0.7020833333333334
land_pad__6575.jpg,3,658,278,678,302,480,661,282,674,298,208,0.00020574259227753094,0,208,0.43333333333333335,0.5666666666666667
land_pad__6575.jpg,4,658,278,678,302,480,660,280,675,299,285,0.00028190691730334765,0,285,0.59375,0.40625
land_pad__6575.jpg,5,658,278,678,302,480,659,279,676,300,357,0.0003531255069378776,0,357,0.74375,0.25625
land_pad__6600.jpg,0,629,282,654,309,675,641,295,641,295,0,0.0,0,0,0.0,1.0
land_pad__6600.jpg,1,629,282,654,309,675,636,290,646,300,100,9.891470782573602e-05,0,100,0.14814814814814814,0.8518518518518519
land_pad__6600.jpg,2,629,282,654,309,675,634,288,648,303,210,0.00020772088643404566,0,210,0.3111111111111111,0.6888888888888889
land_pad__6600.jpg,3,629,282,654,309,675,633,286,650,304,306,0.00030267900594675224,0,306,0.4533333333333333,0.5466666666666666
land_pad__6600.jpg,4,629,282,654,309,675,632,285,651,306,399,0.00039466968422468673,0,399,0.5911111111111111,0.40888888888888886
land_pad__6600.jpg,5,629,282,654,309,675,630,284,652,307,506,0.0005005084215982243,0,506,0.7496296296296296,0.25037037037037035
land_pad__6625.jpg,0,587,275,609,298,506,598,286,598,286,0,0.0,0,0,0.0,1.0
land_pad__6625.jpg,1,587,275,609,298,506,593,282,602,291,81,8.012091333884618e-05,0,81,0.1600790513833992,0.8399209486166008
land_pad__6625.jpg,2,587,275,609,298,506,592,280,604,293,156,0.0001543069442081482,0,156,0.308300395256917,0.691699604743083
land_pad__6625.jpg,3,587,275,609,298,506,590,279,605,294,225,0.00022255809260790605,0,225,0.44466403162055335,0.5553359683794467
land_pad__6625.jpg,4,587,275,609,298,506,589,277,606,295,306,0.00030267900594675224,0,306,0.6047430830039525,0.3952569169960475
land_pad__6625.jpg,5,587,275,609,298,506,588,276,607,296,380,0.0003758758897377969,0,380,0.7509881422924901,0.2490118577075099
land_pad__6650.jpg,0,571,267,589,289,396,580,278,580,278,0,0.0,0,0,0.0,1.0
land_pad__6650.jpg,1,571,267,589,289,396,576,273,583,282,63,6.23162659302137e-05,0,63,0.1590909090909091,0.8409090909090909
land_pad__6650.jpg,2,571,267,589,289,396,575,272,585,284,120,0.00011869764939088324,0,120,0.30303030303030304,0.696969696969697
land_pad__6650.jpg,3,571,267,589,289,396,574,270,586,285,180,0.00017804647408632484,0,180,0.45454545454545453,0.5454545454545454
land_pad__6650.jpg,4,571,267,589,289,396,573,269,587,286,238,0.00023541700462525173,0,238,0.601010101010101,0.398989898989899
land_pad__6650.jpg,5,571,267,589,289,396,572,268,588,287,304,0.00030070071179023753,0,304,0.7676767676767676,0.23232323232323238
land_pad__6675.jpg,0,571,269,590,294,475,580,281,580,281,0,0.0,0,0,0.0,1.0
land_pad__6675.jpg,1,571,269,590,294,475,577,276,584,286,70,6.924029547801522e-05,0,70,0.14736842105263157,0.8526315789473684
land_pad__6675.jpg,2,571,269,590,294,475,575,274,585,288,140,0.00013848059095603044,0,140,0.29473684210526313,0.7052631578947368
land_pad__6675.jpg,3,571,269,590,294,475,574,273,587,290,221,0.00021860150429487663,0,221,0.4652631578947368,0.5347368421052632
land_pad__6675.jpg,4,571,269,590,294,475,573,272,588,291,285,0.00028190691730334765,0,285,0.6,0.4
land_pad__6675.jpg,5,571,269,590,294,475,572,270,588,292,352,0.00034817977154659083,0,352,0.7410526315789474,0.2589473684210526
land_pad__6700.jpg,0,574,269,594,291,440,584,280,584,280,0,0.0,0,0,0.0,1.0
land_pad__6700.jpg,1,574,269,594,291,440,580,275,588,284,72,7.121858963452994e-05,0,72,0.16363636363636364,0.8363636363636364
land_pad__6700.jpg,2,574,269,594,291,440,578,274,589,286,132,0.00013056741432997156,0,132,0.3,0.7
land_pad__6700.jpg,3,574,269,594,291,440,577,272,590,287,195,0.00019288368026018523,0,195,0.4431818181818182,0.5568181818181819
land_pad__6700.jpg,4,574,269,594,291,440,576,271,591,288,255,0.00025223250495562687,0,255,0.5795454545454546,0.4204545454545454
land_pad__6700.jpg,5,574,269,594,291,440,575,270,592,289,323,0.00031949450627712735,0,323,0.7340909090909091,0.2659090909090909
land_pad__6725.jpg,0,576,266,592,290,384,584,278,584,278,0,0.0,0,0,0.0,1.0
land_pad__6725.jpg,1,576,266,592,290,384,581,273,587,282,54,5.3413942225897455e-05,0,54,0.140625,0.859375
land_pad__6725.jpg,2,576,266,592,290,384,579,271,588,284,117,0.00011573020815611115,0,117,0.3046875,0.6953125
land_pad__6725.jpg,3,576,266,592,290,384,578,270,589,286,176,0.00017408988577329542,0,176,0.4583333333333333,0.5416666666666667
land_pad__6725.jpg,4,576,266,592,290,384,578,268,590,287,228,0.00022552553384267815,0,228,0.59375,0.40625
land_pad__6725.jpg,5,576,266,592,290,384,577,267,591,288,294,0.0002908092410076639,0,294,0.765625,0.234375
land_pad__6750.jpg,0,576,265,591,287,330,583,276,583,276,0,0.0,0,0,0.0,1.0
land_pad__6750.jpg,1,576,265,591,287,330,580,271,586,280,54,5.3413942225897455e-05,0,54,0.16363636363636364,0.8363636363636364
land_pad__6750.jpg,2,576,265,591,287,330,579,270,587,282,96,9.495811951270658e-05,0,96,0.2909090909090909,0.7090909090909091
land_pad__6750.jpg,3,576,265,591,287,330,578,268,588,283,150,0.00014837206173860402,0,150,0.45454545454545453,0.5454545454545454
land_pad__6750.jpg,4,576,265,591,287,330,577,267,589,284,204,0.0002017860039645015,0,204,0.6181818181818182,0.38181818181818183
land_pad__6750.jpg,5,576,265,591,287,330,577,266,590,285,247,0.00024431932832956796,0,247,0.7484848484848485,0.25151515151515147
land_pad__6775.jpg,0,576,264,592,285,336,584,274,584,274,0,0.0,0,0,0.0,1.0
land_pad__6775.jpg,1,576,264,592,285,336,581,270,587,278,48,4.747905975635329e-05,0,48,0.14285714285714285,0.8571428571428572
land_pad__6775.jpg,2,576,264,592,285,336,579,268,588,280,108,0.00010682788445179491,0,108,0.32142857142857145,0.6785714285714286
land_pad__6775.jpg,3,576,264,592,285,336,578,267,589,281,154,0.00015232865005163348,0,154,0.4583333333333333,0.5416666666666667
land_pad__6775.jpg,4,576,264,592,285,336,578,266,590,282,192,0.00018991623902541317,0,192,0.5714285714285714,0.4285714285714286
land_pad__6775.jpg,5,576,264,592,285,336,577,265,591,283,252,0.0002492650637208548,0,252,0.75,0.25
land_pad__6800.jpg,0,575,260,592,282,374,583,271,583,271,0,0.0,0,0,0.0,1.0
land_pad__6800.jpg,1,575,260,592,282,374,580,266,587,275,63,6.23162659302137e-05,0,63,0.16844919786096257,0.8315508021390374
land_pad__6800.jpg,2,575,260,592,282,374,579,265,588,277,108,0.00010682788445179491,0,108,0.2887700534759358,0.7112299465240641
land_pad__6800.jpg,3,575,260,592,282,374,578,263,589,278,165,0.00016320926791246445,0,165,0.4411764705882353,0.5588235294117647
land_pad__6800.jpg,4,575,260,592,282,374,577,262,590,279,221,0.00021860150429487663,0,221,0.5909090909090909,0.40909090909090906
land_pad__6800.jpg,5,575,260,592,282,374,576,261,591,280,285,0.00028190691730334765,0,285,0.7620320855614974,0.23796791443850263
land_pad__6825.jpg,0,574,259,590,283,384,582,271,582,271,0,0.0,0,0,0.0,1.0
land_pad__6825.jpg,1,574,259,590,283,384,579,266,585,275,54,5.3413942225897455e-05,0,54,0.140625,0.859375
land_pad__6825.jpg,2,574,259,590,283,384,577,264,586,277,117,0.00011573020815611115,0,117,0.3046875,0.6953125
land_pad__6825.jpg,3,574,259,590,283,384,576,263,587,279,176,0.00017408988577329542,0,176,0.4583333333333333,0.5416666666666667
land_pad__6825.jpg,4,574,259,590,283,384,576,261,588,280,228,0.00022552553384267815,0,228,0.59375,0.40625
land_pad__6825.jpg,5,574,259,590,283,384,575,260,589,281,294,0.0002908092410076639,0,294,0.765625,0.234375
land_pad__6850.jpg,0,572,262,589,284,374,580,273,580,273,0,0.0,0,0,0.0,1.0
land_pad__6850.jpg,1,572,262,589,284,374,577,268,584,277,63,6.23162659302137e-05,0,63,0.16844919786096257,0.8315508021390374
land_pad__6850.jpg,2,572,262,589,284,374,576,267,585,279,108,0.00010682788445179491,0,108,0.2887700534759358,0.7112299465240641
land_pad__6850.jpg,3,572,262,589,284,374,575,265,586,280,165,0.00016320926791246445,0,165,0.4411764705882353,0.5588235294117647
land_pad__6850.jpg,4,572,262,589,284,374,574,264,587,281,221,0.00021860150429487663,0,221,0.5909090909090909,0.40909090909090906
land_pad__6850.jpg,5,572,262,589,284,374,573,263,588,282,285,0.00028190691730334765,0,285,0.7620320855614974,0.23796791443850263
land_pad__7450.jpg,0,749,66,766,89,391,757,77,757,77,0,0.0,0,0,0.0,1.0
land_pad__7450.jpg,1,749,66,766,89,391,754,73,761,82,63,6.23162659302137e-05,0,63,0.16112531969309463,0.8388746803069054
land_pad__7450.jpg,2,749,66,766,89,391,753,71,762,84,117,0.00011573020815611115,0,117,0.29923273657289,0.70076726342711
land_pad__7450.jpg,3,749,66,766,89,391,752,70,763,85,165,0.00016320926791246445,0,165,0.4219948849104859,0.578005115089514
land_pad__7450.jpg,4,749,66,766,89,391,751,68,764,86,234,0.0002314604163122223,0,234,0.59846547314578,0.40153452685422
land_pad__7450.jpg,5,749,66,766,89,391,750,67,765,87,300,0.00029674412347720805,0,300,0.7672634271099744,0.23273657289002558
land_pad__7475.jpg,0,753,215,769,235,320,761,225,761,225,0,0.0,0,0,0.0,1.0
land_pad__7475.jpg,1,753,215,769,235,320,758,221,764,229,48,4.747905975635329e-05,0,48,0.15,0.85
land_pad__7475.jpg,2,753,215,769,235,320,756,219,765,230,99,9.792556074747866e-05,0,99,0.309375,0.690625
land_pad__7475.jpg,3,753,215,769,235,320,755,218,766,231,143,0.0001414480321908025,0,143,0.446875,0.553125
land_pad__7475.jpg,4,753,215,769,235,320,755,217,767,232,180,0.00017804647408632484,0,180,0.5625,0.4375
land_pad__7475.jpg,5,753,215,769,235,320,754,216,768,233,238,0.00023541700462525173,0,238,0.74375,0.25625
land_pad__7500.jpg,0,756,329,770,350,294,763,339,763,339,0,0.0,0,0,0.0,1.0
land_pad__7500.jpg,1,756,329,770,350,294,760,335,765,343,40,3.956588313029441e-05,0,40,0.1360544217687075,0.8639455782312925
land_pad__7500.jpg,2,756,329,770,350,294,759,333,767,345,96,9.495811951270658e-05,0,96,0.32653061224489793,0.6734693877551021
land_pad__7500.jpg,3,756,329,770,350,294,758,332,767,346,126,0.0001246325318604274,0,126,0.42857142857142855,0.5714285714285714
land_pad__7500.jpg,4,756,329,770,350,294,757,331,768,347,176,0.00017408988577329542,0,176,0.5986394557823129,0.4013605442176871
land_pad__7500.jpg,5,756,329,770,350,294,757,330,769,348,216,0.00021365576890358982,0,216,0.7346938775510204,0.26530612244897955
land_pad__7525.jpg,0,757,386,772,404,270,764,395,764,395,0,0.0,0,0,0.0,1.0
land_pad__7525.jpg,1,757,386,772,404,270,761,391,767,398,42,4.154417728680913e-05,0,42,0.15555555555555556,0.8444444444444444
land_pad__7525.jpg,2,757,386,772,404,270,760,390,768,400,80,7.913176626058882e-05,0,80,0.2962962962962963,0.7037037037037037
land_pad__7525.jpg,3,757,386,772,404,270,759,389,769,401,120,0.00011869764939088324,0,120,0.4444444444444444,0.5555555555555556
land_pad__7525.jpg,4,757,386,772,404,270,758,388,770,402,168,0.00016617670914723651,0,168,0.6222222222222222,0.37777777777777777
land_pad__7525.jpg,5,757,386,772,404,270,758,387,771,403,208,0.00020574259227753094,0,208,0.7703703703703704,0.22962962962962963
land_pad__7550.jpg,0,748,323,763,343,300,755,333,755,333,0,0.0,0,0,0.0,1.0
land_pad__7550.jpg,1,748,323,763,343,300,752,329,758,337,48,4.747905975635329e-05,0,48,0.16,0.84
land_pad__7550.jpg,2,748,323,763,343,300,751,327,759,338,88,8.704494288664771e-05,0,88,0.29333333333333333,0.7066666666666667
land_pad__7550.jpg,3,748,323,763,343,300,750,326,760,339,130,0.00012858912017345682,0,130,0.43333333333333335,0.5666666666666667
land_pad__7550.jpg,4,748,323,763,343,300,749,325,761,340,180,0.00017804647408632484,0,180,0.6,0.4
land_pad__7550.jpg,5,748,323,763,343,300,749,324,762,341,221,0.00021860150429487663,0,221,0.7366666666666667,0.2633333333333333
land_pad__7575.jpg,0,710,208,724,231,322,717,219,717,219,0,0.0,0,0,0.0,1.0
land_pad__7575.jpg,1,710,208,724,231,322,714,215,719,224,45,4.451161852158121e-05,0,45,0.13975155279503104,0.860248447204969
land_pad__7575.jpg,2,710,208,724,231,322,713,213,721,226,104,0.00010287129613876547,0,104,0.32298136645962733,0.6770186335403727
land_pad__7575.jpg,3,710,208,724,231,322,712,212,721,227,135,0.00013353485556474363,0,135,0.4192546583850932,0.5807453416149069
land_pad__7575.jpg,4,710,208,724,231,322,711,210,722,228,198,0.00019585112149495733,0,198,0.6149068322981367,0.3850931677018633
land_pad__7575.jpg,5,710,208,724,231,322,711,209,723,229,240,0.00023739529878176647,0,240,0.7453416149068323,0.25465838509316774
land_pad__7600.jpg,0,714,216,727,237,273,720,226,720,226,0,0.0,0,0,0.0,1.0
land_pad__7600.jpg,1,714,216,727,237,273,718,222,723,230,40,3.956588313029441e-05,0,40,0.14652014652014653,0.8534798534798534
land_pad__7600.jpg,2,714,216,727,237,273,717,220,724,232,84,8.308835457361826e-05,0,84,0.3076923076923077,0.6923076923076923
land_pad__7600.jpg,3,714,216,727,237,273,716,219,725,233,126,0.0001246325318604274,0,126,0.46153846153846156,0.5384615384615384
land_pad__7600.jpg,4,714,216,727,237,273,715,218,725,234,160,0.00015826353252117764,0,160,0.5860805860805861,0.4139194139194139
land_pad__7600.jpg,5,714,216,727,237,273,715,217,726,235,198,0.00019585112149495733,0,198,0.7252747252747253,0.27472527472527475
land_pad__7625.jpg,0,702,278,715,302,312,708,290,708,290,0,0.0,0,0,0.0,1.0
land_pad__7625.jpg,1,702,278,715,302,312,706,285,711,294,45,4.451161852158121e-05,0,45,0.14423076923076922,0.8557692307692308
land_pad__7625.jpg,2,702,278,715,302,312,705,283,712,296,91,9.001238412141978e-05,0,91,0.2916666666666667,0.7083333333333333
land_pad__7625.jpg,3,702,278,715,302,312,704,282,713,298,144,0.0001424371792690599,0,144,0.46153846153846156,0.5384615384615384
land_pad__7625.jpg,4,702,278,715,302,312,703,280,713,299,190,0.00018793794486889845,0,190,0.6089743589743589,0.3910256410256411
land_pad__7625.jpg,5,702,278,715,302,312,703,279,714,300,231,0.0002284929750774502,0,231,0.7403846153846154,0.2596153846153846
land_pad__7650.jpg,0,656,355,669,376,273,662,365,662,365,0,0.0,0,0,0.0,1.0
land_pad__7650.jpg,1,656,355,669,376,273,660,361,665,369,40,3.956588313029441e-05,0,40,0.14652014652014653,0.8534798534798534
land_pad__7650.jpg,2,656,355,669,376,273,659,359,666,371,84,8.308835457361826e-05,0,84,0.3076923076923077,0.6923076923076923
land_pad__7650.jpg,3,656,355,669,376,273,658,358,667,372,126,0.0001246325318604274,0,126,0.46153846153846156,0.5384615384615384
land_pad__7650.jpg,4,656,355,669,376,273,657,357,667,373,160,0.00015826353252117764,0,160,0.5860805860805861,0.4139194139194139
land_pad__7650.jpg,5,656,355,669,376,273,657,356,668,374,198,0.00019585112149495733,0,198,0.7252747252747253,0.27472527472527475
land_pad__7675.jpg,0,596,388,611,411,345,603,399,603,399,0,0.0,0,0,0.0,1.0
land_pad__7675.jpg,1,596,388,611,411,345,600,395,606,404,54,5.3413942225897455e-05,0,54,0.1565217391304348,0.8434782608695652
land_pad__7675.jpg,2,596,388,611,411,345,599,393,607,406,104,0.00010287129613876547,0,104,0.30144927536231886,0.6985507246376812
land_pad__7675.jpg,3,596,388,611,411,345,598,392,608,407,150,0.00014837206173860402,0,150,0.43478260869565216,0.5652173913043479
land_pad__7675.jpg,4,596,388,611,411,345,597,390,609,408,216,0.00021365576890358982,0,216,0.6260869565217392,0.3739130434782608
land_pad__7675.jpg,5,596,388,611,411,345,597,389,610,409,260,0.00025717824034691365,0,260,0.7536231884057971,0.24637681159420288
land_pad__7700.jpg,0,554,396,568,418,308,561,407,561,407,0,0.0,0,0,0.0,1.0
land_pad__7700.jpg,1,554,396,568,418,308,558,402,563,411,45,4.451161852158121e-05,0,45,0.1461038961038961,0.8538961038961039
land_pad__7700.jpg,2,554,396,568,418,308,557,401,565,413,96,9.495811951270658e-05,0,96,0.3116883116883117,0.6883116883116883
land_pad__7700.jpg,3,554,396,568,418,308,556,399,565,414,135,0.00013353485556474363,0,135,0.4383116883116883,0.5616883116883117
land_pad__7700.jpg,4,554,396,568,418,308,555,398,566,415,187,0.00018497050363412636,0,187,0.6071428571428571,0.3928571428571429
land_pad__7700.jpg,5,554,396,568,418,308,555,397,567,416,228,0.00022552553384267815,0,228,0.7402597402597403,0.2597402597402597
land_pad__7725.jpg,0,509,400,522,420,260,515,410,515,410,0,0.0,0,0,0.0,1.0
land_pad__7725.jpg,1,509,400,522,420,260,513,406,518,414,40,3.956588313029441e-05,0,40,0.15384615384615385,0.8461538461538461
land_pad__7725.jpg,2,509,400,522,420,260,512,404,519,415,77,7.616432502581674e-05,0,77,0.29615384615384616,0.7038461538461538
land_pad__7725.jpg,3,509,400,522,420,260,511,403,520,416,117,0.00011573020815611115,0,117,0.45,0.55
land_pad__7725.jpg,4,509,400,522,420,260,510,402,520,417,150,0.00014837206173860402,0,150,0.5769230769230769,0.42307692307692313
land_pad__7725.jpg,5,509,400,522,420,260,510,401,521,418,187,0.00018497050363412636,0,187,0.7192307692307692,0.28076923076923077
land_pad__7750.jpg,0,481,418,494,440,286,487,429,487,429,0,0.0,0,0,0.0,1.0
land_pad__7750.jpg,1,481,418,494,440,286,485,424,490,433,45,4.451161852158121e-05,0,45,0.15734265734265734,0.8426573426573427
land_pad__7750.jpg,2,481,418,494,440,286,484,423,491,435,84,8.308835457361826e-05,0,84,0.2937062937062937,0.7062937062937062
land_pad__7750.jpg,3,481,418,494,440,286,483,421,492,436,135,0.00013353485556474363,0,135,0.47202797202797203,0.5279720279720279
land_pad__7750.jpg,4,481,418,494,440,286,482,420,492,437,170,0.00016815500330375125,0,170,0.5944055944055944,0.4055944055944056
land_pad__7750.jpg,5,481,418,494,440,286,482,419,493,438,209,0.0002067317393557883,0,209,0.7307692307692307,0.2692307692307693
land_pad__7775.jpg,0,473,449,488,471,330,480,460,480,460,0,0.0,0,0,0.0,1.0
land_pad__7775.jpg,1,473,449,488,471,330,477,455,483,464,54,5.3413942225897455e-05,0,54,0.16363636363636364,0.8363636363636364
land_pad__7775.jpg,2,473,449,488,471,330,476,454,484,466,96,9.495811951270658e-05,0,96,0.2909090909090909,0.7090909090909091
land_pad__7775.jpg,3,473,449,488,471,330,475,452,485,467,150,0.00014837206173860402,0,150,0.45454545454545453,0.5454545454545454
land_pad__7775.jpg,4,473,449,488,471,330,474,451,486,468,204,0.0002017860039645015,0,204,0.6181818181818182,0.38181818181818183
land_pad__7775.jpg,5,473,449,488,471,330,474,450,487,469,247,0.00024431932832956796,0,247,0.7484848484848485,0.25151515151515147
land_pad__7800.jpg,0,465,496,478,517,273,471,506,471,506,0,0.0,0,0,0.0,1.0
land_pad__7800.jpg,1,465,496,478,517,273,469,502,474,510,40,3.956588313029441e-05,0,40,0.14652014652014653,0.8534798534798534
land_pad__7800.jpg,2,465,496,478,517,273,468,500,475,512,84,8.308835457361826e-05,0,84,0.3076923076923077,0.6923076923076923
land_pad__7800.jpg,3,465,496,478,517,273,467,499,476,513,126,0.0001246325318604274,0,126,0.46153846153846156,0.5384615384615384
land_pad__7800.jpg,4,465,496,478,517,273,466,498,476,514,160,0.00015826353252117764,0,160,0.5860805860805861,0.4139194139194139
land_pad__7800.jpg,5,465,496,478,517,273,466,497,477,515,198,0.00019585112149495733,0,198,0.7252747252747253,0.27472527472527475
land_pad__7825.jpg,0,461,547,475,569,308,468,558,468,558,0,0.0,0,0,0.0,1.0
land_pad__7825.jpg,1,461,547,475,569,308,465,553,470,562,45,4.451161852158121e-05,0,45,0.1461038961038961,0.8538961038961039
land_pad__7825.jpg,2,461,547,475,569,308,464,552,472,564,96,9.495811951270658e-05,0,96,0.3116883116883117,0.6883116883116883
land_pad__7825.jpg,3,461,547,475,569,308,463,550,472,565,135,0.00013353485556474363,0,135,0.4383116883116883,0.5616883116883117
land_pad__7825.jpg,4,461,547,475,569,308,462,549,473,566,187,0.00018497050363412636,0,187,0.6071428571428571,0.3928571428571429
land_pad__7825.jpg,5,461,547,475,569,308,462,548,474,567,228,0.00022552553384267815,0,228,0.7402597402597403,0.2597402597402597
land_pad__7850.jpg,0,476,598,489,620,286,482,609,482,609,0,0.0,0,0,0.0,1.0
land_pad__7850.jpg,1,476,598,489,620,286,480,604,485,613,45,4.451161852158121e-05,0,45,0.15734265734265734,0.8426573426573427
land_pad__7850.jpg,2,476,598,489,620,286,479,603,486,615,84,8.308835457361826e-05,0,84,0.2937062937062937,0.7062937062937062
land_pad__7850.jpg,3,476,598,489,620,286,478,601,487,616,135,0.00013353485556474363,0,135,0.47202797202797203,0.5279720279720279
land_pad__7850.jpg,4,476,598,489,620,286,477,600,487,617,170,0.00016815500330375125,0,170,0.5944055944055944,0.4055944055944056
land_pad__7850.jpg,5,476,598,489,620,286,477,599,488,618,209,0.0002067317393557883,0,209,0.7307692307692307,0.2692307692307693
land_pad__7875.jpg,0,493,636,507,658,308,500,647,500,647,0,0.0,0,0,0.0,1.0
land_pad__7875.jpg,1,493,636,507,658,308,497,642,502,651,45,4.451161852158121e-05,0,45,0.1461038961038961,0.8538961038961039
land_pad__7875.jpg,2,493,636,507,658,308,496,641,504,653,96,9.495811951270658e-05,0,96,0.3116883116883117,0.6883116883116883
land_pad__7875.jpg,3,493,636,507,658,308,495,639,504,654,135,0.00013353485556474363,0,135,0.4383116883116883,0.5616883116883117
land_pad__7875.jpg,4,493,636,507,658,308,494,638,505,655,187,0.00018497050363412636,0,187,0.6071428571428571,0.3928571428571429
land_pad__7875.jpg,5,493,636,507,658,308,494,637,506,656,228,0.00022552553384267815,0,228,0.7402597402597403,0.2597402597402597
land_pad__7900.jpg,0,455,644,470,667,345,462,655,462,655,0,0.0,0,0,0.0,1.0
land_pad__7900.jpg,1,455,644,470,667,345,459,651,465,660,54,5.3413942225897455e-05,0,54,0.1565217391304348,0.8434782608695652
land_pad__7900.jpg,2,455,644,470,667,345,458,649,466,662,104,0.00010287129613876547,0,104,0.30144927536231886,0.6985507246376812
land_pad__7900.jpg,3,455,644,470,667,345,457,648,467,663,150,0.00014837206173860402,0,150,0.43478260869565216,0.5652173913043479
land_pad__7900.jpg,4,455,644,470,667,345,456,646,468,664,216,0.00021365576890358982,0,216,0.6260869565217392,0.3739130434782608
land_pad__7900.jpg,5,455,644,470,667,345,456,645,469,665,260,0.00025717824034691365,0,260,0.7536231884057971,0.24637681159420288
land_pad__7925.jpg,0,419,652,433,673,294,426,662,426,662,0,0.0,0,0,0.0,1.0
land_pad__7925.jpg,1,419,652,433,673,294,423,658,428,666,40,3.956588313029441e-05,0,40,0.1360544217687075,0.8639455782312925
land_pad__7925.jpg,2,419,652,433,673,294,422,656,430,668,96,9.495811951270658e-05,0,96,0.32653061224489793,0.6734693877551021
land_pad__7925.jpg,3,419,652,433,673,294,421,655,430,669,126,0.0001246325318604274,0,126,0.42857142857142855,0.5714285714285714
land_pad__7925.jpg,4,419,652,433,673,294,420,654,431,670,176,0.00017408988577329542,0,176,0.5986394557823129,0.4013605442176871
land_pad__7925.jpg,5,419,652,433,673,294,420,653,432,671,216,0.00021365576890358982,0,216,0.7346938775510204,0.26530612244897955
land_pad__7950.jpg,0,432,682,445,704,286,438,693,438,693,0,0.0,0,0,0.0,1.0
land_pad__7950.jpg,1,432,682,445,704,286,436,688,441,697,45,4.451161852158121e-05,0,45,0.15734265734265734,0.8426573426573427
land_pad__7950.jpg,2,432,682,445,704,286,435,687,442,699,84,8.308835457361826e-05,0,84,0.2937062937062937,0.7062937062937062
land_pad__7950.jpg,3,432,682,445,704,286,434,685,443,700,135,0.00013353485556474363,0,135,0.47202797202797203,0.5279720279720279
land_pad__7950.jpg,4,432,682,445,704,286,433,684,443,701,170,0.00016815500330375125,0,170,0.5944055944055944,0.4055944055944056
land_pad__7950.jpg,5,432,682,445,704,286,433,683,444,702,209,0.0002067317393557883,0,209,0.7307692307692307,0.2692307692307693
land_pad__7975.jpg,0,433,687,448,710,345,440,698,440,698,0,0.0,0,0,0.0,1.0
land_pad__7975.jpg,1,433,687,448,710,345,437,694,443,703,54,5.3413942225897455e-05,0,54,0.1565217391304348,0.8434782608695652
land_pad__7975.jpg,2,433,687,448,710,345,436,692,444,705,104,0.00010287129613876547,0,104,0.30144927536231886,0.6985507246376812
land_pad__7975.jpg,3,433,687,448,710,345,435,691,445,706,150,0.00014837206173860402,0,150,0.43478260869565216,0.5652173913043479
land_pad__7975.jpg,4,433,687,448,710,345,434,689,446,707,216,0.00021365576890358982,0,216,0.6260869565217392,0.3739130434782608
land_pad__7975.jpg,5,433,687,448,710,345,434,688,447,708,260,0.00025717824034691365,0,260,0.7536231884057971,0.24637681159420288
land_pad__8000.jpg,0,412,627,426,647,280,419,637,419,637,0,0.0,0,0,0.0,1.0
land_pad__8000.jpg,1,412,627,426,647,280,416,633,421,641,40,3.956588313029441e-05,0,40,0.14285714285714285,0.8571428571428572
land_pad__8000.jpg,2,412,627,426,647,280,415,631,423,642,88,8.704494288664771e-05,0,88,0.3142857142857143,0.6857142857142857
land_pad__8000.jpg,3,412,627,426,647,280,414,630,423,643,117,0.00011573020815611115,0,117,0.41785714285714287,0.5821428571428571
land_pad__8000.jpg,4,412,627,426,647,280,413,629,424,644,165,0.00016320926791246445,0,165,0.5892857142857143,0.4107142857142857
land_pad__8000.jpg,5,412,627,426,647,280,413,628,425,645,204,0.0002017860039645015,0,204,0.7285714285714285,0.27142857142857146
land_pad__8025.jpg,0,382,507,397,526,285,389,516,389,516,0,0.0,0,0,0.0,1.0
land_pad__8025.jpg,1,382,507,397,526,285,386,513,392,520,42,4.154417728680913e-05,0,42,0.14736842105263157,0.8526315789473684
land_pad__8025.jpg,2,382,507,397,526,285,385,511,393,521,80,7.913176626058882e-05,0,80,0.2807017543859649,0.7192982456140351
land_pad__8025.jpg,3,382,507,397,526,285,384,510,394,523,130,0.00012858912017345682,0,130,0.45614035087719296,0.543859649122807
land_pad__8025.jpg,4,382,507,397,526,285,383,509,395,524,180,0.00017804647408632484,0,180,0.631578947368421,0.368421052631579
land_pad__8025.jpg,5,382,507,397,526,285,383,508,396,524,208,0.00020574259227753094,0,208,0.7298245614035088,0.2701754385964912
land_pad__8050.jpg,0,350,448,365,468,300,357,458,357,458,0,0.0,0,0,0.0,1.0
land_pad__8050.jpg,1,350,448,365,468,300,354,454,360,462,48,4.747905975635329e-05,0,48,0.16,0.84
land_pad__8050.jpg,2,350,448,365,468,300,353,452,361,463,88,8.704494288664771e-05,0,88,0.29333333333333333,0.7066666666666667
land_pad__8050.jpg,3,350,448,365,468,300,352,451,362,464,130,0.00012858912017345682,0,130,0.43333333333333335,0.5666666666666667
land_pad__8050.jpg,4,350,448,365,468,300,351,450,363,465,180,0.00017804647408632484,0,180,0.6,0.4
land_pad__8050.jpg,5,350,448,365,468,300,351,449,364,466,221,0.00021860150429487663,0,221,0.7366666666666667,0.2633333333333333
land_pad__8075.jpg,0,333,432,347,454,308,340,443,340,443,0,0.0,0,0,0.0,1.0
land_pad__8075.jpg,1,333,432,347,454,308,337,438,342,447,45,4.451161852158121e-05,0,45,0.1461038961038961,0.8538961038961039
land_pad__8075.jpg,2,333,432,347,454,308,336,437,344,449,96,9.495811951270658e-05,0,96,0.3116883116883117,0.6883116883116883
land_pad__8075.jpg,3,333,432,347,454,308,335,435,344,450,135,0.00013353485556474363,0,135,0.4383116883116883,0.5616883116883117
land_pad__8075.jpg,4,333,432,347,454,308,334,434,345,451,187,0.00018497050363412636,0,187,0.6071428571428571,0.3928571428571429
land_pad__8075.jpg,5,333,432,347,454,308,334,433,346,452,228,0.00022552553384267815,0,228,0.7402597402597403,0.2597402597402597
land_pad__8100.jpg,0,298,425,313,444,285,305,434,305,434,0,0.0,0,0,0.0,1.0
land_pad__8100.jpg,1,298,425,313,444,285,302,431,308,438,42,4.154417728680913e-05,0,42,0.14736842105263157,0.8526315789473684
land_pad__8100.jpg,2,298,425,313,444,285,301,429,309,439,80,7.913176626058882e-05,0,80,0.2807017543859649,0.7192982456140351
land_pad__8100.jpg,3,298,425,313,444,285,300,428,310,441,130,0.00012858912017345682,0,130,0.45614035087719296,0.543859649122807
land_pad__8100.jpg,4,298,425,313,444,285,299,427,311,442,180,0.00017804647408632484,0,180,0.631578947368421,0.368421052631579
land_pad__8100.jpg,5,298,425,313,444,285,299,426,312,442,208,0.00020574259227753094,0,208,0.7298245614035088,0.2701754385964912
land_pad__8125.jpg,0,291,405,305,426,294,298,415,298,415,0,0.0,0,0,0.0,1.0
land_pad__8125.jpg,1,291,405,305,426,294,295,411,300,419,40,3.956588313029441e-05,0,40,0.1360544217687075,0.8639455782312925
land_pad__8125.jpg,2,291,405,305,426,294,294,409,302,421,96,9.495811951270658e-05,0,96,0.32653061224489793,0.6734693877551021
land_pad__8125.jpg,3,291,405,305,426,294,293,408,302,422,126,0.0001246325318604274,0,126,0.42857142857142855,0.5714285714285714
land_pad__8125.jpg,4,291,405,305,426,294,292,407,303,423,176,0.00017408988577329542,0,176,0.5986394557823129,0.4013605442176871
land_pad__8125.jpg,5,291,405,305,426,294,292,406,304,424,216,0.00021365576890358982,0,216,0.7346938775510204,0.26530612244897955
land_pad__8150.jpg,0,291,381,305,401,280,298,391,298,391,0,0.0,0,0,0.0,1.0
land_pad__8150.jpg,1,291,381,305,401,280,295,387,300,395,40,3.956588313029441e-05,0,40,0.14285714285714285,0.8571428571428572
land_pad__8150.jpg,2,291,381,305,401,280,294,385,302,396,88,8.704494288664771e-05,0,88,0.3142857142857143,0.6857142857142857
land_pad__8150.jpg,3,291,381,305,401,280,293,384,302,397,117,0.00011573020815611115,0,117,0.41785714285714287,0.5821428571428571
land_pad__8150.jpg,4,291,381,305,401,280,292,383,303,398,165,0.00016320926791246445,0,165,0.5892857142857143,0.4107142857142857
land_pad__8150.jpg,5,291,381,305,401,280,292,382,304,399,204,0.0002017860039645015,0,204,0.7285714285714285,0.27142857142857146
land_pad__8175.jpg,0,283,382,296,400,234,289,391,289,391,0,0.0,0,0,0.0,1.0
land_pad__8175.jpg,1,283,382,296,400,234,287,387,292,394,35,3.462014773900761e-05,0,35,0.14957264957264957,0.8504273504273504
land_pad__8175.jpg,2,283,382,296,400,234,286,386,293,396,70,6.924029547801522e-05,0,70,0.29914529914529914,0.7008547008547008
land_pad__8175.jpg,3,283,382,296,400,234,285,385,294,397,108,0.00010682788445179491,0,108,0.46153846153846156,0.5384615384615384
land_pad__8175.jpg,4,283,382,296,400,234,284,384,294,398,140,0.00013848059095603044,0,140,0.5982905982905983,0.4017094017094017
land_pad__8175.jpg,5,283,382,296,400,234,284,383,295,399,176,0.00017408988577329542,0,176,0.7521367521367521,0.24786324786324787
land_pad__8200.jpg,0,269,392,282,408,208,275,400,275,400,0,0.0,0,0,0.0,1.0
land_pad__8200.jpg,1,269,392,282,408,208,273,397,278,403,30,2.967441234772081e-05,0,30,0.14423076923076922,0.8557692307692308
land_pad__8200.jpg,2,269,392,282,408,208,272,395,279,404,63,6.23162659302137e-05,0,63,0.30288461538461536,0.6971153846153846
land_pad__8200.jpg,3,269,392,282,408,208,271,394,280,405,99,9.792556074747866e-05,0,99,0.47596153846153844,0.5240384615384616
land_pad__8200.jpg,4,269,392,282,408,208,270,394,280,406,120,0.00011869764939088324,0,120,0.5769230769230769,0.42307692307692313
land_pad__8200.jpg,5,269,392,282,408,208,270,393,281,407,154,0.00015232865005163348,0,154,0.7403846153846154,0.2596153846153846
land_pad__8225.jpg,0,274,396,287,414,234,280,405,280,405,0,0.0,0,0,0.0,1.0
land_pad__8225.jpg,1,274,396,287,414,234,278,401,283,408,35,3.462014773900761e-05,0,35,0.14957264957264957,0.8504273504273504
land_pad__8225.jpg,2,274,396,287,414,234,277,400,284,410,70,6.924029547801522e-05,0,70,0.29914529914529914,0.7008547008547008
land_pad__8225.jpg,3,274,396,287,414,234,276,399,285,411,108,0.00010682788445179491,0,108,0.46153846153846156,0.5384615384615384
land_pad__8225.jpg,4,274,396,287,414,234,275,398,285,412,140,0.00013848059095603044,0,140,0.5982905982905983,0.4017094017094017
land_pad__8225.jpg,5,274,396,287,414,234,275,397,286,413,176,0.00017408988577329542,0,176,0.7521367521367521,0.24786324786324787
land_pad__8250.jpg,0,298,394,312,413,266,305,403,305,403,0,0.0,0,0,0.0,1.0
land_pad__8250.jpg,1,298,394,312,413,266,302,400,307,407,35,3.462014773900761e-05,0,35,0.13157894736842105,0.868421052631579
land_pad__8250.jpg,2,298,394,312,413,266,301,398,309,408,80,7.913176626058882e-05,0,80,0.3007518796992481,0.6992481203007519
land_pad__8250.jpg,3,298,394,312,413,266,300,397,309,410,117,0.00011573020815611115,0,117,0.4398496240601504,0.5601503759398496
land_pad__8250.jpg,4,298,394,312,413,266,299,396,310,411,165,0.00016320926791246445,0,165,0.6203007518796992,0.37969924812030076
land_pad__8250.jpg,5,298,394,312,413,266,299,395,311,411,192,0.00018991623902541317,0,192,0.7218045112781954,0.27819548872180455
land_pad__8275.jpg,0,283,381,296,402,273,289,391,289,391,0,0.0,0,0,0.0,1.0
land_pad__8275.jpg,1,283,381,296,402,273,287,387,292,395,40,3.956588313029441e-05,0,40,0.14652014652014653,0.8534798534798534
land_pad__8275.jpg,2,283,381,296,402,273,286,385,293,397,84,8.308835457361826e-05,0,84,0.3076923076923077,0.6923076923076923
land_pad__8275.jpg,3,283,381,296,402,273,285,384,294,398,126,0.0001246325318604274,0,126,0.46153846153846156,0.5384615384615384
land_pad__8275.jpg,4,283,381,296,402,273,284,383,294,399,160,0.00015826353252117764,0,160,0.5860805860805861,0.4139194139194139
land_pad__8275.jpg,5,283,381,296,402,273,284,382,295,400,198,0.00019585112149495733,0,198,0.7252747252747253,0.27472527472527475
land_pad__8300.jpg,0,264,357,279,381,360,271,369,271,369,0,0.0,0,0,0.0,1.0
land_pad__8300.jpg,1,264,357,279,381,360,268,364,274,373,54,5.3413942225897455e-05,0,54,0.15,0.85
land_pad__8300.jpg,2,264,357,279,381,360,267,362,275,375,104,0.00010287129613876547,0,104,0.28888888888888886,0.7111111111111111
land_pad__8300.jpg,3,264,357,279,381,360,266,361,276,377,160,0.00015826353252117764,0,160,0.4444444444444444,0.5555555555555556
land_pad__8300.jpg,4,264,357,279,381,360,265,359,277,378,228,0.00022552553384267815,0,228,0.6333333333333333,0.3666666666666667
land_pad__8300.jpg,5,264,357,279,381,360,265,358,278,379,273,0.00027003715236425933,0,273,0.7583333333333333,0.2416666666666667
land_pad__8325.jpg,0,249,349,266,372,391,257,360,257,360,0,0.0,0,0,0.0,1.0
land_pad__8325.jpg,1,249,349,266,372,391,254,356,261,365,63,6.23162659302137e-05,0,63,0.16112531969309463,0.8388746803069054
land_pad__8325.jpg,2,249,349,266,372,391,253,354,262,367,117,0.00011573020815611115,0,117,0.29923273657289,0.70076726342711
land_pad__8325.jpg,3,249,349,266,372,391,252,353,263,368,165,0.00016320926791246445,0,165,0.4219948849104859,0.578005115089514
land_pad__8325.jpg,4,249,349,266,372,391,251,351,264,369,234,0.0002314604163122223,0,234,0.59846547314578,0.40153452685422
land_pad__8325.jpg,5,249,349,266,372,391,250,350,265,370,300,0.00029674412347720805,0,300,0.7672634271099744,0.23273657289002558
land_pad__8350.jpg,0,212,330,230,357,486,221,343,221,343,0,0.0,0,0,0.0,1.0
land_pad__8350.jpg,1,212,330,230,357,486,217,338,224,348,70,6.924029547801522e-05,0,70,0.1440329218106996,0.8559670781893004
land_pad__8350.jpg,2,212,330,230,357,486,216,336,226,351,150,0.00014837206173860402,0,150,0.30864197530864196,0.691358024691358
land_pad__8350.jpg,3,212,330,230,357,486,215,334,227,352,216,0.00021365576890358982,0,216,0.4444444444444444,0.5555555555555556
land_pad__8350.jpg,4,212,330,230,357,486,214,333,228,354,294,0.0002908092410076639,0,294,0.6049382716049383,0.3950617283950617
land_pad__8350.jpg,5,212,330,230,357,486,213,332,229,355,368,0.0003640061247987086,0,368,0.757201646090535,0.24279835390946503
land_pad__8375.jpg,0,181,308,204,344,828,192,326,192,326,0,0.0,0,0,0.0,1.0
land_pad__8375.jpg,1,181,308,204,344,828,188,319,197,333,126,0.0001246325318604274,0,126,0.15217391304347827,0.8478260869565217
land_pad__8375.jpg,2,181,308,204,344,828,186,316,199,336,260,0.00025717824034691365,0,260,0.3140096618357488,0.6859903381642511
land_pad__8375.jpg,3,181,308,204,344,828,185,314,200,338,360,0.0003560929481726497,0,360,0.43478260869565216,0.5652173913043479
land_pad__8375.jpg,4,181,308,204,344,828,183,312,201,340,504,0.0004985301274417096,0,504,0.6086956521739131,0.3913043478260869
land_pad__8375.jpg,5,181,308,204,344,828,182,310,202,341,620,0.0006132711885195633,0,620,0.748792270531401,0.25120772946859904
land_pad__8400.jpg,0,199,302,225,340,988,212,321,212,321,0,0.0,0,0,0.0,1.0
land_pad__8400.jpg,1,199,302,225,340,988,207,313,217,328,150,0.00014837206173860402,0,150,0.15182186234817813,0.8481781376518218
land_pad__8400.jpg,2,199,302,225,340,988,205,310,219,331,294,0.0002908092410076639,0,294,0.2975708502024291,0.7024291497975709
land_pad__8400.jpg,3,199,302,225,340,988,203,308,220,333,425,0.0004203875082593781,0,425,0.43016194331983804,0.569838056680162
land_pad__8400.jpg,4,199,302,225,340,988,202,306,222,335,580,0.000573705305389269,0,580,0.5870445344129555,0.41295546558704455
land_pad__8400.jpg,5,199,302,225,340,988,200,304,223,337,759,0.0007507626323973364,0,759,0.7682186234817814,0.23178137651821862
land_pad__8425.jpg,0,316,392,340,428,864,328,410,328,410,0,0.0,0,0,0.0,1.0
land_pad__8425.jpg,1,316,392,340,428,864,323,403,332,417,126,0.0001246325318604274,0,126,0.14583333333333334,0.8541666666666666
land_pad__8425.jpg,2,316,392,340,428,864,321,400,334,420,260,0.00025717824034691365,0,260,0.30092592592592593,0.6990740740740741
land_pad__8425.jpg,3,316,392,340,428,864,320,398,336,422,384,0.00037983247805082633,0,384,0.4444444444444444,0.5555555555555556
land_pad__8425.jpg,4,316,392,340,428,864,318,396,337,424,532,0.0005262262456329157,0,532,0.6157407407407407,0.3842592592592593
land_pad__8425.jpg,5,316,392,340,428,864,317,394,338,425,651,0.0006439347479455415,0,651,0.7534722222222222,0.2465277777777778
land_pad__8450.jpg,0,507,291,528,327,756,517,309,517,309,0,0.0,0,0,0.0,1.0
land_pad__8450.jpg,1,507,291,528,327,756,513,302,521,316,112,0.00011078447276482435,0,112,0.14814814814814814,0.8518518518518519
land_pad__8450.jpg,2,507,291,528,327,756,511,299,523,319,240,0.00023739529878176647,0,240,0.31746031746031744,0.6825396825396826
land_pad__8450.jpg,3,507,291,528,327,756,510,297,524,321,336,0.00033235341829447303,0,336,0.4444444444444444,0.5555555555555556
land_pad__8450.jpg,4,507,291,528,327,756,509,295,525,323,448,0.0004431378910592974,0,448,0.5925925925925926,0.40740740740740744
land_pad__8450.jpg,5,507,291,528,327,756,508,293,526,324,558,0.000551944069667607,0,558,0.7380952380952381,0.26190476190476186
land_pad__8475.jpg,0,678,163,703,198,875,690,180,690,180,0,0.0,0,0,0.0,1.0
land_pad__8475.jpg,1,678,163,703,198,875,685,173,695,187,140,0.00013848059095603044,0,140,0.16,0.84
land_pad__8475.jpg,2,678,163,703,198,875,683,171,697,190,266,0.00026311312281645784,0,266,0.304,0.696
land_pad__8475.jpg,3,678,163,703,198,875,682,169,699,192,391,0.0003867565075986279,0,391,0.44685714285714284,0.5531428571428572
land_pad__8475.jpg,4,678,163,703,198,875,681,167,700,194,513,0.0005074324511460259,0,513,0.5862857142857143,0.4137142857142857
land_pad__8475.jpg,5,678,163,703,198,875,679,165,701,195,660,0.0006528370716498578,0,660,0.7542857142857143,0.24571428571428566
land_pad__8500.jpg,0,747,194,771,228,816,759,211,759,211,0,0.0,0,0,0.0,1.0
land_pad__8500.jpg,1,747,194,771,228,816,754,204,763,217,117,0.00011573020815611115,0,117,0.14338235294117646,0.8566176470588236
land_pad__8500.jpg,2,747,194,771,228,816,752,201,765,220,247,0.00024431932832956796,0,247,0.30269607843137253,0.6973039215686274
land_pad__8500.jpg,3,747,194,771,228,816,751,199,767,222,368,0.0003640061247987086,0,368,0.45098039215686275,0.5490196078431373
land_pad__8500.jpg,4,747,194,771,228,816,749,198,768,224,494,0.0004886386566591359,0,494,0.6053921568627451,0.39460784313725494
land_pad__8500.jpg,5,747,194,771,228,816,748,196,769,225,609,0.0006023905706587324,0,609,0.7463235294117647,0.2536764705882353
land_pad__8525.jpg,0,712,302,736,337,840,724,319,724,319,0,0.0,0,0,0.0,1.0
land_pad__8525.jpg,1,712,302,736,337,840,719,312,728,326,126,0.0001246325318604274,0,126,0.15,0.85
land_pad__8525.jpg,2,712,302,736,337,840,717,310,730,329,247,0.00024431932832956796,0,247,0.29404761904761906,0.7059523809523809
land_pad__8525.jpg,3,712,302,736,337,840,716,308,732,331,368,0.0003640061247987086,0,368,0.4380952380952381,0.5619047619047619
land_pad__8525.jpg,4,712,302,736,337,840,714,306,733,333,513,0.0005074324511460259,0,513,0.6107142857142858,0.38928571428571423
land_pad__8525.jpg,5,712,302,736,337,840,713,304,734,334,630,0.000623162659302137,0,630,0.75,0.25
land_pad__8550.jpg,0,674,314,700,348,884,687,331,687,331,0,0.0,0,0,0.0,1.0
land_pad__8550.jpg,1,674,314,700,348,884,682,324,692,337,130,0.00012858912017345682,0,130,0.14705882352941177,0.8529411764705882
land_pad__8550.jpg,2,674,314,700,348,884,680,321,694,340,266,0.00026311312281645784,0,266,0.3009049773755656,0.6990950226244343
land_pad__8550.jpg,3,674,314,700,348,884,678,319,695,342,391,0.0003867565075986279,0,391,0.4423076923076923,0.5576923076923077
land_pad__8550.jpg,4,674,314,700,348,884,677,318,697,344,520,0.0005143564806938273,0,520,0.5882352941176471,0.4117647058823529
land_pad__8550.jpg,5,674,314,700,348,884,675,316,698,345,667,0.0006597611011976593,0,667,0.754524886877828,0.24547511312217196
land_pad__8575.jpg,0,713,312,739,347,910,726,329,726,329,0,0.0,0,0,0.0,1.0
land_pad__8575.jpg,1,713,312,739,347,910,721,322,731,336,140,0.00013848059095603044,0,140,0.15384615384615385,0.8461538461538461
land_pad__8575.jpg,2,713,312,739,347,910,719,320,733,339,266,0.00026311312281645784,0,266,0.2923076923076923,0.7076923076923076
land_pad__8575.jpg,3,713,312,739,347,910,717,318,734,341,391,0.0003867565075986279,0,391,0.42967032967032964,0.5703296703296703
land_pad__8575.jpg,4,713,312,739,347,910,716,316,736,343,540,0.0005341394222589745,0,540,0.5934065934065934,0.4065934065934066
land_pad__8575.jpg,5,713,312,739,347,910,714,314,737,344,690,0.0006825114839975786,0,690,0.7582417582417582,0.2417582417582418
land_pad__8600.jpg,0,693,235,720,270,945,706,252,706,252,0,0.0,0,0,0.0,1.0
land_pad__8600.jpg,1,693,235,720,270,945,701,245,711,259,140,0.00013848059095603044,0,140,0.14814814814814814,0.8518518518518519
land_pad__8600.jpg,2,693,235,720,270,945,699,243,714,262,285,0.00028190691730334765,0,285,0.30158730158730157,0.6984126984126984
land_pad__8600.jpg,3,693,235,720,270,945,697,241,715,264,414,0.0004095068903985471,0,414,0.4380952380952381,0.5619047619047619
land_pad__8600.jpg,4,693,235,720,270,945,696,239,717,266,567,0.0005608463933719233,0,567,0.6,0.4
land_pad__8600.jpg,5,693,235,720,270,945,695,237,718,267,690,0.0006825114839975786,0,690,0.7301587301587301,0.2698412698412699
land_pad__8625.jpg,0,670,193,697,229,972,683,211,683,211,0,0.0,0,0,0.0,1.0
land_pad__8625.jpg,1,670,193,697,229,972,678,204,688,218,140,0.00013848059095603044,0,140,0.1440329218106996,0.8559670781893004
land_pad__8625.jpg,2,670,193,697,229,972,676,201,691,221,300,0.00029674412347720805,0,300,0.30864197530864196,0.691358024691358
land_pad__8625.jpg,3,670,193,697,229,972,674,199,692,223,432,0.00042731153780717964,0,432,0.4444444444444444,0.5555555555555556
land_pad__8625.jpg,4,670,193,697,229,972,673,197,694,225,588,0.0005816184820153278,0,588,0.6049382716049383,0.3950617283950617
land_pad__8625.jpg,5,670,193,697,229,972,672,195,695,226,713,0.0007052618667974978,0,713,0.7335390946502057,0.2664609053497943
land_pad__8650.jpg,0,657,178,682,210,800,669,194,669,194,0,0.0,0,0,0.0,1.0
land_pad__8650.jpg,1,657,178,682,210,800,664,188,674,200,120,0.00011869764939088324,0,120,0.15,0.85
land_pad__8650.jpg,2,657,178,682,210,800,662,185,676,203,252,0.0002492650637208548,0,252,0.315,0.685
land_pad__8650.jpg,3,657,178,682,210,800,661,183,678,204,357,0.0003531255069378776,0,357,0.44625,0.55375
land_pad__8650.jpg,4,657,178,682,210,800,660,181,679,206,475,0.0004698448621722461,0,475,0.59375,0.40625
land_pad__8650.jpg,5,657,178,682,210,800,658,180,680,208,616,0.0006093146002065339,0,616,0.77,0.22999999999999998
land_pad__8675.jpg,0,619,243,644,282,975,631,262,631,262,0,0.0,0,0,0.0,1.0
land_pad__8675.jpg,1,619,243,644,282,975,626,255,636,270,150,0.00014837206173860402,0,150,0.15384615384615385,0.8461538461538461
land_pad__8675.jpg,2,619,243,644,282,975,624,252,638,273,294,0.0002908092410076639,0,294,0.30153846153846153,0.6984615384615385
land_pad__8675.jpg,3,619,243,644,282,975,623,249,640,275,442,0.00043720300858975325,0,442,0.4533333333333333,0.5466666666666666
land_pad__8675.jpg,4,619,243,644,282,975,622,247,641,277,570,0.0005638138346066953,0,570,0.5846153846153846,0.41538461538461535
land_pad__8675.jpg,5,619,243,644,282,975,620,245,642,279,748,0.0007398820145365054,0,748,0.7671794871794871,0.23282051282051286
land_pad__8700.jpg,0,558,290,585,328,1026,571,309,571,309,0,0.0,0,0,0.0,1.0
land_pad__8700.jpg,1,558,290,585,328,1026,566,301,576,316,150,0.00014837206173860402,0,150,0.14619883040935672,0.8538011695906433
land_pad__8700.jpg,2,558,290,585,328,1026,564,298,579,319,315,0.0003115813296510685,0,315,0.30701754385964913,0.6929824561403508
land_pad__8700.jpg,3,558,290,585,328,1026,562,296,580,321,450,0.0004451161852158121,0,450,0.43859649122807015,0.5614035087719298
land_pad__8700.jpg,4,558,290,585,328,1026,561,294,582,323,609,0.0006023905706587324,0,609,0.5935672514619883,0.4064327485380117
land_pad__8700.jpg,5,558,290,585,328,1026,560,292,583,325,759,0.0007507626323973364,0,759,0.7397660818713451,0.26023391812865493
land_pad2__2050.jpg,0,532,349,952,931,244440,742,640,742,640,0,0.0,0,0,0.0,1.0
land_pad2__2050.jpg,1,532,349,952,931,244440,660,527,823,752,36675,0.036276969095088686,0,36675,0.15003681885125184,0.8499631811487481
land_pad2__2050.jpg,2,532,349,952,931,244440,627,480,857,799,73370,0.07257372113174253,0,73370,0.3001554573719522,0.6998445426280477
land_pad2__2050.jpg,3,532,349,952,931,244440,601,445,883,835,109980,0.10878639566674447,0,109980,0.44992636229749633,0.5500736377025037
land_pad2__2050.jpg,4,532,349,952,931,244440,579,414,904,865,146575,0.1449842329955726,0,146575,0.599635902470954,0.400364097529046
land_pad2__2050.jpg,5,532,349,952,931,244440,560,388,924,892,183456,0.1814649663887823,0,183456,0.7505154639175258,0.24948453608247423
land_pad2__2075.jpg,0,1,415,342,955,184140,171,685,171,685,0,0.0,0,0,0.0,1.0
land_pad2__2075.jpg,1,1,415,342,955,184140,105,580,237,789,27588,0.027288589594964056,0,27588,0.14982078853046596,0.850179211469534
land_pad2__2075.jpg,2,1,415,342,955,184140,78,537,265,833,55352,0.0547512690757014,0,55352,0.3005973715651135,0.6994026284348864
land_pad2__2075.jpg,3,1,415,342,955,184140,57,504,286,866,82898,0.08199831449337865,0,82898,0.45019007277071793,0.549809927229282
land_pad2__2075.jpg,4,1,415,342,955,184140,39,476,303,894,110352,0.10915435837985622,0,110352,0.5992831541218638,0.40071684587813616
land_pad2__2075.jpg,5,1,415,342,955,184140,24,451,319,919,138060,0.13656164562421116,0,138060,0.7497556207233627,0.25024437927663734
land_pad2__2100.jpg,0,48,422,454,955,216398,251,688,251,688,0,0.0,0,0,0.0,1.0
land_pad2__2100.jpg,1,48,422,454,955,216398,172,585,329,791,32342,0.03199099480499955,0,32342,0.14945609478830674,0.8505439052116932
land_pad2__2100.jpg,2,48,422,454,955,216398,140,542,362,834,64824,0.06412047020095513,0,64824,0.2995591456482962,0.7004408543517038
land_pad2__2100.jpg,3,48,422,454,955,216398,115,509,387,867,97376,0.0963191858923887,0,97376,0.449985674544127,0.5500143254558729
land_pad2__2100.jpg,4,48,422,454,955,216398,94,482,408,895,129682,0.12827457140257098,0,129682,0.5992754091997153,0.40072459080028466
land_pad2__2100.jpg,5,48,422,454,955,216398,75,457,427,919,162624,0.16085905445452495,0,162624,0.7515041728666624,0.24849582713333762
land_pad2__2125.jpg,0,177,435,584,961,214082,380,698,380,698,0,0.0,0,0,0.0,1.0
land_pad2__2125.jpg,1,177,435,584,961,214082,301,596,459,800,32232,0.031882188626391236,0,32232,0.1505591315477247,0.8494408684522753
land_pad2__2125.jpg,2,177,435,584,961,214082,269,554,492,842,64224,0.06352698195400071,0,64224,0.2999971973356004,0.7000028026643996
land_pad2__2125.jpg,3,177,435,584,961,214082,244,521,517,874,96369,0.09532311478458355,0,96369,0.4501499425453798,0.5498500574546201
land_pad2__2125.jpg,4,177,435,584,961,214082,223,494,538,901,128205,0.12681360116798487,0,128205,0.5988593155893536,0.40114068441064643
land_pad2__2125.jpg,5,177,435,584,961,214082,204,470,556,926,160512,0.1587699758252454,0,160512,0.7497687801870312,0.2502312198129688
land_pad2__2150.jpg,0,164,166,544,767,228380,354,466,354,466,0,0.0,0,0,0.0,1.0
land_pad2__2150.jpg,1,164,166,544,767,228380,280,350,427,583,34251,0.03387927657739285,0,34251,0.14997372799719766,0.8500262720028023
land_pad2__2150.jpg,2,164,166,544,767,228380,250,302,458,631,68432,0.06768931285930768,0,68432,0.2996409492950346,0.7003590507049654
land_pad2__2150.jpg,3,164,166,544,767,228380,226,265,481,668,102765,0.10164969949711762,0,102765,0.44997372799719765,0.5500262720028024
land_pad2__2150.jpg,4,164,166,544,767,228380,207,233,501,699,137004,0.1355171063095714,0,137004,0.5998949119887906,0.40010508801120936
land_pad2__2150.jpg,5,164,166,544,767,228380,189,206,518,726,171080,0.16922328214826918,0,171080,0.7491023732375864,0.25089762676241356
land_pad2__2175.jpg,0,140,5,530,531,205140,335,268,335,268,0,0.0,0,0,0.0,1.0
land_pad2__2175.jpg,1,140,5,530,531,205140,259,166,410,370,30804,0.030469686598639724,0,30804,0.15016086575021936,0.8498391342497806
land_pad2__2175.jpg,2,140,5,530,531,205140,228,124,442,412,61632,0.060963112727157626,0,61632,0.30043872477332556,0.6995612752266744
land_pad2__2175.jpg,3,140,5,530,531,205140,204,91,466,444,92486,0.09148225667971022,0,92486,0.4508433265087258,0.5491566734912743
land_pad2__2175.jpg,4,140,5,530,531,205140,184,64,486,471,122914,0.12158002397692518,0,122914,0.5991712976503851,0.4008287023496149
land_pad2__2175.jpg,5,140,5,530,531,205140,166,40,504,496,154128,0.1524552608776504,0,154128,0.7513307984790875,0.24866920152091254
land_pad2__2200.jpg,0,289,23,718,612,252681,503,317,503,317,0,0.0,0,0,0.0,1.0
land_pad2__2200.jpg,1,289,23,718,612,252681,420,203,586,431,37848,0.03743723861788457,0,37848,0.14978569817279494,0.850214301827205
land_pad2__2200.jpg,2,289,23,718,612,252681,386,156,621,479,75905,0.07508120897512494,0,75905,0.3003985262049778,0.6996014737950222
land_pad2__2200.jpg,3,289,23,718,612,252681,359,120,647,515,113760,0.1125253716225573,0,113760,0.45021192729172355,0.5497880727082765
land_pad2__2200.jpg,4,289,23,718,612,252681,337,89,669,545,151392,0.14974895447153827,0,151392,0.5991427926911798,0.40085720730882024
land_pad2__2200.jpg,5,289,23,718,612,252681,317,62,689,572,189720,0.1876609836869864,0,189720,0.7508281192491719,0.24917188075082808
land_pad2__2225.jpg,0,424,9,888,640,292784,656,324,656,324,0,0.0,0,0,0.0,1.0
land_pad2__2225.jpg,1,424,9,888,640,292784,566,202,746,446,43920,0.043443339677063264,0,43920,0.1500081971692442,0.8499918028307558
land_pad2__2225.jpg,2,424,9,888,640,292784,529,151,783,497,87884,0.08693020182556985,0,87884,0.3001666757746325,0.6998333242253675
land_pad2__2225.jpg,3,424,9,888,640,292784,500,113,811,536,131553,0.13012526558599052,0,131553,0.44931758566041863,0.5506824143395814
land_pad2__2225.jpg,4,424,9,888,640,292784,476,80,835,569,175551,0.17364575873515783,0,175551,0.5995921908301,0.40040780916990004
land_pad2__2225.jpg,5,424,9,888,640,292784,455,51,857,597,219492,0.21710987050086453,0,219492,0.7496721132302312,0.2503278867697688
land_pad2__2250.jpg,0,419,44,861,697,288626,640,370,640,370,0,0.0,0,0,0.0,1.0
land_pad2__2250.jpg,1,419,44,861,697,288626,554,244,725,497,43263,0.04279347004664818,0,43263,0.14989294103788295,0.850107058962117
land_pad2__2250.jpg,2,419,44,861,697,288626,519,191,761,549,86636,0.08569574627190467,0,86636,0.3001669981221373,0.6998330018778627
land_pad2__2250.jpg,3,419,44,861,697,288626,491,151,788,589,130086,0.12867418682218695,0,130086,0.45070783643885165,0.5492921635611483
land_pad2__2250.jpg,4,419,44,861,697,288626,469,117,811,623,173052,0.17117388018659271,0,173052,0.5995717641515318,0.4004282358484682
land_pad2__2250.jpg,5,419,44,861,697,288626,448,87,831,653,216778,0.21442532533047404,0,216778,0.7510688572755053,0.24893114272449468
land_pad2__2275.jpg,0,517,81,932,712,261865,724,396,724,396,0,0.0,0,0,0.0,1.0
land_pad2__2275.jpg,1,517,81,932,712,261865,644,274,805,518,39284,0.03885765382226214,0,39284,0.1500162297366964,0.8499837702633036
land_pad2__2275.jpg,2,517,81,932,712,261865,611,223,838,569,78542,0.07768958982048958,0,78542,0.2999331716724266,0.7000668283275734
land_pad2__2275.jpg,3,517,81,932,712,261865,585,185,863,608,117594,0.11631776152059602,0,117594,0.44906344872357895,0.550936551276421
land_pad2__2275.jpg,4,517,81,932,712,261865,564,152,885,641,156969,0.15526542772697957,0,156969,0.5994271857636568,0.40057281423634317
land_pad2__2275.jpg,5,517,81,932,712,261865,545,123,904,669,196014,0.1938866753975382,0,196014,0.7485307314837798,0.2514692685162202
land_pad2__2300.jpg,0,638,11,1052,641,260820,845,326,845,326,0,0.0,0,0,0.0,1.0
land_pad2__2300.jpg,1,638,11,1052,641,260820,765,204,925,448,39040,0.038616301935167345,0,39040,0.14968177287017867,0.8503182271298213
land_pad2__2300.jpg,2,638,11,1052,641,260820,731,153,958,498,78315,0.07746505343372517,0,78315,0.3002645502645503,0.6997354497354498
land_pad2__2300.jpg,3,638,11,1052,641,260820,706,114,984,537,117594,0.11631776152059602,0,117594,0.45086266390614216,0.5491373360938578
land_pad2__2300.jpg,4,638,11,1052,641,260820,684,82,1005,570,156648,0.15494791151485895,0,156648,0.6005981136415919,0.3994018863584081
land_pad2__2300.jpg,5,638,11,1052,641,260820,665,53,1024,599,196014,0.1938866753975382,0,196014,0.7515297906602254,0.2484702093397746
land_pad2__2325.jpg,0,164,48,597,703,283615,380,375,380,375,0,0.0,0,0,0.0,1.0
land_pad2__2325.jpg,1,164,48,597,703,283615,296,248,464,502,42672,0.04220888412339808,0,42672,0.15045748638118575,0.8495425136188143
land_pad2__2325.jpg,2,164,48,597,703,283615,262,196,499,555,85083,0.08415960085937098,0,85083,0.2999947111401019,0.7000052888598981
land_pad2__2325.jpg,3,164,48,597,703,283615,235,156,525,595,127310,0.12592831453294454,0,127310,0.44888316908485093,0.5511168309151491
land_pad2__2325.jpg,4,164,48,597,703,283615,213,122,548,629,169845,0.16800168550662134,0,169845,0.5988576062620101,0.4011423937379899
land_pad2__2325.jpg,5,164,48,597,703,283615,193,92,568,659,212625,0.21031739751447123,0,212625,0.7496958905558592,0.25030410944414083
land_pad2__2350.jpg,0,229,101,676,768,298149,452,434,452,434,0,0.0,0,0,0.0,1.0
land_pad2__2350.jpg,1,229,101,676,768,298149,366,305,539,563,44634,0.04414959069093902,0,44634,0.14970367165410584,0.8502963283458942
land_pad2__2350.jpg,2,229,101,676,768,298149,330,252,575,617,89425,0.08845447747316444,0,89425,0.29993392565462235,0.7000660743453777
land_pad2__2350.jpg,3,229,101,676,768,298149,302,211,602,658,134100,0.132644623194312,0,134100,0.4497751124437781,0.5502248875562219
land_pad2__2350.jpg,4,229,101,676,768,298149,279,176,625,693,178882,0.17694060765283312,0,178882,0.5999751801951373,0.4000248198048627
land_pad2__2350.jpg,5,229,101,676,768,298149,259,145,646,723,223686,0.2212583533470759,0,223686,0.7502490365555478,0.24975096344445225
land_pad2__2375.jpg,0,299,145,714,816,278465,506,480,506,480,0,0.0,0,0,0.0,1.0
land_pad2__2375.jpg,1,299,145,714,816,278465,426,350,587,610,41860,0.0414056966958531,0,41860,0.15032409818109996,0.8496759018189001
land_pad2__2375.jpg,2,299,145,714,816,278465,393,296,620,664,83536,0.08262939032930684,0,83536,0.2999874310954698,0.7000125689045302
land_pad2__2375.jpg,3,299,145,714,816,278465,367,255,645,705,125100,0.12374229948999577,0,125100,0.4492485590648735,0.5507514409351265
land_pad2__2375.jpg,4,299,145,714,816,278465,346,220,667,740,166920,0.16510843030271857,0,166920,0.5994290126227713,0.40057098737722874
land_pad2__2375.jpg,5,299,145,714,816,278465,327,190,686,771,208579,0.20631530843584195,0,208579,0.7490312965722802,0.2509687034277198
land_pad2__2400.jpg,0,240,191,763,911,376560,501,551,501,551,0,0.0,0,0,0.0,1.0
land_pad2__2400.jpg,1,240,191,763,911,376560,400,411,603,690,56637,0.05602232307126211,0,56637,0.15040630975143404,0.8495936902485659
land_pad2__2400.jpg,2,240,191,763,911,376560,358,354,644,748,112684,0.11146104936635239,0,112684,0.29924580412152113,0.7007541958784789
land_pad2__2400.jpg,3,240,191,763,911,376560,326,309,677,792,169533,0.16769307161820504,0,169533,0.4502151051625239,0.5497848948374762
land_pad2__2400.jpg,4,240,191,763,911,376560,299,272,704,830,225990,0.22353734821538085,0,225990,0.6001434034416826,0.3998565965583174
land_pad2__2400.jpg,5,240,191,763,911,376560,275,239,728,863,282672,0.27960418290516453,0,282672,0.7506692160611854,0.24933078393881458
land_pad2__2425.jpg,0,258,260,762,961,353304,510,610,510,610,0,0.0,0,0,0.0,1.0
land_pad2__2425.jpg,1,258,260,762,961,353304,412,475,607,746,52845,0.0522714773505102,0,52845,0.14957373819713335,0.8504262618028666
land_pad2__2425.jpg,2,258,260,762,961,353304,372,418,648,802,105984,0.10483376394202806,0,105984,0.29997962094966374,0.7000203790503363
land_pad2__2425.jpg,3,258,260,762,961,353304,341,375,679,845,158860,0.15713590485196424,0,158860,0.4496411022801893,0.5503588977198107
land_pad2__2425.jpg,4,258,260,762,961,353304,315,339,705,882,211770,0.20947167676256118,0,211770,0.5993988180150805,0.40060118198491945
land_pad2__2425.jpg,5,258,260,762,961,353304,292,307,728,914,264652,0.2617797525549669,0,264652,0.749077281887553,0.25092271811244704
land_pad2__2450.jpg,0,187,241,893,960,507614,540,600,540,600,0,0.0,0,0,0.0,1.0
land_pad2__2450.jpg,1,187,241,893,960,507614,403,461,676,739,75894,0.0750703283572641,0,75894,0.14951124279472197,0.8504887572052781
land_pad2__2450.jpg,2,187,241,893,960,507614,346,403,733,797,152478,0.1508231681985258,0,152478,0.30038178616035016,0.6996182138396498
land_pad2__2450.jpg,3,187,241,893,960,507614,303,359,777,841,228468,0.22598845467530257,0,228468,0.4500821490345026,0.5499178509654974
land_pad2__2450.jpg,4,187,241,893,960,507614,266,322,813,879,304679,0.30137234265637425,0,304679,0.6002178820915105,0.3997821179084895
land_pad2__2450.jpg,5,187,241,893,960,507614,234,289,845,912,380653,0.37652180277989894,0,380653,0.7498867249524245,0.2501132750475755
land_pad2__2475.jpg,0,140,59,1027,957,796526,583,508,583,508,0,0.0,0,0,0.0,1.0
land_pad2__2475.jpg,1,140,59,1027,957,796526,411,334,755,682,119712,0.11841277503234511,0,119712,0.15029264581444923,0.8497073541855508
land_pad2__2475.jpg,2,140,59,1027,957,796526,340,262,826,754,239112,0.23651693617627392,0,239112,0.30019359066747353,0.6998064093325265
land_pad2__2475.jpg,3,140,59,1027,957,796526,286,207,881,809,358190,0.3543025919610039,0,358190,0.44969028004107836,0.5503097199589216
land_pad2__2475.jpg,4,140,59,1027,957,796526,240,160,927,856,478152,0.4729626537629133,0,478152,0.6002967888053874,0.3997032111946126
land_pad2__2475.jpg,5,140,59,1027,957,796526,199,119,967,897,597504,0.5910193358470858,0,597504,0.7501374719720386,0.24986252802796138
land_pad2__2500.jpg,0,171,20,965,961,747154,568,490,568,490,0,0.0,0,0,0.0,1.0
land_pad2__2500.jpg,1,171,20,965,961,747154,414,308,722,672,112112,0.11089525723758917,0,112112,0.15005206423307646,0.8499479357669235
land_pad2__2500.jpg,2,171,20,965,961,747154,350,233,785,748,224025,0.22159367420660514,0,224025,0.2998377844460446,0.7001622155539554
land_pad2__2500.jpg,3,171,20,965,961,747154,301,175,834,806,336323,0.3326729128007502,0,336323,0.4501387933411318,0.5498612066588682
land_pad2__2500.jpg,4,171,20,965,961,747154,260,126,875,855,448335,0.4434692553305136,0,448335,0.6000570163580734,0.3999429836419266
land_pad2__2500.jpg,5,171,20,965,961,747154,224,83,912,898,560720,0.554634549720467,0,560720,0.7504744671111979,0.24952553288880208
land_pad2__2525.jpg,0,62,22,1042,943,902580,552,482,552,482,0,0.0,0,0,0.0,1.0
land_pad2__2525.jpg,1,62,22,1042,943,902580,362,304,742,661,135660,0.1341876926363935,0,135660,0.15030246626337831,0.8496975337366217
land_pad2__2525.jpg,2,62,22,1042,943,902580,283,230,820,734,270648,0.26771067843619806,0,270648,0.2998604001861331,0.7001395998138669
land_pad2__2525.jpg,3,62,22,1042,943,902580,223,173,880,791,406026,0.40161943159652297,0,406026,0.4498504287708569,0.5501495712291431
land_pad2__2525.jpg,4,62,22,1042,943,902580,172,126,931,839,541167,0.5352937568993009,0,541167,0.5995778767533072,0.4004221232466928
land_pad2__2525.jpg,5,62,22,1042,943,902580,127,83,976,881,677502,0.6701491238135181,0,677502,0.7506281991624011,0.2493718008375989
